Employee Timecard,,,,,,,,,,,,,SK-2444,,,,,,,
9/24/2026 2:21:19 PM (UTC-08:00) Pacific Time (US & Canada),,,,,,,,,,,,,2/1/2026 - 9/24/2026,,,,,,,
Employe Name,,,,,Payroll ID,,,,,,,,,,,,,,,
,"Abrams, Morgan",,,,None,,,,,,,,,,,,,,,
Date,,Job,Time In,Time Out,,,Regular,OT,Ext,,Total Hrs,Paid Breaks,,Unpaid Breaks,Rate,Total Pay,,Non-Cash Tips,,Declared Tips
02/20/26,,Team Member,09:00 AM,10:55 AM,,,1.92,0.00,0.00,,1.92,0.00,,0.00,$15.75,$30.24,,$0.00,,$0.00
02/26/26,,Team Member,08:04 AM,12:39 PM,,,4.58,0.00,0.00,,4.58,0.00,,0.00,$15.75,$72.14,,$0.00,,$0.00
03/06/26,,Team Member,08:06 AM,01:44 PM,,,5.63,0.00,0.00,,5.63,0.00,,0.00,$15.75,$88.67,,$0.00,,$0.00
03/07/26,,Team Member,08:04 AM,01:19 PM,,,5.25,0.00,0.00,,5.25,0.00,,0.00,$15.75,$82.69,,$0.00,,$0.00
03/08/26,,Team Member,12:02 PM,10:01 PM,,,9.98,0.00,0.00,,9.98,0.00,,0.00,$15.75,$157.19,,$0.00,,$0.00
03/09/26,,Team Member,06:36 AM,12:41 PM,,,6.08,0.00,0.00,,6.08,0.00,,0.00,$15.75,$95.76,,$13.14,,$0.00
03/11/26,,Team Member,06:58 AM,12:06 PM,,,5.13,0.00,0.00,,5.13,0.00,,0.00,$15.75,$80.80,,$7.43,,$0.00
03/12/26,,Team Member,06:28 AM,02:33 PM,,,8.08,0.00,0.00,,8.08,0.00,,0.00,$15.75,$127.26,,$8.70,,$0.00
03/14/26,,Team Member,07:28 AM,11:32 AM,,,4.07,0.00,0.00,,4.07,0.00,,0.00,$15.75,$64.10,,$2.00,,$0.00
03/15/26,,Team Member,09:29 AM,02:56 PM,,,4.93,0.00,0.00,,4.93,0.00,,0.52,$15.75,$77.65,,$29.88,,$0.00
03/16/26,,Team Member,07:29 AM,11:29 AM,,,4.00,0.00,0.00,,4.00,0.00,,0.00,$15.75,$63.00,,$3.53,,$0.00
03/17/26,,Team Member,06:59 AM,12:36 PM,,,5.62,0.00,0.00,,5.62,0.00,,0.00,$15.75,$88.52,,$1.90,,$0.00
03/21/26,,Team Member,07:30 AM,01:05 PM,,,5.58,0.00,0.00,,5.58,0.00,,0.00,$15.75,$87.89,,$9.24,,$0.00
03/22/26,,Team Member,09:28 AM,01:33 PM,,,4.08,0.00,0.00,,4.08,0.00,,0.00,$15.75,$64.26,,$5.71,,$0.00
03/24/26,,Team Member,06:59 AM,12:42 PM,,,5.72,0.00,0.00,,5.72,0.00,,0.00,$15.75,$90.09,,$2.99,,$0.00
03/28/26,,Team Member,07:29 AM,12:30 PM,,,5.02,0.00,0.00,,5.02,0.00,,0.00,$15.75,$79.07,,$3.45,,$0.00
03/29/26,,Team Member,09:31 AM,01:41 PM,,,4.17,0.00,0.00,,4.17,0.00,,0.00,$15.75,$65.68,,$11.60,,$0.00
03/31/26,,Team Member,06:59 AM,12:30 PM,,,5.52,0.00,0.00,,5.52,0.00,,0.00,$15.75,$86.94,,$14.11,,$0.00
04/04/26,,Team Member,07:29 AM,01:14 PM,,,5.75,0.00,0.00,,5.75,0.00,,0.00,$15.75,$90.56,,$10.77,,$0.00
04/07/26,,Team Member,07:00 AM,12:04 PM,,,5.07,0.00,0.00,,5.07,0.00,,0.00,$15.75,$79.85,,$3.00,,$0.00
04/07/26,,Team Member,12:04 PM,12:05 PM,,,0.02,0.00,0.00,,0.02,0.00,,0.00,$15.75,$0.32,,$0.00,,$0.00
04/11/26,,Team Member,07:30 AM,11:30 AM,,,3.63,0.00,0.00,,3.63,0.00,,0.37,$15.75,$57.17,,$2.58,,$0.00
04/12/26,,Team Member,09:30 AM,01:31 PM,,,4.02,0.00,0.00,,4.02,0.00,,0.00,$15.75,$63.32,,$26.19,,$0.00
04/12/26,,Team Member,01:33 PM,01:40 PM,,,0.12,0.00,0.00,,0.12,0.00,,0.00,$15.75,$1.89,,$0.00,,$0.00
04/13/26,,Team Member,07:01 AM,11:03 AM,,,4.03,0.00,0.00,,4.03,0.00,,0.00,$15.75,$63.47,,$5.30,,$0.00
04/14/26,,Team Member,06:59 AM,12:33 PM,,,5.57,0.00,0.00,,5.57,0.00,,0.00,$15.75,$87.73,,$25.06,,$0.00
04/18/26,,Team Member,07:29 AM,11:35 AM,,,4.10,0.00,0.00,,4.10,0.00,,0.00,$15.75,$64.58,,$11.63,,$0.00
04/20/26,,Team Member,07:01 AM,10:31 AM,,,3.50,0.00,0.00,,3.50,0.00,,0.00,$15.75,$55.13,,$12.62,,$0.00
04/21/26,,Team Member,06:44 AM,12:04 PM,,,5.33,0.00,0.00,,5.33,0.00,,0.00,$15.75,$83.95,,$8.33,,$0.00
04/22/26,,Team Member,08:27 AM,02:32 PM,,,6.08,0.00,0.00,,6.08,0.00,,0.00,$15.75,$95.76,,$10.65,,$0.00
04/25/26,,Team Member,07:29 AM,11:29 AM,,,4.00,0.00,0.00,,4.00,0.00,,0.00,$15.75,$63.00,,$7.78,,$0.00
04/29/26,,Team Member,08:34 AM,01:32 PM,,,4.97,0.00,0.00,,4.97,0.00,,0.00,$15.75,$78.28,,$14.61,,$0.00
05/02/26,,Team Member,08:04 AM,01:03 PM,,,4.50,0.00,0.00,,4.50,0.00,,0.48,$15.75,$70.88,,$9.61,,$0.00
05/06/26,,Team Member,07:31 AM,02:30 PM,,,6.45,0.00,0.00,,6.45,0.00,,0.53,$15.75,$101.59,,$15.49,,$0.00
05/09/26,,Team Member,08:32 AM,03:02 PM,,,5.97,0.00,0.00,,5.97,0.00,,0.53,$15.75,$94.03,,$16.66,,$0.00
05/13/26,,Team Member,06:30 AM,02:44 PM,,,7.72,0.00,0.00,,7.72,0.00,,0.52,$15.75,$121.59,,$29.07,,$0.00
05/14/26,,Team Member,10:01 AM,02:42 PM,,,4.68,0.00,0.00,,4.68,0.00,,0.00,$15.75,$73.71,,$7.53,,$0.00
05/16/26,,Team Member,04:58 PM,09:00 PM,,,4.03,0.00,0.00,,4.03,0.00,,0.00,$15.75,$63.47,,$3.48,,$0.00
05/18/26,,Team Member,08:31 AM,12:36 PM,,,4.08,0.00,0.00,,4.08,0.00,,0.00,$15.75,$64.26,,$1.00,,$0.00
05/19/26,,Team Member,07:29 AM,02:10 PM,,,6.20,0.00,0.00,,6.20,0.00,,0.48,$15.75,$97.65,,$21.23,,$0.00
05/20/26,,Team Member,06:31 AM,03:06 PM,,,8.07,0.00,0.00,,8.07,0.00,,0.52,$15.75,$127.10,,$12.57,,$0.00
05/23/26,,Team Member,10:18 AM,03:00 PM,,,4.70,0.00,0.00,,4.70,0.00,,0.00,$15.75,$74.03,,$6.36,,$0.00
05/25/26,,Team Member,08:29 AM,05:12 PM,,,8.20,0.00,0.00,,8.20,0.00,,0.52,$15.75,$129.15,,$59.57,,$0.00
05/26/26,,Team Member,06:31 AM,02:04 PM,,,7.05,0.00,0.00,,7.05,0.00,,0.50,$15.75,$111.04,,$8.76,,$0.00
05/30/26,,Team Member,07:32 AM,01:10 PM,,,5.02,0.00,0.00,,5.02,0.00,,0.62,$15.75,$79.07,,$5.78,,$0.00
06/13/26,,Team Member,07:31 AM,04:04 PM,,,8.08,0.00,0.00,,8.08,0.00,,0.47,$15.75,$127.26,,$81.49,,$0.00
06/14/26,,Team Member,10:29 AM,02:48 PM,,,4.32,0.00,0.00,,4.32,0.00,,0.00,$15.75,$68.04,,$29.16,,$0.00
06/15/26,,Team Member,02:42 PM,09:34 PM,,,6.38,0.00,0.00,,6.38,0.00,,0.48,$15.75,$100.49,,$1.67,,$0.00
06/18/26,,Team Member,01:28 PM,09:25 PM,,,7.52,0.00,0.00,,7.52,0.00,,0.43,$15.75,$118.44,,$20.64,,$0.00
06/19/26,,Team Member,03:30 PM,09:38 PM,,,6.13,0.00,0.00,,6.13,0.00,,0.00,$15.75,$96.55,,$13.39,,$0.00
06/20/26,,Team Member,07:31 AM,04:10 PM,,,8.20,0.00,0.00,,8.20,0.00,,0.45,$15.75,$129.15,,$52.10,,$0.00
06/21/26,,Team Member,10:30 AM,03:34 PM,,,5.07,0.00,0.00,,5.07,0.00,,0.00,$15.75,$79.85,,$10.89,,$0.00
06/24/26,,Team Member,03:30 PM,09:37 PM,,,5.62,0.00,0.00,,5.62,0.00,,0.50,$15.75,$88.52,,$4.54,,$0.00
07/02/26,,Team Member,01:32 PM,09:30 PM,,,7.45,0.00,0.00,,7.45,0.00,,0.52,$15.75,$117.34,,$6.76,,$0.00
07/03/26,,Team Member,02:32 PM,09:49 PM,,,7.28,0.00,0.00,,7.28,0.00,,0.00,$15.75,$114.66,,$15.91,,$0.00
07/04/26,,Team Member,02:02 PM,08:40 PM,,,6.63,0.00,0.00,,6.63,0.00,,0.00,$15.75,$104.42,,$6.74,,$0.00
07/10/26,,Team Member,06:33 AM,02:06 PM,,,7.02,0.00,0.00,,7.02,0.00,,0.53,$15.75,$110.57,,$25.43,,$0.00
07/11/26,,Team Member,02:07 PM,09:51 PM,,,7.25,0.00,0.00,,7.25,0.00,,0.48,$15.75,$114.19,,$3.68,,$0.00
07/12/26,,Team Member,03:02 PM,09:01 PM,,,5.98,0.00,0.00,,5.98,0.00,,0.00,$15.75,$94.19,,$25.11,,$0.00
07/15/26,,Team Member,01:31 PM,09:47 PM,,,7.75,0.00,0.00,,7.75,0.00,,0.52,$15.75,$122.06,,$16.50,,$0.00
07/16/26,,Team Member,01:30 PM,09:51 PM,,,7.82,0.00,0.00,,7.82,0.00,,0.53,$15.75,$123.17,,$9.18,,$0.00
07/17/26,,Team Member,06:33 AM,02:34 PM,,,7.48,0.00,0.00,,7.48,0.00,,0.53,$15.75,$117.81,,$23.20,,$0.00
07/26/26,,Team Member,03:02 PM,08:49 PM,,,5.33,0.00,0.00,,5.33,0.00,,0.45,$15.75,$83.95,,$14.17,,$0.00
07/31/26,,Team Member,06:35 AM,02:10 PM,,,7.00,0.00,0.00,,7.00,0.00,,0.58,$15.75,$110.25,,$21.46,,$0.00
08/02/26,,Team Member,03:00 PM,09:45 PM,,,6.75,0.00,0.00,,6.75,0.00,,0.00,$15.75,$106.31,,$4.48,,$0.00
08/05/26,,Team Member,01:32 PM,09:55 PM,,,7.90,0.00,0.00,,7.90,0.00,,0.48,$15.75,$124.43,,$26.98,,$0.00
08/06/26,,Team Member,10:01 AM,05:00 PM,,,6.65,0.00,0.00,,6.65,0.00,,0.33,$15.75,$104.74,,$24.14,,$0.00
Totals:,,,,,,,377.83,0.00,0.00,,377.83,0.00,,12.88,"$5,950.92",,,$886.93,,$0.00
,Signature,,,,,Date,,,,Signature,,,,,,,,,Date,
Employe Name,,,,,Payroll ID,,,,,,,,,,,,,,,
,"Adams, Karissa",,,,None,,,,,,,,,,,,,,,
Date,,Job,Time In,Time Out,,,Regular,OT,Ext,,Total Hrs,Paid Breaks,,Unpaid Breaks,Rate,Total Pay,,Non-Cash Tips,,Declared Tips
09/01/26,,Team Member,01:45 PM,06:09 PM,,,4.40,0.00,0.00,,4.40,0.00,,0.00,$15.75,$69.30,,$0.00,,$0.00
09/03/26,,Team Member,08:31 AM,04:44 PM,,,7.63,0.00,0.00,,7.63,0.00,,0.58,$15.75,$120.17,,$0.00,,$0.00
09/05/26,,Team Member,03:31 PM,10:19 PM,,,6.80,0.00,0.00,,6.80,0.00,,0.00,$15.75,$107.10,,$0.00,,$0.00
09/10/26,,Team Member,09:35 AM,03:00 PM,,,4.85,0.00,0.00,,4.85,0.00,,0.57,$15.75,$76.39,,$0.00,,$0.00
09/20/26,,Team Member,01:00 PM,09:09 PM,,,7.55,0.00,0.00,,7.55,0.00,,0.60,$15.75,$118.91,,$0.00,,$0.00
09/22/26,,Team Member,06:56 AM,02:00 PM,,,6.45,0.00,0.00,,6.45,0.00,,0.62,$15.75,$101.59,,$3.40,,$0.00
Totals:,,,,,,,37.68,0.00,0.00,,37.68,0.00,,2.37,$593.46,,,$3.40,,$0.00
,Signature,,,,,Date,,,,Signature,,,,,,,,,Date,
Employe Name,,,,,Payroll ID,,,,,,,,,,,,,,,
,"Atalima, Zayda",,,,None,,,,,,,,,,,,,,,
Date,,Job,Time In,Time Out,,,Regular,OT,Ext,,Total Hrs,Paid Breaks,,Unpaid Breaks,Rate,Total Pay,,Non-Cash Tips,,Declared Tips
02/19/26,,Team Member,02:30 PM,04:04 PM,,,1.57,0.00,0.00,,1.57,0.00,,0.00,$15.75,$24.73,,$0.00,,$0.00
02/28/26,,Team Member,08:00 AM,01:20 PM,,,5.33,0.00,0.00,,5.33,0.00,,0.00,$15.75,$83.95,,$0.00,,$0.00
03/06/26,,Team Member,07:51 AM,01:45 PM,,,5.90,0.00,0.00,,5.90,0.00,,0.00,$15.75,$92.93,,$0.00,,$0.00
03/07/26,,Team Member,07:50 AM,01:18 PM,,,5.47,0.00,0.00,,5.47,0.00,,0.00,$15.75,$86.15,,$0.00,,$0.00
03/08/26,,Team Member,11:54 AM,10:01 PM,,,9.67,0.00,0.00,,9.67,0.00,,0.45,$15.75,$152.30,,$0.00,,$0.00
03/09/26,,Team Member,06:26 AM,01:37 PM,,,7.18,0.00,0.00,,7.18,0.00,,0.00,$15.75,$113.09,,$8.24,,$0.00
03/11/26,,Team Member,06:58 AM,03:08 PM,,,8.17,0.00,0.00,,8.17,0.00,,0.00,$15.75,$128.68,,$29.65,,$0.00
03/12/26,,Team Member,11:56 AM,04:40 PM,,,4.73,0.00,0.00,,4.73,0.00,,0.00,$15.75,$74.50,,$14.07,,$0.00
03/13/26,,Team Member,06:31 AM,11:33 AM,,,5.03,0.00,0.00,,5.03,0.00,,0.00,$15.75,$79.22,,$4.57,,$0.00
03/18/26,,Team Member,11:29 AM,04:07 PM,,,4.63,0.00,0.00,,4.63,0.00,,0.00,$15.75,$72.92,,$3.87,,$0.00
03/20/26,,Team Member,07:30 AM,03:30 PM,,,8.00,0.00,0.00,,8.00,0.00,,0.00,$15.75,$126.00,,$16.94,,$0.00
03/21/26,,Team Member,07:57 AM,03:30 PM,,,7.05,0.00,0.00,,7.05,0.00,,0.50,$15.75,$111.04,,$15.88,,$0.00
03/22/26,,Team Member,12:29 PM,04:00 PM,,,3.52,0.00,0.00,,3.52,0.00,,0.00,$15.75,$55.44,,$9.74,,$0.00
03/25/26,,Team Member,04:26 PM,09:39 PM,,,5.22,0.00,0.00,,5.22,0.00,,0.00,$15.75,$82.22,,$3.30,,$0.00
03/27/26,,Team Member,10:29 AM,04:04 PM,,,5.58,0.00,0.00,,5.58,0.00,,0.00,$15.75,$87.89,,$17.76,,$0.00
03/28/26,,Team Member,07:56 AM,03:38 PM,,,7.28,0.00,0.00,,7.28,0.00,,0.42,$15.75,$114.66,,$8.21,,$0.00
03/29/26,,Team Member,11:59 AM,04:06 PM,,,4.12,0.00,0.00,,4.12,0.00,,0.00,$15.75,$64.89,,$12.22,,$0.00
04/01/26,,Team Member,01:50 PM,06:18 PM,,,4.47,0.00,0.00,,4.47,0.00,,0.00,$15.75,$70.40,,$8.66,,$0.00
04/03/26,,Team Member,12:37 PM,07:32 PM,,,6.43,0.00,0.00,,6.43,0.00,,0.48,$15.75,$101.27,,$21.31,,$0.00
04/09/26,,Team Member,11:51 AM,03:18 PM,,,3.45,0.00,0.00,,3.45,0.00,,0.00,$15.75,$54.34,,$5.65,,$0.00
04/10/26,,Team Member,11:29 AM,04:50 PM,,,5.35,0.00,0.00,,5.35,0.00,,0.00,$15.75,$84.26,,$22.60,,$0.00
04/11/26,,Team Member,11:29 AM,03:41 PM,,,3.78,0.00,0.00,,3.78,0.00,,0.42,$15.75,$59.54,,$14.89,,$0.00
04/12/26,,Team Member,01:30 PM,04:02 PM,,,2.53,0.00,0.00,,2.53,0.00,,0.00,$15.75,$39.85,,$14.29,,$0.00
04/14/26,,Team Member,10:58 AM,04:32 PM,,,5.57,0.00,0.00,,5.57,0.00,,0.00,$15.75,$87.73,,$25.78,,$0.00
04/16/26,,Team Member,07:27 AM,02:08 PM,,,6.25,0.00,0.00,,6.25,0.00,,0.43,$15.75,$98.44,,$30.10,,$0.00
04/17/26,,Team Member,09:54 AM,03:38 PM,,,5.25,0.00,0.00,,5.25,0.00,,0.48,$15.75,$82.69,,$34.96,,$0.00
04/18/26,,Team Member,11:30 AM,03:12 PM,,,3.70,0.00,0.00,,3.70,0.00,,0.00,$15.75,$58.28,,$13.99,,$0.00
04/19/26,,Team Member,01:28 PM,08:35 PM,,,6.10,0.00,0.00,,6.10,0.00,,1.02,$15.75,$96.08,,$8.12,,$0.00
04/22/26,,Team Member,09:32 AM,03:50 PM,,,6.30,0.00,0.00,,6.30,0.00,,0.00,$15.75,$99.23,,$28.45,,$0.00
04/23/26,,Team Member,10:00 AM,03:04 PM,,,4.55,0.00,0.00,,4.55,0.00,,0.52,$15.75,$71.66,,$17.66,,$0.00
04/24/26,,Team Member,11:29 AM,04:36 PM,,,5.12,0.00,0.00,,5.12,0.00,,0.00,$15.75,$80.64,,$19.44,,$0.00
04/25/26,,Team Member,11:28 AM,03:37 PM,,,4.15,0.00,0.00,,4.15,0.00,,0.00,$15.75,$65.36,,$14.40,,$0.00
04/26/26,,Team Member,01:27 PM,04:22 PM,,,2.92,0.00,0.00,,2.92,0.00,,0.00,$15.75,$45.99,,$24.99,,$0.00
04/30/26,,Team Member,10:00 AM,03:06 PM,,,4.65,0.00,0.00,,4.65,0.00,,0.45,$15.75,$73.24,,$12.34,,$0.00
05/01/26,,Team Member,02:00 PM,08:21 PM,,,5.97,0.00,0.00,,5.97,0.00,,0.38,$15.75,$94.03,,$10.33,,$0.00
05/02/26,,Team Member,01:58 PM,09:08 PM,,,6.67,0.00,0.00,,6.67,0.00,,0.50,$15.75,$105.05,,$30.02,,$0.00
05/04/26,,Team Member,06:30 AM,01:04 PM,,,6.03,0.00,0.00,,6.03,0.00,,0.53,$15.75,$94.97,,$12.59,,$0.00
05/05/26,,Team Member,11:14 AM,04:07 PM,,,3.75,0.00,0.00,,3.75,0.00,,1.13,$15.75,$59.06,,$10.92,,$0.00
05/06/26,,Team Member,06:31 AM,10:38 AM,,,4.12,0.00,0.00,,4.12,0.00,,0.00,$15.75,$64.89,,$10.93,,$0.00
05/07/26,,Team Member,09:01 AM,03:28 PM,,,6.45,0.00,0.00,,6.45,0.00,,0.00,$15.75,$101.59,,$14.23,,$0.00
05/08/26,,Team Member,06:30 AM,02:16 PM,,,7.17,0.00,0.00,,7.17,0.00,,0.60,$15.75,$112.93,,$25.65,,$0.00
05/12/26,,Team Member,02:29 PM,09:37 PM,,,7.13,0.00,0.00,,7.13,0.00,,0.00,$15.75,$112.30,,$41.55,,$0.00
05/14/26,,Team Member,02:04 PM,09:46 PM,,,7.70,0.00,0.00,,7.70,0.00,,0.00,$15.75,$121.28,,$21.15,,$0.00
05/18/26,,Team Member,11:00 AM,04:11 PM,,,5.18,0.00,0.00,,5.18,0.00,,0.00,$15.75,$81.59,,$19.72,,$0.00
05/19/26,,Team Member,01:59 PM,10:27 PM,,,7.93,0.00,0.00,,7.93,0.00,,0.53,$15.75,$124.90,,$37.90,,$0.00
05/20/26,,Team Member,01:59 PM,10:35 PM,,,8.03,0.00,0.00,,8.03,0.00,,0.57,$15.75,$126.47,,$17.85,,$0.00
05/24/26,,Team Member,02:00 PM,08:48 PM,,,6.80,0.00,0.00,,6.80,0.00,,0.00,$15.75,$107.10,,$47.04,,$0.00
05/25/26,,Team Member,04:00 PM,09:49 PM,,,5.82,0.00,0.00,,5.82,0.00,,0.00,$15.75,$91.67,,$14.45,,$0.00
05/26/26,,Team Member,02:02 PM,09:29 PM,,,6.92,0.00,0.00,,6.92,0.00,,0.53,$15.75,$108.99,,$39.58,,$0.00
05/28/26,,Team Member,01:29 PM,09:28 PM,,,7.48,0.00,0.00,,7.48,0.00,,0.50,$15.75,$117.81,,$65.37,,$0.00
05/30/26,,Team Member,08:26 AM,01:42 PM,,,4.75,0.00,0.00,,4.75,0.00,,0.52,$15.75,$74.81,,$12.61,,$0.00
05/31/26,,Team Member,02:54 PM,08:36 PM,,,5.70,0.00,0.00,,5.70,0.00,,0.00,$15.75,$89.78,,$7.64,,$0.00
06/01/26,,Team Member,01:29 PM,09:49 PM,,,7.80,0.00,0.00,,7.80,0.00,,0.53,$15.75,$122.85,,$26.60,,$0.00
06/02/26,,Team Member,02:29 PM,09:32 PM,,,6.52,0.00,0.00,,6.52,0.00,,0.53,$15.75,$102.69,,$56.47,,$0.00
06/08/26,,Team Member,06:31 AM,01:28 PM,,,6.43,0.00,0.00,,6.43,0.00,,0.52,$15.75,$101.27,,$18.35,,$0.00
06/09/26,,Team Member,07:00 AM,03:06 PM,,,7.60,0.00,0.00,,7.60,0.00,,0.50,$15.75,$119.70,,$35.72,,$0.00
06/10/26,,Team Member,01:25 PM,10:33 PM,,,8.82,0.00,0.00,,8.82,0.00,,0.32,$15.75,$138.92,,$41.27,,$0.00
06/11/26,,Team Member,01:29 PM,09:29 PM,,,7.53,0.00,0.00,,7.53,0.00,,0.47,$15.75,$118.60,,$45.65,,$0.00
06/14/26,,Team Member,01:55 PM,08:32 PM,,,6.62,0.00,0.00,,6.62,0.00,,0.00,$15.75,$104.27,,$39.30,,$0.00
06/15/26,,Team Member,01:28 PM,09:34 PM,,,7.58,0.00,0.00,,7.58,0.00,,0.52,$15.75,$119.39,,$16.73,,$0.00
06/16/26,,Team Member,01:28 PM,09:34 PM,,,7.58,0.00,0.00,,7.58,0.00,,0.52,$15.75,$119.39,,$33.25,,$0.00
06/17/26,,Team Member,01:31 PM,09:20 PM,,,7.28,0.00,0.00,,7.28,0.00,,0.53,$15.75,$114.66,,$53.30,,$0.00
06/21/26,,Team Member,01:58 PM,09:06 PM,,,6.82,0.00,0.00,,6.82,0.00,,0.32,$15.75,$107.42,,$16.71,,$0.00
06/22/26,,Team Member,01:25 PM,10:09 PM,,,8.27,0.00,0.00,,8.27,0.00,,0.47,$15.75,$130.25,,$30.29,,$0.00
06/23/26,,Team Member,01:30 PM,09:34 PM,,,7.53,0.00,0.00,,7.53,0.00,,0.53,$15.75,$118.60,,$41.15,,$0.00
06/24/26,,Team Member,01:30 PM,09:37 PM,,,7.63,0.00,0.00,,7.63,0.00,,0.48,$15.75,$120.17,,$35.45,,$0.00
06/25/26,,Team Member,01:30 PM,09:23 PM,,,7.42,0.00,0.00,,7.42,0.00,,0.47,$15.75,$116.87,,$44.21,,$0.00
06/28/26,,Team Member,02:01 PM,08:28 PM,,,5.97,0.00,0.00,,5.97,0.00,,0.48,$15.75,$94.03,,$30.27,,$0.00
06/29/26,,Team Member,01:31 PM,10:15 PM,,,8.28,0.00,0.00,,8.28,0.00,,0.45,$15.75,$130.41,,$17.70,,$0.00
06/30/26,,Team Member,01:31 PM,09:39 PM,,,7.65,0.00,0.00,,7.65,0.00,,0.48,$15.75,$120.49,,$34.26,,$0.00
07/02/26,,Team Member,01:30 PM,09:29 PM,,,7.48,0.00,0.00,,7.48,0.00,,0.50,$15.75,$117.81,,$28.95,,$0.00
07/05/26,,Team Member,03:28 PM,08:34 PM,,,4.58,0.00,0.00,,4.58,0.00,,0.52,$15.75,$72.14,,$20.24,,$0.00
07/06/26,,Team Member,01:25 PM,09:52 PM,,,7.97,0.00,0.00,,7.97,0.00,,0.48,$15.75,$125.53,,$31.57,,$0.00
07/07/26,,Team Member,01:31 PM,09:55 PM,,,7.90,0.00,0.00,,7.90,0.00,,0.50,$15.75,$124.43,,$35.83,,$0.00
07/09/26,,Team Member,01:26 PM,10:01 PM,,,8.30,0.00,0.00,,8.30,0.00,,0.28,$15.75,$130.73,,$43.82,,$0.00
07/11/26,,Team Member,07:31 AM,04:24 PM,,,8.37,0.00,0.00,,8.37,0.00,,0.52,$15.75,$131.83,,$67.39,,$0.00
07/12/26,,Team Member,03:33 PM,09:01 PM,,,5.47,0.00,0.00,,5.47,0.00,,0.00,$15.75,$86.15,,$8.47,,$0.00
07/13/26,,Team Member,01:26 PM,10:19 PM,,,8.50,0.00,0.00,,8.50,0.00,,0.38,$15.75,$133.88,,$57.14,,$0.00
07/14/26,,Team Member,01:32 PM,09:38 PM,,,7.62,0.00,0.00,,7.62,0.00,,0.48,$15.75,$120.02,,$50.28,,$0.00
07/19/26,,Team Member,03:28 PM,09:11 PM,,,5.72,0.00,0.00,,5.72,0.00,,0.00,$15.75,$90.09,,$20.93,,$0.00
07/20/26,,Team Member,01:30 PM,10:06 PM,,,8.18,0.00,0.00,,8.18,0.00,,0.42,$15.75,$128.84,,$68.87,,$0.00
07/21/26,,Team Member,01:32 PM,09:50 PM,,,7.93,0.00,0.00,,7.93,0.00,,0.37,$15.75,$124.90,,$52.01,,$0.00
07/23/26,,Team Member,09:00 AM,05:00 PM,,,7.48,0.00,0.00,,7.48,0.00,,0.52,$15.75,$117.81,,$36.21,,$0.00
07/26/26,,Team Member,03:28 PM,08:49 PM,,,4.92,0.00,0.00,,4.92,0.00,,0.43,$15.75,$77.49,,$15.23,,$0.00
07/27/26,,Team Member,01:31 PM,10:57 PM,,,8.62,0.00,0.00,,8.62,0.00,,0.82,$15.75,$135.77,,$49.45,,$0.00
07/28/26,,Team Member,01:31 PM,09:46 PM,,,7.73,0.00,0.00,,7.73,0.00,,0.52,$15.75,$121.75,,$32.10,,$0.00
07/30/26,,Team Member,01:29 PM,09:46 PM,,,7.78,0.00,0.00,,7.78,0.00,,0.50,$15.75,$122.54,,$41.93,,$0.00
07/31/26,,Team Member,05:16 PM,09:13 PM,,,3.95,0.00,0.00,,3.95,0.00,,0.00,$15.75,$62.21,,$27.57,,$0.00
08/01/26,,Team Member,07:29 AM,04:03 PM,,,8.05,0.00,0.00,,8.05,0.00,,0.52,$15.75,$126.79,,$54.79,,$0.00
08/02/26,,Team Member,03:29 PM,09:45 PM,,,6.22,0.00,0.00,,6.22,0.00,,0.05,$15.75,$97.97,,$21.97,,$0.00
08/03/26,,Team Member,01:29 PM,10:29 PM,,,6.27,2.73,0.00,,9.00,0.00,,0.00,$15.75,$163.25,,$51.52,,$0.00
08/04/26,,Team Member,06:32 AM,02:37 PM,,,7.58,0.00,0.00,,7.58,0.00,,0.50,$15.75,$119.39,,$61.08,,$0.00
08/05/26,,Team Member,06:32 AM,02:02 PM,,,7.00,0.00,0.00,,7.00,0.00,,0.50,$15.75,$110.25,,$11.59,,$0.00
08/07/26,,Team Member,06:51 AM,02:11 PM,,,6.78,0.00,0.00,,6.78,0.00,,0.55,$15.75,$106.79,,$37.45,,$0.00
08/09/26,,Team Member,09:30 AM,04:09 PM,,,6.12,0.00,0.00,,6.12,0.00,,0.53,$15.75,$96.39,,$50.72,,$0.00
08/10/26,,Team Member,06:30 AM,02:40 PM,,,7.28,0.00,0.00,,7.28,0.00,,0.88,$15.75,$114.66,,$20.64,,$0.00
08/11/26,,Team Member,07:59 AM,04:04 PM,,,7.58,0.00,0.00,,7.58,0.00,,0.50,$15.75,$119.39,,$27.69,,$0.00
08/12/26,,Team Member,07:30 AM,03:37 PM,,,8.12,0.00,0.00,,8.12,0.00,,0.00,$15.75,$127.89,,$41.06,,$0.00
08/14/26,,Team Member,09:31 AM,04:35 PM,,,6.57,0.00,0.00,,6.57,0.00,,0.50,$15.75,$103.48,,$57.90,,$0.00
08/15/26,,Team Member,07:31 AM,01:42 PM,,,6.18,0.00,0.00,,6.18,0.00,,0.00,$15.75,$97.34,,$75.89,,$0.00
08/18/26,,Team Member,08:02 AM,04:31 PM,,,7.95,0.00,0.00,,7.95,0.00,,0.53,$15.75,$125.21,,$57.07,,$0.00
08/19/26,,Team Member,07:31 AM,03:35 PM,,,7.57,0.00,0.00,,7.57,0.00,,0.50,$15.75,$119.23,,$52.42,,$0.00
08/20/26,,Team Member,07:33 AM,03:50 PM,,,7.73,0.00,0.00,,7.73,0.00,,0.55,$15.75,$121.75,,$38.59,,$0.00
08/21/26,,Team Member,07:31 AM,04:00 PM,,,8.48,0.00,0.00,,8.48,0.00,,0.00,$15.75,$133.56,,$63.00,,$0.00
08/25/26,,Team Member,08:01 AM,04:46 PM,,,8.25,0.00,0.00,,8.25,0.00,,0.50,$15.75,$129.94,,$58.57,,$0.00
08/26/26,,Team Member,07:31 AM,03:42 PM,,,7.67,0.00,0.00,,7.67,0.00,,0.52,$15.75,$120.80,,$36.89,,$0.00
08/27/26,,Team Member,07:31 AM,03:13 PM,,,7.18,0.00,0.00,,7.18,0.00,,0.52,$15.75,$113.09,,$65.09,,$0.00
08/28/26,,Team Member,09:31 AM,06:07 PM,,,8.10,0.00,0.00,,8.10,0.00,,0.50,$15.75,$127.58,,$50.52,,$0.00
09/01/26,,Team Member,06:33 AM,04:51 PM,,,9.78,0.00,0.00,,9.78,0.00,,0.52,$15.75,$154.04,,$56.00,,$0.00
09/02/26,,Team Member,07:31 AM,03:31 PM,,,7.48,0.00,0.00,,7.48,0.00,,0.52,$15.75,$117.81,,$29.14,,$0.00
09/03/26,,Team Member,08:30 AM,04:29 PM,,,7.50,0.00,0.00,,7.50,0.00,,0.48,$15.75,$118.13,,$62.68,,$0.00
09/04/26,,Team Member,07:26 AM,03:56 PM,,,8.50,0.00,0.00,,8.50,0.00,,0.00,$15.75,$133.88,,$92.18,,$0.00
09/08/26,,Team Member,08:01 AM,04:31 PM,,,8.00,0.00,0.00,,8.00,0.00,,0.50,$15.75,$126.00,,$62.96,,$0.00
09/09/26,,Team Member,07:30 AM,03:30 PM,,,7.48,0.00,0.00,,7.48,0.00,,0.52,$15.75,$117.81,,$16.81,,$0.00
09/10/26,,Team Member,07:30 AM,03:02 PM,,,7.00,0.00,0.00,,7.00,0.00,,0.53,$15.75,$110.25,,$47.55,,$0.00
09/11/26,,Team Member,09:31 AM,05:37 PM,,,7.60,0.00,0.00,,7.60,0.00,,0.50,$15.75,$119.70,,$33.63,,$0.00
09/15/26,,Team Member,08:02 AM,04:30 PM,,,7.95,0.00,0.00,,7.95,0.00,,0.52,$15.75,$125.21,,$44.82,,$0.00
09/16/26,,Team Member,07:31 AM,01:34 PM,,,5.50,0.00,0.00,,5.50,0.00,,0.55,$15.75,$86.63,,$15.81,,$0.00
09/17/26,,Team Member,07:01 AM,03:01 PM,,,7.47,0.00,0.00,,7.47,0.00,,0.53,$15.75,$117.65,,$27.73,,$0.00
09/18/26,,Team Member,09:32 AM,05:41 PM,,,7.78,0.00,0.00,,7.78,0.00,,0.37,$15.75,$122.54,,$50.18,,$0.00
09/21/26,,Team Member,08:01 AM,04:04 PM,,,7.53,0.00,0.00,,7.53,0.00,,0.52,$15.75,$118.60,,$43.43,,$0.00
09/24/26,,Team Member,06:31 AM,,,,7.33,0.00,0.00,,7.33,0.00,,0.50,$15.75,$115.45,,$13.16,,$0.00
Totals:,,,,,,,808.05,2.73,0.00,,810.78,0.00,,41.02,"$12,791.18",,,"$3,736.81",,$0.00
,Signature,,,,,Date,,,,Signature,,,,,,,,,Date,
Employe Name,,,,,Payroll ID,,,,,,,,,,,,,,,
,"Beasley, Caelynn",,,,None,,,,,,,,,,,,,,,
Date,,Job,Time In,Time Out,,,Regular,OT,Ext,,Total Hrs,Paid Breaks,,Unpaid Breaks,Rate,Total Pay,,Non-Cash Tips,,Declared Tips
08/24/26,,Team Member,04:30 PM,08:30 PM,,,4.00,0.00,0.00,,4.00,0.00,,0.00,$15.75,$63.00,,$0.00,,$0.00
09/01/26,,Team Member,03:00 PM,08:04 PM,,,5.07,0.00,0.00,,5.07,0.00,,0.00,$15.75,$79.85,,$0.00,,$0.00
09/13/26,,Team Member,09:56 AM,02:04 PM,,,4.13,0.00,0.00,,4.13,0.00,,0.00,$15.75,$65.05,,$0.00,,$0.00
09/16/26,,Team Member,03:58 PM,09:30 PM,,,5.53,0.00,0.00,,5.53,0.00,,0.00,$15.75,$87.10,,$0.00,,$0.00
09/23/26,,Team Member,02:02 PM,09:50 PM,,,7.15,0.00,0.00,,7.15,0.00,,0.65,$15.75,$112.61,,$0.00,,$0.00
Totals:,,,,,,,25.88,0.00,0.00,,25.88,0.00,,0.65,$407.61,,,$0.00,,$0.00
,Signature,,,,,Date,,,,Signature,,,,,,,,,Date,
Employe Name,,,,,Payroll ID,,,,,,,,,,,,,,,
,"Coots, Ashlyn",,,,None,,,,,,,,,,,,,,,
Date,,Job,Time In,Time Out,,,Regular,OT,Ext,,Total Hrs,Paid Breaks,,Unpaid Breaks,Rate,Total Pay,,Non-Cash Tips,,Declared Tips
08/23/26,,Team Member,03:00 PM,07:00 PM,,,4.00,0.00,0.00,,4.00,0.00,,0.00,$15.75,$63.00,,$0.00,,$0.00
08/30/26,,Team Member,02:27 PM,09:01 PM,,,6.57,0.00,0.00,,6.57,0.00,,0.00,$15.75,$103.48,,$0.00,,$0.00
09/05/26,,Team Member,07:29 AM,02:04 PM,,,6.10,0.00,0.00,,6.10,0.00,,0.48,$15.75,$96.08,,$0.00,,$0.00
09/11/26,,Team Member,04:28 PM,09:36 PM,,,5.13,0.00,0.00,,5.13,0.00,,0.00,$15.75,$80.80,,$0.00,,$0.00
09/12/26,,Team Member,07:31 AM,03:35 PM,,,7.60,0.00,0.00,,7.60,0.00,,0.47,$15.75,$119.70,,$0.00,,$0.00
09/18/26,,Team Member,03:27 PM,09:31 PM,,,5.60,0.00,0.00,,5.60,0.00,,0.47,$15.75,$88.20,,$0.00,,$0.00
Totals:,,,,,,,35.00,0.00,0.00,,35.00,0.00,,1.42,$551.26,,,$0.00,,$0.00
,Signature,,,,,Date,,,,Signature,,,,,,,,,Date,
Employe Name,,,,,Payroll ID,,,,,,,,,,,,,,,
,"Crosby, Madison",,,,None,,,,,,,,,,,,,,,
Date,,Job,Time In,Time Out,,,Regular,OT,Ext,,Total Hrs,Paid Breaks,,Unpaid Breaks,Rate,Total Pay,,Non-Cash Tips,,Declared Tips
02/19/26,,Team Member,02:30 PM,04:04 PM,,,1.57,0.00,0.00,,1.57,0.00,,0.00,$15.75,$24.73,,$0.00,,$0.00
02/28/26,,Team Member,08:04 AM,01:38 PM,,,5.57,0.00,0.00,,5.57,0.00,,0.00,$15.75,$87.73,,$0.00,,$0.00
03/06/26,,Team Member,02:27 PM,07:02 PM,,,4.58,0.00,0.00,,4.58,0.00,,0.00,$15.75,$72.14,,$0.00,,$0.00
03/07/26,,Team Member,02:31 PM,08:06 PM,,,5.58,0.00,0.00,,5.58,0.00,,0.00,$15.75,$87.89,,$0.00,,$0.00
03/08/26,,Team Member,11:55 AM,10:01 PM,,,10.03,0.00,0.00,,10.03,0.00,,0.07,$15.75,$157.97,,$0.00,,$0.00
03/09/26,,Team Member,01:01 PM,08:54 PM,,,7.88,0.00,0.00,,7.88,0.00,,0.00,$15.75,$124.11,,$15.26,,$0.00
03/11/26,,Team Member,03:27 PM,08:36 PM,,,5.15,0.00,0.00,,5.15,0.00,,0.00,$15.75,$81.11,,$7.98,,$0.00
03/13/26,,Team Member,03:00 PM,09:44 PM,,,6.73,0.00,0.00,,6.73,0.00,,0.00,$15.75,$106.00,,$11.29,,$0.00
03/14/26,,Team Member,04:00 PM,09:18 PM,,,5.30,0.00,0.00,,5.30,0.00,,0.00,$15.75,$83.48,,$21.05,,$0.00
03/19/26,,Team Member,05:26 PM,10:20 PM,,,4.90,0.00,0.00,,4.90,0.00,,0.00,$15.75,$77.18,,$11.26,,$0.00
03/21/26,,Team Member,04:00 PM,10:22 PM,,,6.37,0.00,0.00,,6.37,0.00,,0.00,$15.75,$100.33,,$8.47,,$0.00
03/22/26,,Team Member,01:56 PM,07:17 PM,,,5.35,0.00,0.00,,5.35,0.00,,0.00,$15.75,$84.26,,$23.69,,$0.00
03/28/26,,Team Member,03:55 PM,09:54 PM,,,5.98,0.00,0.00,,5.98,0.00,,0.00,$15.75,$94.19,,$0.00,,$0.00
04/09/26,,Team Member,02:56 PM,10:04 PM,,,7.13,0.00,0.00,,7.13,0.00,,0.00,$15.75,$112.30,,$25.92,,$0.00
04/10/26,,Team Member,03:30 PM,10:03 PM,,,6.55,0.00,0.00,,6.55,0.00,,0.00,$15.75,$103.16,,$25.52,,$0.00
04/11/26,,Team Member,03:27 PM,09:41 PM,,,5.80,0.00,0.00,,5.80,0.00,,0.43,$15.75,$91.35,,$27.20,,$0.00
04/12/26,,Team Member,01:28 PM,04:33 PM,,,3.08,0.00,0.00,,3.08,0.00,,0.00,$15.75,$48.51,,$4.95,,$0.00
04/15/26,,Team Member,04:27 PM,09:46 PM,,,5.32,0.00,0.00,,5.32,0.00,,0.00,$15.75,$83.79,,$18.33,,$0.00
04/16/26,,Team Member,02:59 PM,09:43 PM,,,6.73,0.00,0.00,,6.73,0.00,,0.00,$15.75,$106.00,,$16.65,,$0.00
04/17/26,,Team Member,03:28 PM,10:15 PM,,,6.78,0.00,0.00,,6.78,0.00,,0.00,$15.75,$106.79,,$15.30,,$0.00
04/24/26,,Team Member,03:29 PM,10:49 PM,,,7.33,0.00,0.00,,7.33,0.00,,0.00,$15.75,$115.45,,$20.18,,$0.00
04/25/26,,Team Member,03:29 PM,09:30 PM,,,5.50,0.00,0.00,,5.50,0.00,,0.52,$15.75,$86.63,,$15.67,,$0.00
04/26/26,,Team Member,01:27 PM,04:06 PM,,,2.65,0.00,0.00,,2.65,0.00,,0.00,$15.75,$41.74,,$2.00,,$0.00
04/30/26,,Team Member,02:55 PM,07:30 PM,,,4.20,0.00,0.00,,4.20,0.00,,0.38,$15.75,$66.15,,$4.72,,$0.00
05/01/26,,Team Member,03:56 PM,09:50 PM,,,5.43,0.00,0.00,,5.43,0.00,,0.47,$15.75,$85.52,,$9.39,,$0.00
05/03/26,,Team Member,09:59 AM,03:35 PM,,,5.60,0.00,0.00,,5.60,0.00,,0.00,$15.75,$88.20,,$28.22,,$0.00
05/05/26,,Team Member,02:55 PM,09:49 PM,,,6.38,0.00,0.00,,6.38,0.00,,0.52,$15.75,$100.49,,$10.45,,$0.00
05/08/26,,Team Member,03:30 PM,10:00 PM,,,5.77,0.00,0.00,,5.77,0.00,,0.73,$15.75,$90.88,,$16.86,,$0.00
05/10/26,,Team Member,10:28 AM,04:04 PM,,,5.08,0.00,0.00,,5.08,0.00,,0.52,$15.75,$80.01,,$45.58,,$0.00
05/18/26,,Team Member,01:56 PM,09:44 PM,,,7.48,0.00,0.00,,7.48,0.00,,0.32,$15.75,$117.81,,$23.94,,$0.00
05/21/26,,Team Member,02:57 PM,10:07 PM,,,7.17,0.00,0.00,,7.17,0.00,,0.00,$15.75,$112.93,,$35.88,,$0.00
05/22/26,,Team Member,10:59 AM,06:40 PM,,,7.68,0.00,0.00,,7.68,0.00,,0.00,$15.75,$120.96,,$25.88,,$0.00
05/27/26,,Team Member,01:20 PM,09:40 PM,,,7.60,0.00,0.00,,7.60,0.00,,0.73,$15.75,$119.70,,$18.74,,$0.00
05/31/26,,Team Member,02:54 PM,08:36 PM,,,5.22,0.00,0.00,,5.22,0.00,,0.48,$15.75,$82.22,,$36.28,,$0.00
06/01/26,,Team Member,12:55 PM,09:10 PM,,,7.78,0.00,0.00,,7.78,0.00,,0.47,$15.75,$122.54,,$34.52,,$0.00
06/02/26,,Team Member,07:52 AM,03:34 PM,,,7.22,0.00,0.00,,7.22,0.00,,0.48,$15.75,$113.72,,$40.27,,$0.00
06/03/26,,Team Member,01:58 PM,09:40 PM,,,7.23,0.00,0.00,,7.23,0.00,,0.47,$15.75,$113.87,,$43.46,,$0.00
06/05/26,,Team Member,02:52 PM,09:36 PM,,,5.97,0.00,0.00,,5.97,0.00,,0.77,$15.75,$94.03,,$31.45,,$0.00
06/06/26,,Team Member,07:28 AM,03:32 PM,,,7.60,0.00,0.00,,7.60,0.00,,0.47,$15.75,$119.70,,$41.85,,$0.00
06/07/26,,Team Member,03:51 PM,08:21 PM,,,4.50,0.00,0.00,,4.50,0.00,,0.00,$15.75,$70.88,,$17.50,,$0.00
06/08/26,,Team Member,01:24 PM,05:23 PM,,,3.98,0.00,0.00,,3.98,0.00,,0.00,$15.75,$62.69,,$23.30,,$0.00
06/08/26,,Team Member,05:24 PM,09:56 PM,,,3.50,0.55,0.00,,4.05,0.00,,0.48,$15.75,$68.12,,$10.82,,$0.00
06/09/26,,Team Member,06:30 AM,01:34 PM,,,6.58,0.00,0.00,,6.58,0.00,,0.48,$15.75,$103.64,,$20.96,,$0.00
06/10/26,,Team Member,01:55 PM,10:33 PM,,,8.17,0.00,0.00,,8.17,0.00,,0.47,$15.75,$128.68,,$22.94,,$0.00
06/12/26,,Team Member,07:24 AM,02:32 PM,,,6.70,0.00,0.00,,6.70,0.00,,0.43,$15.75,$105.53,,$34.63,,$0.00
06/13/26,,Team Member,07:30 AM,03:31 PM,,,7.52,0.00,0.00,,7.52,0.00,,0.50,$15.75,$118.44,,$37.14,,$0.00
06/15/26,,Team Member,01:26 PM,09:39 PM,,,7.73,0.00,0.00,,7.73,0.00,,0.48,$15.75,$121.75,,$12.43,,$0.00
06/16/26,,Team Member,01:29 PM,09:34 PM,,,7.58,0.00,0.00,,7.58,0.00,,0.50,$15.75,$119.39,,$26.30,,$0.00
06/17/26,,Team Member,06:57 AM,01:53 PM,,,6.45,0.00,0.00,,6.45,0.00,,0.48,$15.75,$101.59,,$31.69,,$0.00
06/19/26,,Team Member,06:58 AM,02:14 PM,,,7.27,0.00,0.00,,7.27,0.00,,0.00,$15.75,$114.50,,$30.99,,$0.00
06/20/26,,Team Member,07:31 AM,10:00 AM,,,2.48,0.00,0.00,,2.48,0.00,,0.00,$15.75,$39.06,,$4.29,,$0.00
06/22/26,,Team Member,01:27 PM,10:09 PM,,,8.22,0.00,0.00,,8.22,0.00,,0.48,$15.75,$129.47,,$8.62,,$0.00
06/23/26,,Team Member,06:29 AM,01:39 PM,,,6.70,0.00,0.00,,6.70,0.00,,0.47,$15.75,$105.53,,$16.36,,$0.00
06/24/26,,Team Member,01:57 PM,09:36 PM,,,7.22,0.00,0.00,,7.22,0.00,,0.43,$15.75,$113.72,,$14.06,,$0.00
06/26/26,,Team Member,07:29 AM,02:41 PM,,,6.70,0.00,0.00,,6.70,0.00,,0.50,$15.75,$105.53,,$13.72,,$0.00
06/29/26,,Team Member,01:27 PM,10:14 PM,,,8.30,0.00,0.00,,8.30,0.00,,0.48,$15.75,$130.73,,$5.33,,$0.00
06/30/26,,Team Member,06:30 AM,01:32 PM,,,6.57,0.00,0.00,,6.57,0.00,,0.47,$15.75,$103.48,,$22.90,,$0.00
07/01/26,,Team Member,01:29 PM,10:30 PM,,,8.52,0.00,0.00,,8.52,0.00,,0.50,$15.75,$134.19,,$9.63,,$0.00
07/08/26,,Team Member,01:58 PM,11:18 PM,,,9.33,0.00,0.00,,9.33,0.00,,0.00,$15.75,$146.95,,$47.72,,$0.00
07/11/26,,Team Member,01:56 PM,09:51 PM,,,7.43,0.00,0.00,,7.43,0.00,,0.48,$15.75,$117.02,,$4.85,,$0.00
07/13/26,,Team Member,01:58 PM,10:19 PM,,,7.90,0.00,0.00,,7.90,0.00,,0.45,$15.75,$124.43,,$6.26,,$0.00
07/15/26,,Team Member,06:38 AM,02:05 PM,,,6.98,0.00,0.00,,6.98,0.00,,0.47,$15.75,$109.94,,$34.16,,$0.00
07/18/26,,Team Member,07:30 AM,03:33 PM,,,7.58,0.00,0.00,,7.58,0.00,,0.47,$15.75,$119.39,,$28.18,,$0.00
07/20/26,,Team Member,06:31 AM,12:35 PM,,,5.58,0.00,0.00,,5.58,0.00,,0.48,$15.75,$87.89,,$8.25,,$0.00
07/22/26,,Team Member,06:35 AM,11:32 AM,,,3.92,0.00,0.00,,3.92,0.00,,1.03,$15.75,$61.74,,$12.69,,$0.00
07/24/26,,Team Member,07:28 AM,02:01 PM,,,5.87,0.00,0.00,,5.87,0.00,,0.68,$15.75,$92.45,,$33.44,,$0.00
07/25/26,,Team Member,01:59 PM,10:03 PM,,,7.58,0.00,0.00,,7.58,0.00,,0.48,$15.75,$119.39,,$28.05,,$0.00
07/29/26,,Team Member,06:57 AM,02:03 PM,,,6.63,0.00,0.00,,6.63,0.00,,0.47,$15.75,$104.42,,$22.73,,$0.00
07/31/26,,Team Member,06:31 AM,02:33 PM,,,7.57,0.00,0.00,,7.57,0.00,,0.47,$15.75,$119.23,,$12.89,,$0.00
08/01/26,,Team Member,01:57 PM,09:56 PM,,,7.47,0.00,0.00,,7.47,0.00,,0.52,$15.75,$117.65,,$9.67,,$0.00
08/02/26,,Team Member,10:57 AM,03:41 PM,,,4.73,0.00,0.00,,4.73,0.00,,0.00,$15.75,$74.50,,$15.68,,$0.00
08/03/26,,Team Member,01:30 PM,10:29 PM,,,8.33,0.00,0.00,,8.33,0.00,,0.65,$15.75,$131.20,,$24.65,,$0.00
08/07/26,,Team Member,03:25 PM,10:27 PM,,,7.03,0.00,0.00,,7.03,0.00,,0.00,$15.75,$110.72,,$44.26,,$0.00
08/08/26,,Team Member,02:01 PM,10:09 PM,,,7.67,0.00,0.00,,7.67,0.00,,0.47,$15.75,$120.80,,$35.59,,$0.00
08/09/26,,Team Member,10:33 AM,04:55 PM,,,5.90,0.00,0.00,,5.90,0.00,,0.47,$15.75,$92.93,,$26.97,,$0.00
08/14/26,,Team Member,03:33 PM,10:32 PM,,,6.98,0.00,0.00,,6.98,0.00,,0.00,$15.75,$109.94,,$15.60,,$0.00
08/16/26,,Team Member,09:30 AM,01:50 PM,,,4.33,0.00,0.00,,4.33,0.00,,0.00,$15.75,$68.20,,$16.40,,$0.00
08/22/26,,Team Member,01:31 PM,09:53 PM,,,7.87,0.00,0.00,,7.87,0.00,,0.50,$15.75,$123.95,,$5.77,,$0.00
08/23/26,,Team Member,09:32 AM,03:00 PM,,,5.47,0.00,0.00,,5.47,0.00,,0.00,$15.75,$86.15,,$28.16,,$0.00
08/24/26,,Team Member,02:57 PM,10:07 PM,,,6.70,0.00,0.00,,6.70,0.00,,0.47,$15.75,$105.53,,$23.02,,$0.00
08/29/26,,Team Member,01:33 PM,09:59 PM,,,7.93,0.00,0.00,,7.93,0.00,,0.50,$15.75,$124.90,,$26.62,,$0.00
08/30/26,,Team Member,09:32 AM,02:42 PM,,,4.70,0.00,0.00,,4.70,0.00,,0.47,$15.75,$74.03,,$12.15,,$0.00
09/05/26,,Team Member,01:27 PM,10:19 PM,,,8.37,0.00,0.00,,8.37,0.00,,0.50,$15.75,$131.83,,$15.69,,$0.00
09/06/26,,Team Member,12:43 PM,08:52 PM,,,7.70,0.00,0.00,,7.70,0.00,,0.45,$15.75,$121.28,,$16.39,,$0.00
09/09/26,,Team Member,03:26 PM,09:32 PM,,,5.55,0.00,0.00,,5.55,0.00,,0.55,$15.75,$87.41,,$4.66,,$0.00
09/12/26,,Team Member,01:27 PM,09:54 PM,,,7.95,0.00,0.00,,7.95,0.00,,0.50,$15.75,$125.21,,$15.68,,$0.00
09/13/26,,Team Member,02:24 PM,08:50 PM,,,5.92,0.00,0.00,,5.92,0.00,,0.52,$15.75,$93.24,,$30.25,,$0.00
09/19/26,,Team Member,01:23 PM,04:06 PM,,,2.72,0.00,0.00,,2.72,0.00,,0.00,$15.75,$42.84,,$8.14,,$0.00
09/20/26,,Team Member,02:27 PM,09:09 PM,,,6.25,0.00,0.00,,6.25,0.00,,0.45,$15.75,$98.44,,$3.88,,$0.00
Totals:,,,,,,,565.93,0.55,0.00,,566.48,0.00,,27.47,"$8,926.09",,,"$1,700.27",,$0.00
,Signature,,,,,Date,,,,Signature,,,,,,,,,Date,
Employe Name,,,,,Payroll ID,,,,,,,,,,,,,,,
,"Cruz, Brittany",,,,None,,,,,,,,,,,,,,,
Date,,Job,Time In,Time Out,,,Regular,OT,Ext,,Total Hrs,Paid Breaks,,Unpaid Breaks,Rate,Total Pay,,Non-Cash Tips,,Declared Tips
02/19/26,,Team Member,02:30 PM,04:04 PM,,,1.57,0.00,0.00,,1.57,0.00,,0.00,$15.75,$24.73,,$0.00,,$0.00
Totals:,,,,,,,1.57,0.00,0.00,,1.57,0.00,,0.00,$24.73,,,$0.00,,$0.00
,Signature,,,,,Date,,,,Signature,,,,,,,,,Date,
Employe Name,,,,,Payroll ID,,,,,,,,,,,,,,,
,"Doane, Parker",,,,None,,,,,,,,,,,,,,,
Date,,Job,Time In,Time Out,,,Regular,OT,Ext,,Total Hrs,Paid Breaks,,Unpaid Breaks,Rate,Total Pay,,Non-Cash Tips,,Declared Tips
09/18/26,,Team Member,02:30 PM,05:30 PM,,,3.00,0.00,0.00,,3.00,0.00,,0.00,$15.75,$47.25,,$0.00,,$0.00
09/22/26,,Team Member,01:30 PM,07:04 PM,,,5.57,0.00,0.00,,5.57,0.00,,0.00,$15.75,$87.73,,$0.00,,$0.00
Totals:,,,,,,,8.57,0.00,0.00,,8.57,0.00,,0.00,$134.98,,,$0.00,,$0.00
,Signature,,,,,Date,,,,Signature,,,,,,,,,Date,
Employe Name,,,,,Payroll ID,,,,,,,,,,,,,,,
,"Evans, Ashlyn",,,,None,,,,,,,,,,,,,,,
Date,,Job,Time In,Time Out,,,Regular,OT,Ext,,Total Hrs,Paid Breaks,,Unpaid Breaks,Rate,Total Pay,,Non-Cash Tips,,Declared Tips
02/24/26,,Team Member,02:30 PM,04:18 PM,,,1.80,0.00,0.00,,1.80,0.00,,0.00,$15.75,$28.35,,$0.00,,$0.00
02/28/26,,Team Member,07:54 AM,01:24 PM,,,5.50,0.00,0.00,,5.50,0.00,,0.00,$15.75,$86.63,,$0.00,,$0.00
03/06/26,,Team Member,02:22 PM,07:01 PM,,,4.65,0.00,0.00,,4.65,0.00,,0.00,$15.75,$73.24,,$0.00,,$0.00
03/07/26,,Team Member,02:24 PM,08:06 PM,,,5.70,0.00,0.00,,5.70,0.00,,0.00,$15.75,$89.78,,$0.00,,$0.00
03/08/26,,Team Member,11:54 AM,10:01 PM,,,9.80,0.00,0.00,,9.80,0.00,,0.32,$15.75,$154.35,,$0.00,,$0.00
03/11/26,,Team Member,03:33 PM,09:33 PM,,,5.63,0.00,0.00,,5.63,0.00,,0.37,$15.75,$88.67,,$7.80,,$0.00
03/13/26,,Team Member,04:29 PM,09:44 PM,,,5.25,0.00,0.00,,5.25,0.00,,0.00,$15.75,$82.69,,$0.00,,$0.00
03/15/26,,Team Member,02:57 PM,07:31 PM,,,4.57,0.00,0.00,,4.57,0.00,,0.00,$15.75,$71.98,,$0.00,,$0.00
03/19/26,,Team Member,08:00 AM,11:59 AM,,,3.98,0.00,0.00,,3.98,0.00,,0.00,$15.75,$62.69,,$6.05,,$0.00
03/20/26,,Team Member,09:57 AM,04:05 PM,,,5.67,0.00,0.00,,5.67,0.00,,0.47,$15.75,$89.30,,$6.10,,$0.00
03/21/26,,Team Member,04:04 PM,09:05 PM,,,4.73,0.00,0.00,,4.73,0.00,,0.28,$15.75,$74.50,,$0.00,,$0.00
03/22/26,,Team Member,02:58 PM,07:44 PM,,,4.77,0.00,0.00,,4.77,0.00,,0.00,$15.75,$75.13,,$1.69,,$0.00
03/28/26,,Team Member,03:58 PM,09:06 PM,,,5.13,0.00,0.00,,5.13,0.00,,0.00,$15.75,$80.80,,$0.00,,$0.00
03/29/26,,Team Member,02:54 PM,07:41 PM,,,4.28,0.00,0.00,,4.28,0.00,,0.50,$15.75,$67.41,,$36.11,,$0.00
04/04/26,,Team Member,03:55 PM,09:09 PM,,,4.80,0.00,0.00,,4.80,0.00,,0.43,$15.75,$75.60,,$15.71,,$0.00
04/08/26,,Team Member,03:03 PM,09:52 PM,,,6.82,0.00,0.00,,6.82,0.00,,0.00,$15.75,$107.42,,$8.79,,$0.00
04/11/26,,Team Member,04:55 PM,09:11 PM,,,3.82,0.00,0.00,,3.82,0.00,,0.45,$15.75,$60.17,,$1.25,,$0.00
04/12/26,,Team Member,03:57 PM,06:11 PM,,,2.23,0.00,0.00,,2.23,0.00,,0.00,$15.75,$35.12,,$2.58,,$0.00
04/15/26,,Team Member,02:57 PM,09:47 PM,,,6.38,0.00,0.00,,6.38,0.00,,0.45,$15.75,$100.49,,$3.40,,$0.00
04/19/26,,Team Member,03:59 PM,08:35 PM,,,4.60,0.00,0.00,,4.60,0.00,,0.00,$15.75,$72.45,,$8.33,,$0.00
04/22/26,,Team Member,03:19 PM,03:19 PM,,,0.00,0.00,0.00,,0.00,0.00,,0.00,$15.75,$0.00,,$0.00,,$0.00
04/25/26,,Team Member,03:56 PM,09:01 PM,,,4.58,0.00,0.00,,4.58,0.00,,0.50,$15.75,$72.14,,$11.09,,$0.00
04/26/26,,Team Member,03:57 PM,07:40 PM,,,3.72,0.00,0.00,,3.72,0.00,,0.00,$15.75,$58.59,,$8.90,,$0.00
05/02/26,,Team Member,03:58 PM,09:36 PM,,,5.10,0.00,0.00,,5.10,0.00,,0.53,$15.75,$80.33,,$12.04,,$0.00
05/03/26,,Team Member,02:59 PM,08:19 PM,,,4.80,0.00,0.00,,4.80,0.00,,0.53,$15.75,$75.60,,$17.06,,$0.00
05/06/26,,Team Member,03:00 PM,08:53 PM,,,5.38,0.00,0.00,,5.38,0.00,,0.50,$15.75,$84.74,,$24.71,,$0.00
05/08/26,,Team Member,02:30 PM,06:50 PM,,,3.83,0.00,0.00,,3.83,0.00,,0.50,$15.75,$60.32,,$2.01,,$0.00
05/13/26,,Team Member,03:55 PM,09:19 PM,,,5.00,0.00,0.00,,5.00,0.00,,0.40,$15.75,$78.75,,$1.82,,$0.00
05/16/26,,Team Member,03:59 PM,09:26 PM,,,5.45,0.00,0.00,,5.45,0.00,,0.00,$15.75,$85.84,,$12.66,,$0.00
05/17/26,,Team Member,03:55 PM,08:32 PM,,,4.62,0.00,0.00,,4.62,0.00,,0.00,$15.75,$72.77,,$28.43,,$0.00
05/19/26,,Team Member,03:01 PM,08:58 PM,,,5.43,0.00,0.00,,5.43,0.00,,0.52,$15.75,$85.52,,$17.46,,$0.00
05/24/26,,Team Member,03:56 PM,08:48 PM,,,4.87,0.00,0.00,,4.87,0.00,,0.00,$15.75,$76.70,,$18.14,,$0.00
05/26/26,,Team Member,03:26 PM,09:29 PM,,,5.68,0.00,0.00,,5.68,0.00,,0.37,$15.75,$89.46,,$5.57,,$0.00
05/27/26,,Team Member,06:29 AM,02:35 PM,,,7.58,0.00,0.00,,7.58,0.00,,0.52,$15.75,$119.39,,$17.71,,$0.00
05/29/26,,Team Member,01:26 PM,09:28 PM,,,7.55,0.00,0.00,,7.55,0.00,,0.48,$15.75,$118.91,,$29.85,,$0.00
06/01/26,,Team Member,03:56 PM,09:49 PM,,,5.35,0.00,0.00,,5.35,0.00,,0.53,$15.75,$84.26,,$3.30,,$0.00
06/03/26,,Team Member,01:29 PM,09:40 PM,,,7.68,0.00,0.00,,7.68,0.00,,0.50,$15.75,$120.96,,$10.57,,$0.00
06/05/26,,Team Member,01:28 PM,09:36 PM,,,7.62,0.00,0.00,,7.62,0.00,,0.52,$15.75,$120.02,,$12.43,,$0.00
06/06/26,,Team Member,03:00 PM,09:30 PM,,,5.98,0.00,0.00,,5.98,0.00,,0.52,$15.75,$94.19,,$22.48,,$0.00
06/08/26,,Team Member,07:01 AM,03:00 PM,,,7.48,0.00,0.00,,7.48,0.00,,0.50,$15.75,$117.81,,$8.66,,$0.00
06/10/26,,Team Member,01:29 PM,10:16 PM,,,8.22,0.00,0.00,,8.22,0.00,,0.57,$15.75,$129.47,,$3.33,,$0.00
06/11/26,,Team Member,01:59 PM,09:29 PM,,,6.93,0.00,0.00,,6.93,0.00,,0.57,$15.75,$109.15,,$14.60,,$0.00
06/12/26,,Team Member,01:30 PM,09:42 PM,,,7.68,0.00,0.00,,7.68,0.00,,0.52,$15.75,$120.96,,$29.51,,$0.00
06/13/26,,Team Member,02:57 PM,09:30 PM,,,6.03,0.00,0.00,,6.03,0.00,,0.52,$15.75,$94.97,,$11.91,,$0.00
06/14/26,,Team Member,01:29 PM,08:07 PM,,,6.12,0.00,0.00,,6.12,0.00,,0.52,$15.75,$96.39,,$25.04,,$0.00
06/17/26,,Team Member,01:23 PM,09:20 PM,,,7.60,0.00,0.00,,7.60,0.00,,0.35,$15.75,$119.70,,$28.89,,$0.00
06/18/26,,Team Member,01:58 PM,09:24 PM,,,6.92,0.00,0.00,,6.92,0.00,,0.52,$15.75,$108.99,,$33.21,,$0.00
06/19/26,,Team Member,01:29 PM,09:38 PM,,,7.65,0.00,0.00,,7.65,0.00,,0.50,$15.75,$120.49,,$48.56,,$0.00
06/21/26,,Team Member,01:30 PM,08:01 PM,,,6.02,0.00,0.00,,6.02,0.00,,0.50,$15.75,$94.82,,$0.00,,$0.00
06/24/26,,Team Member,01:27 PM,09:36 PM,,,7.62,0.00,0.00,,7.62,0.00,,0.53,$15.75,$120.02,,$36.28,,$0.00
06/25/26,,Team Member,02:07 PM,09:23 PM,,,6.70,0.00,0.00,,6.70,0.00,,0.57,$15.75,$105.53,,$12.21,,$0.00
06/26/26,,Team Member,01:26 PM,09:35 PM,,,7.68,0.00,0.00,,7.68,0.00,,0.47,$15.75,$120.96,,$15.88,,$0.00
06/28/26,,Team Member,02:28 PM,08:10 PM,,,5.13,0.00,0.00,,5.13,0.00,,0.57,$15.75,$80.80,,$9.22,,$0.00
07/22/26,,Team Member,01:24 PM,10:11 PM,,,8.33,0.00,0.00,,8.33,0.00,,0.45,$15.75,$131.20,,$14.99,,$0.00
07/24/26,,Team Member,01:53 PM,09:56 PM,,,7.55,0.00,0.00,,7.55,0.00,,0.50,$15.75,$118.91,,$13.74,,$0.00
07/29/26,,Team Member,01:52 PM,09:48 PM,,,7.53,0.00,0.00,,7.53,0.00,,0.40,$15.75,$118.60,,$30.54,,$0.00
07/30/26,,Team Member,01:26 PM,09:46 PM,,,7.78,0.00,0.00,,7.78,0.00,,0.55,$15.75,$122.54,,$21.27,,$0.00
08/05/26,,Team Member,03:56 PM,09:55 PM,,,5.43,0.00,0.00,,5.43,0.00,,0.55,$15.75,$85.52,,$2.97,,$0.00
08/06/26,,Team Member,03:28 PM,09:44 PM,,,5.70,0.00,0.00,,5.70,0.00,,0.57,$15.75,$89.78,,$15.36,,$0.00
08/07/26,,Team Member,03:28 PM,10:27 PM,,,6.98,0.00,0.00,,6.98,0.00,,0.00,$15.75,$109.94,,$10.15,,$0.00
08/11/26,,Team Member,03:29 PM,10:07 PM,,,6.10,0.00,0.00,,6.10,0.00,,0.53,$15.75,$96.08,,$36.03,,$0.00
08/12/26,,Team Member,04:10 PM,09:40 PM,,,5.50,0.00,0.00,,5.50,0.00,,0.00,$15.75,$86.63,,$26.52,,$0.00
08/13/26,,Team Member,03:26 PM,09:34 PM,,,5.58,0.00,0.00,,5.58,0.00,,0.55,$15.75,$87.89,,$9.71,,$0.00
08/17/26,,Team Member,04:00 PM,10:28 PM,,,6.47,0.00,0.00,,6.47,0.00,,0.00,$15.75,$101.90,,$15.76,,$0.00
08/18/26,,Team Member,03:26 PM,09:48 PM,,,6.05,0.00,0.00,,6.05,0.00,,0.32,$15.75,$95.29,,$19.15,,$0.00
08/20/26,,Team Member,03:28 PM,09:41 PM,,,5.72,0.00,0.00,,5.72,0.00,,0.50,$15.75,$90.09,,$8.24,,$0.00
08/24/26,,Team Member,03:58 PM,10:07 PM,,,5.58,0.00,0.00,,5.58,0.00,,0.57,$15.75,$87.89,,$10.02,,$0.00
08/25/26,,Team Member,03:28 PM,09:48 PM,,,6.33,0.00,0.00,,6.33,0.00,,0.00,$15.75,$99.70,,$8.99,,$0.00
08/26/26,,Team Member,03:59 PM,09:31 PM,,,5.02,0.00,0.00,,5.02,0.00,,0.52,$15.75,$79.07,,$12.34,,$0.00
08/27/26,,Team Member,03:29 PM,09:43 PM,,,5.73,0.00,0.00,,5.73,0.00,,0.50,$15.75,$90.25,,$18.70,,$0.00
08/31/26,,Team Member,04:00 PM,09:56 PM,,,5.43,0.00,0.00,,5.43,0.00,,0.50,$15.75,$85.52,,$13.28,,$0.00
09/01/26,,Team Member,03:29 PM,09:41 PM,,,6.20,0.00,0.00,,6.20,0.00,,0.00,$15.75,$97.65,,$18.04,,$0.00
09/04/26,,Team Member,03:16 PM,09:46 PM,,,6.50,0.00,0.00,,6.50,0.00,,0.00,$15.75,$102.38,,$42.92,,$0.00
09/08/26,,Team Member,03:58 PM,09:41 PM,,,5.72,0.00,0.00,,5.72,0.00,,0.00,$15.75,$90.09,,$20.42,,$0.00
09/09/26,,Team Member,04:16 PM,06:06 PM,,,1.83,0.00,0.00,,1.83,0.00,,0.00,$15.75,$28.82,,$0.00,,$0.00
09/10/26,,Team Member,03:27 PM,09:29 PM,,,5.55,0.00,0.00,,5.55,0.00,,0.48,$15.75,$87.41,,$7.44,,$0.00
09/11/26,,Team Member,03:28 PM,09:35 PM,,,6.12,0.00,0.00,,6.12,0.00,,0.00,$15.75,$96.39,,$30.98,,$0.00
09/17/26,,Team Member,03:28 PM,09:34 PM,,,5.72,0.00,0.00,,5.72,0.00,,0.38,$15.75,$90.09,,$20.91,,$0.00
09/18/26,,Team Member,03:24 PM,09:31 PM,,,6.12,0.00,0.00,,6.12,0.00,,0.00,$15.75,$96.39,,$27.47,,$0.00
Totals:,,,,,,,454.72,0.00,0.00,,454.72,0.00,,25.23,"$7,161.34",,,"$1,087.28",,$0.00
,Signature,,,,,Date,,,,Signature,,,,,,,,,Date,
Employe Name,,,,,Payroll ID,,,,,,,,,,,,,,,
,"Flaherty, Keegan",,,,None,,,,,,,,,,,,,,,
Date,,Job,Time In,Time Out,,,Regular,OT,Ext,,Total Hrs,Paid Breaks,,Unpaid Breaks,Rate,Total Pay,,Non-Cash Tips,,Declared Tips
02/24/26,,Team Member,02:30 PM,04:18 PM,,,1.80,0.00,0.00,,1.80,0.00,,0.00,$15.75,$28.35,,$0.00,,$0.00
02/28/26,,Team Member,07:57 AM,01:19 PM,,,5.37,0.00,0.00,,5.37,0.00,,0.00,$15.75,$84.58,,$0.00,,$0.00
03/06/26,,Team Member,02:30 PM,07:01 PM,,,4.52,0.00,0.00,,4.52,0.00,,0.00,$15.75,$71.19,,$0.00,,$0.00
03/07/26,,Team Member,07:54 AM,01:19 PM,,,5.42,0.00,0.00,,5.42,0.00,,0.00,$15.75,$85.37,,$0.00,,$0.00
03/08/26,,Team Member,11:56 AM,10:01 PM,,,9.63,0.00,0.00,,9.63,0.00,,0.45,$15.75,$151.67,,$0.00,,$0.00
03/12/26,,Team Member,04:25 PM,09:38 PM,,,5.22,0.00,0.00,,5.22,0.00,,0.00,$15.75,$82.22,,$7.12,,$0.00
03/14/26,,Team Member,11:26 AM,04:10 PM,,,4.73,0.00,0.00,,4.73,0.00,,0.00,$15.75,$74.50,,$22.65,,$0.00
03/19/26,,Team Member,04:26 PM,10:20 PM,,,5.90,0.00,0.00,,5.90,0.00,,0.00,$15.75,$92.93,,$5.39,,$0.00
03/22/26,,Team Member,09:56 AM,02:14 PM,,,4.30,0.00,0.00,,4.30,0.00,,0.00,$15.75,$67.73,,$2.75,,$0.00
03/26/26,,Team Member,03:56 PM,10:00 PM,,,6.07,0.00,0.00,,6.07,0.00,,0.00,$15.75,$95.60,,$12.02,,$0.00
03/28/26,,Team Member,11:54 AM,04:02 PM,,,4.13,0.00,0.00,,4.13,0.00,,0.00,$15.75,$65.05,,$0.00,,$0.00
04/04/26,,Team Member,11:56 AM,04:07 PM,,,4.18,0.00,0.00,,4.18,0.00,,0.00,$15.75,$65.84,,$8.00,,$0.00
04/11/26,,Team Member,11:55 AM,04:30 PM,,,4.10,0.00,0.00,,4.10,0.00,,0.48,$15.75,$64.58,,$12.79,,$0.00
04/12/26,,Team Member,10:01 AM,02:19 PM,,,4.30,0.00,0.00,,4.30,0.00,,0.00,$15.75,$67.73,,$6.59,,$0.00
04/19/26,,Team Member,09:58 AM,02:00 PM,,,4.03,0.00,0.00,,4.03,0.00,,0.00,$15.75,$63.47,,$11.56,,$0.00
04/25/26,,Team Member,11:28 AM,04:00 PM,,,4.53,0.00,0.00,,4.53,0.00,,0.00,$15.75,$71.35,,$3.50,,$0.00
04/26/26,,Team Member,09:56 AM,01:40 PM,,,3.73,0.00,0.00,,3.73,0.00,,0.00,$15.75,$58.75,,$21.91,,$0.00
04/28/26,,Team Member,03:57 PM,09:37 PM,,,5.47,0.00,0.00,,5.47,0.00,,0.20,$15.75,$86.15,,$5.79,,$0.00
04/29/26,,Team Member,03:28 PM,09:50 PM,,,6.37,0.00,0.00,,6.37,0.00,,0.00,$15.75,$100.33,,$14.52,,$0.00
05/10/26,,Team Member,09:29 AM,03:33 PM,,,5.58,0.00,0.00,,5.58,0.00,,0.48,$15.75,$87.89,,$11.17,,$0.00
05/16/26,,Team Member,07:57 AM,08:49 AM,,,0.87,0.00,0.00,,0.87,0.00,,0.00,$15.75,$13.70,,$0.00,,$0.00
05/17/26,,Team Member,10:57 AM,03:38 PM,,,4.68,0.00,0.00,,4.68,0.00,,0.00,$15.75,$73.71,,$14.02,,$0.00
05/23/26,,Team Member,07:59 AM,03:58 PM,,,7.50,0.00,0.00,,7.50,0.00,,0.48,$15.75,$118.13,,$35.26,,$0.00
05/24/26,,Team Member,10:57 AM,02:32 PM,,,3.58,0.00,0.00,,3.58,0.00,,0.00,$15.75,$56.39,,$12.84,,$0.00
05/27/26,,Team Member,03:28 PM,09:40 PM,,,5.72,0.00,0.00,,5.72,0.00,,0.48,$15.75,$90.09,,$18.94,,$0.00
05/30/26,,Team Member,02:56 PM,09:20 PM,,,5.93,0.00,0.00,,5.93,0.00,,0.47,$15.75,$93.40,,$34.07,,$0.00
05/31/26,,Team Member,01:57 PM,08:35 PM,,,6.17,0.00,0.00,,6.17,0.00,,0.47,$15.75,$97.18,,$3.37,,$0.00
06/01/26,,Team Member,03:28 PM,09:49 PM,,,5.88,0.00,0.00,,5.88,0.00,,0.47,$15.75,$92.61,,$14.67,,$0.00
06/04/26,,Team Member,03:58 PM,09:30 PM,,,5.05,0.00,0.00,,5.05,0.00,,0.48,$15.75,$79.54,,$19.61,,$0.00
06/06/26,,Team Member,08:29 AM,02:01 PM,,,5.05,0.00,0.00,,5.05,0.00,,0.48,$15.75,$79.54,,$27.75,,$0.00
06/07/26,,Team Member,09:59 AM,05:00 PM,,,6.53,0.00,0.00,,6.53,0.00,,0.48,$15.75,$102.85,,$43.17,,$0.00
06/10/26,,Team Member,10:58 AM,05:33 PM,,,6.08,0.00,0.00,,6.08,0.00,,0.50,$15.75,$95.76,,$19.72,,$0.00
06/11/26,,Team Member,03:57 PM,09:29 PM,,,5.05,0.00,0.00,,5.05,0.00,,0.48,$15.75,$79.54,,$22.03,,$0.00
06/13/26,,Team Member,08:29 AM,02:02 PM,,,5.07,0.00,0.00,,5.07,0.00,,0.48,$15.75,$79.85,,$44.11,,$0.00
06/14/26,,Team Member,09:58 AM,05:13 PM,,,6.77,0.00,0.00,,6.77,0.00,,0.48,$15.75,$106.63,,$19.02,,$0.00
06/15/26,,Team Member,02:29 PM,09:34 PM,,,6.60,0.00,0.00,,6.60,0.00,,0.48,$15.75,$103.95,,$25.05,,$0.00
06/17/26,,Team Member,10:58 AM,05:30 PM,,,6.05,0.00,0.00,,6.05,0.00,,0.48,$15.75,$95.29,,$15.72,,$0.00
06/18/26,,Team Member,03:57 PM,09:24 PM,,,4.98,0.00,0.00,,4.98,0.00,,0.47,$15.75,$78.44,,$20.21,,$0.00
06/20/26,,Team Member,08:29 AM,02:10 PM,,,5.23,0.00,0.00,,5.23,0.00,,0.45,$15.75,$82.37,,$61.19,,$0.00
06/21/26,,Team Member,09:58 AM,05:03 PM,,,6.60,0.00,0.00,,6.60,0.00,,0.48,$15.75,$103.95,,$20.44,,$0.00
06/22/26,,Team Member,02:29 PM,10:09 PM,,,7.17,0.00,0.00,,7.17,0.00,,0.50,$15.75,$112.93,,$34.49,,$0.00
06/27/26,,Team Member,08:29 AM,02:01 PM,,,5.05,0.00,0.00,,5.05,0.00,,0.48,$15.75,$79.54,,$23.88,,$0.00
06/28/26,,Team Member,09:59 AM,05:02 PM,,,6.53,0.00,0.00,,6.53,0.00,,0.52,$15.75,$102.85,,$38.64,,$0.00
06/29/26,,Team Member,02:29 PM,10:19 PM,,,7.35,0.00,0.00,,7.35,0.00,,0.48,$15.75,$115.76,,$4.00,,$0.00
07/01/26,,Team Member,10:59 AM,07:01 PM,,,7.53,0.00,0.00,,7.53,0.00,,0.50,$15.75,$118.60,,$16.95,,$0.00
07/02/26,,Team Member,01:28 PM,09:29 PM,,,7.50,0.00,0.00,,7.50,0.00,,0.52,$15.75,$118.13,,$13.89,,$0.00
07/04/26,,Team Member,08:29 AM,02:01 PM,,,5.08,0.00,0.00,,5.08,0.00,,0.45,$15.75,$80.01,,$22.62,,$0.00
07/05/26,,Team Member,09:59 AM,04:00 PM,,,5.52,0.00,0.00,,5.52,0.00,,0.50,$15.75,$86.94,,$12.60,,$0.00
07/06/26,,Team Member,02:28 PM,09:52 PM,,,6.90,0.00,0.00,,6.90,0.00,,0.50,$15.75,$108.68,,$7.21,,$0.00
07/11/26,,Team Member,08:29 AM,02:01 PM,,,5.03,0.00,0.00,,5.03,0.00,,0.50,$15.75,$79.22,,$37.67,,$0.00
07/12/26,,Team Member,09:58 AM,04:02 PM,,,5.57,0.00,0.00,,5.57,0.00,,0.50,$15.75,$87.73,,$23.89,,$0.00
07/13/26,,Team Member,02:28 PM,10:19 PM,,,7.38,0.00,0.00,,7.38,0.00,,0.47,$15.75,$116.24,,$21.26,,$0.00
07/15/26,,Team Member,09:59 AM,05:30 PM,,,7.02,0.00,0.00,,7.02,0.00,,0.50,$15.75,$110.57,,$17.50,,$0.00
07/16/26,,Team Member,01:29 PM,09:51 PM,,,7.87,0.00,0.00,,7.87,0.00,,0.50,$15.75,$123.95,,$32.78,,$0.00
07/19/26,,Team Member,09:31 AM,04:04 PM,,,6.05,0.00,0.00,,6.05,0.00,,0.50,$15.75,$95.29,,$22.82,,$0.00
07/20/26,,Team Member,02:28 PM,10:06 PM,,,7.13,0.00,0.00,,7.13,0.00,,0.50,$15.75,$112.30,,$5.23,,$0.00
07/25/26,,Team Member,08:29 AM,02:04 PM,,,5.58,0.00,0.00,,5.58,0.00,,0.00,$15.75,$87.89,,$36.31,,$0.00
07/26/26,,Team Member,09:58 AM,04:02 PM,,,5.57,0.00,0.00,,5.57,0.00,,0.50,$15.75,$87.73,,$17.44,,$0.00
07/27/26,,Team Member,02:28 PM,10:57 PM,,,8.00,0.00,0.00,,8.00,0.00,,0.48,$15.75,$126.00,,$32.68,,$0.00
08/01/26,,Team Member,08:28 AM,01:36 PM,,,4.65,0.00,0.00,,4.65,0.00,,0.48,$15.75,$73.24,,$24.58,,$0.00
08/02/26,,Team Member,09:58 AM,04:00 PM,,,5.55,0.00,0.00,,5.55,0.00,,0.48,$15.75,$87.41,,$41.78,,$0.00
08/03/26,,Team Member,03:30 PM,10:29 PM,,,6.98,0.00,0.00,,6.98,0.00,,0.00,$15.75,$109.94,,$13.29,,$0.00
08/08/26,,Team Member,10:29 AM,04:06 PM,,,5.13,0.00,0.00,,5.13,0.00,,0.48,$15.75,$80.80,,$25.11,,$0.00
08/09/26,,Team Member,03:28 PM,09:02 PM,,,5.57,0.00,0.00,,5.57,0.00,,0.00,$15.75,$87.73,,$22.47,,$0.00
08/10/26,,Team Member,04:43 PM,07:26 PM,,,2.72,0.00,0.00,,2.72,0.00,,0.00,$15.75,$42.84,,$0.00,,$0.00
08/12/26,,Team Member,01:27 PM,09:40 PM,,,7.72,0.00,0.00,,7.72,0.00,,0.50,$15.75,$121.59,,$19.40,,$0.00
08/16/26,,Team Member,10:29 AM,03:31 PM,,,5.03,0.00,0.00,,5.03,0.00,,0.00,$15.75,$79.22,,$22.89,,$0.00
08/17/26,,Team Member,04:29 PM,04:31 PM,,,0.03,0.00,0.00,,0.03,0.00,,0.00,$15.75,$0.47,,$0.00,,$0.00
08/19/26,,Team Member,01:29 PM,10:13 PM,,,8.22,0.00,0.00,,8.22,0.00,,0.52,$15.75,$129.47,,$36.83,,$0.00
08/22/26,,Team Member,08:59 AM,03:57 PM,,,6.48,0.00,0.00,,6.48,0.00,,0.48,$15.75,$102.06,,$19.48,,$0.00
08/24/26,,Team Member,04:28 PM,10:07 PM,,,5.65,0.00,0.00,,5.65,0.00,,0.00,$15.75,$88.99,,$2.79,,$0.00
08/26/26,,Team Member,01:28 PM,09:31 PM,,,7.53,0.00,0.00,,7.53,0.00,,0.52,$15.75,$118.60,,$19.35,,$0.00
08/29/26,,Team Member,07:31 AM,11:36 AM,,,4.08,0.00,0.00,,4.08,0.00,,0.00,$15.75,$64.26,,$26.91,,$0.00
08/31/26,,Team Member,04:28 PM,09:56 PM,,,5.47,0.00,0.00,,5.47,0.00,,0.00,$15.75,$86.15,,$7.14,,$0.00
09/02/26,,Team Member,02:17 PM,10:10 PM,,,7.38,0.00,0.00,,7.38,0.00,,0.50,$15.75,$116.24,,$39.01,,$0.00
09/07/26,,Team Member,04:29 PM,09:41 PM,,,5.20,0.00,0.00,,5.20,0.00,,0.00,$15.75,$81.90,,$2.69,,$0.00
09/09/26,,Team Member,01:28 PM,09:31 PM,,,7.55,0.00,0.00,,7.55,0.00,,0.50,$15.75,$118.91,,$29.66,,$0.00
09/13/26,,Team Member,09:31 AM,03:00 PM,,,5.48,0.00,0.00,,5.48,0.00,,0.00,$15.75,$86.31,,$16.39,,$0.00
09/13/26,,Team Member,03:00 PM,03:04 PM,,,0.07,0.00,0.00,,0.07,0.00,,0.00,$15.75,$1.10,,$0.00,,$0.00
09/14/26,,Team Member,04:29 PM,10:00 PM,,,5.52,0.00,0.00,,5.52,0.00,,0.00,$15.75,$86.94,,$0.00,,$0.00
09/16/26,,Team Member,01:35 PM,09:36 PM,,,7.52,0.00,0.00,,7.52,0.00,,0.50,$15.75,$118.44,,$14.12,,$0.00
09/19/26,,Team Member,07:32 AM,03:25 PM,,,7.38,0.00,0.00,,7.38,0.00,,0.50,$15.75,$116.24,,$44.42,,$0.00
09/21/26,,Team Member,04:29 PM,10:18 PM,,,5.82,0.00,0.00,,5.82,0.00,,0.00,$15.75,$91.67,,$3.56,,$0.00
09/23/26,,Team Member,01:29 PM,10:07 PM,,,8.13,0.00,0.00,,8.13,0.00,,0.50,$15.75,$128.05,,$11.41,,$0.00
Totals:,,,,,,,473.48,0.00,0.00,,473.48,0.00,,24.62,"$7,457.13",,,"$1,482.09",,$0.00
,Signature,,,,,Date,,,,Signature,,,,,,,,,Date,
Employe Name,,,,,Payroll ID,,,,,,,,,,,,,,,
,"Fleming, Emerson",,,,None,,,,,,,,,,,,,,,
Date,,Job,Time In,Time Out,,,Regular,OT,Ext,,Total Hrs,Paid Breaks,,Unpaid Breaks,Rate,Total Pay,,Non-Cash Tips,,Declared Tips
02/20/26,,Team Member,02:30 PM,04:09 PM,,,1.65,0.00,0.00,,1.65,0.00,,0.00,$15.75,$25.99,,$0.00,,$0.00
03/02/26,,Team Member,01:41 PM,05:32 PM,,,3.85,0.00,0.00,,3.85,0.00,,0.00,$15.75,$60.64,,$0.00,,$0.00
03/06/26,,Team Member,02:30 PM,07:02 PM,,,4.53,0.00,0.00,,4.53,0.00,,0.00,$15.75,$71.35,,$0.00,,$0.00
03/07/26,,Team Member,02:24 PM,08:05 PM,,,5.68,0.00,0.00,,5.68,0.00,,0.00,$15.75,$89.46,,$0.00,,$0.00
03/08/26,,Team Member,11:57 AM,10:04 PM,,,9.95,0.00,0.00,,9.95,0.00,,0.17,$15.75,$156.71,,$0.00,,$0.00
03/10/26,,Team Member,03:02 PM,09:00 PM,,,5.97,0.00,0.00,,5.97,0.00,,0.00,$15.75,$94.03,,$0.00,,$0.00
03/13/26,,Team Member,02:02 PM,08:33 PM,,,6.52,0.00,0.00,,6.52,0.00,,0.00,$15.75,$102.69,,$15.12,,$0.00
03/15/26,,Team Member,03:28 PM,08:44 PM,,,5.27,0.00,0.00,,5.27,0.00,,0.00,$15.75,$83.00,,$3.69,,$0.00
03/17/26,,Team Member,02:30 PM,09:47 PM,,,7.28,0.00,0.00,,7.28,0.00,,0.00,$15.75,$114.66,,$12.35,,$0.00
03/20/26,,Team Member,03:31 PM,09:40 PM,,,6.15,0.00,0.00,,6.15,0.00,,0.00,$15.75,$96.86,,$12.72,,$0.00
03/21/26,,Team Member,03:26 PM,10:22 PM,,,6.93,0.00,0.00,,6.93,0.00,,0.00,$15.75,$109.15,,$8.50,,$0.00
03/27/26,,Team Member,03:33 PM,09:57 PM,,,6.40,0.00,0.00,,6.40,0.00,,0.00,$15.75,$100.80,,$9.05,,$0.00
03/28/26,,Team Member,12:30 PM,04:38 PM,,,4.13,0.00,0.00,,4.13,0.00,,0.00,$15.75,$65.05,,$18.70,,$0.00
03/31/26,,Team Member,02:31 PM,09:32 PM,,,7.02,0.00,0.00,,7.02,0.00,,0.00,$15.75,$110.57,,$5.14,,$0.00
04/03/26,,Team Member,02:31 PM,10:14 PM,,,7.72,0.00,0.00,,7.72,0.00,,0.00,$15.75,$121.59,,$15.09,,$0.00
04/04/26,,Team Member,04:53 PM,09:35 PM,,,4.70,0.00,0.00,,4.70,0.00,,0.00,$15.75,$74.03,,$14.55,,$0.00
04/07/26,,Team Member,02:35 PM,09:40 PM,,,7.08,0.00,0.00,,7.08,0.00,,0.00,$15.75,$111.51,,$25.86,,$0.00
04/18/26,,Team Member,07:58 AM,12:51 PM,,,4.88,0.00,0.00,,4.88,0.00,,0.00,$15.75,$76.86,,$20.53,,$0.00
04/19/26,,Team Member,09:26 AM,05:30 PM,,,7.55,0.00,0.00,,7.55,0.00,,0.52,$15.75,$118.91,,$27.53,,$0.00
04/21/26,,Team Member,02:30 PM,09:38 PM,,,6.93,0.00,0.00,,6.93,0.00,,0.20,$15.75,$109.15,,$31.62,,$0.00
04/22/26,,Team Member,03:01 PM,09:41 PM,,,6.67,0.00,0.00,,6.67,0.00,,0.00,$15.75,$105.05,,$7.00,,$0.00
04/23/26,,Team Member,02:34 PM,09:56 PM,,,7.37,0.00,0.00,,7.37,0.00,,0.00,$15.75,$116.08,,$25.42,,$0.00
04/28/26,,Team Member,02:40 PM,02:40 PM,,,0.00,0.00,0.00,,0.00,0.00,,0.00,$15.75,$0.00,,$0.00,,$0.00
04/28/26,,Team Member,02:40 PM,09:43 PM,,,6.50,0.00,0.00,,6.50,0.00,,0.55,$15.75,$102.38,,$71.92,,$0.00
05/01/26,,Team Member,02:59 PM,09:51 PM,,,6.42,0.00,0.00,,6.42,0.00,,0.45,$15.75,$101.12,,$14.38,,$0.00
05/06/26,,Team Member,02:27 PM,09:33 PM,,,6.60,0.00,0.00,,6.60,0.00,,0.50,$15.75,$103.95,,$10.70,,$0.00
05/07/26,,Team Member,02:35 PM,05:08 PM,,,2.55,0.00,0.00,,2.55,0.00,,0.00,$15.75,$40.16,,$11.09,,$0.00
05/08/26,,Team Member,02:28 PM,10:00 PM,,,7.03,0.00,0.00,,7.03,0.00,,0.50,$15.75,$110.72,,$4.44,,$0.00
05/09/26,,Team Member,07:27 AM,01:35 PM,,,5.65,0.00,0.00,,5.65,0.00,,0.48,$15.75,$88.99,,$19.05,,$0.00
05/09/26,,Team Member,03:01 PM,09:48 PM,,,6.20,0.00,0.00,,6.20,0.00,,0.58,$15.75,$97.65,,$11.93,,$0.00
05/13/26,,Team Member,01:26 PM,09:19 PM,,,7.88,0.00,0.00,,7.88,0.00,,0.00,$15.75,$124.11,,$9.50,,$0.00
05/14/26,,Team Member,02:40 PM,09:46 PM,,,7.10,0.00,0.00,,7.10,0.00,,0.00,$15.75,$111.83,,$14.23,,$0.00
05/15/26,,Team Member,02:47 PM,10:18 PM,,,6.95,0.00,0.00,,6.95,0.00,,0.57,$15.75,$109.46,,$2.02,,$0.00
05/16/26,,Team Member,07:33 AM,03:09 PM,,,7.08,0.00,0.00,,7.08,0.00,,0.52,$15.75,$111.51,,$35.71,,$0.00
05/22/26,,Team Member,02:30 PM,10:40 PM,,,7.67,0.00,0.00,,7.67,0.00,,0.50,$15.75,$120.80,,$13.42,,$0.00
05/23/26,,Team Member,03:04 PM,09:28 PM,,,6.40,0.00,0.00,,6.40,0.00,,0.00,$15.75,$100.80,,$8.16,,$0.00
05/24/26,,Team Member,02:05 PM,05:06 PM,,,3.02,0.00,0.00,,3.02,0.00,,0.00,$15.75,$47.57,,$0.00,,$0.00
05/26/26,,Team Member,07:07 AM,03:10 PM,,,7.55,0.00,0.00,,7.55,0.00,,0.50,$15.75,$118.91,,$15.20,,$0.00
05/28/26,,Team Member,07:00 AM,03:02 PM,,,7.47,0.00,0.00,,7.47,0.00,,0.57,$15.75,$117.65,,$0.00,,$0.00
05/29/26,,Team Member,08:36 AM,05:49 PM,,,8.68,0.00,0.00,,8.68,0.00,,0.53,$15.75,$136.71,,$21.97,,$0.00
06/02/26,,Team Member,04:05 PM,09:33 PM,,,5.47,0.00,0.00,,5.47,0.00,,0.00,$15.75,$86.15,,$22.19,,$0.00
06/03/26,,Team Member,07:33 AM,02:42 PM,,,6.58,0.00,0.00,,6.58,0.00,,0.57,$15.75,$103.64,,$18.31,,$0.00
06/04/26,,Team Member,07:02 AM,02:32 PM,,,6.95,0.00,0.00,,6.95,0.00,,0.55,$15.75,$109.46,,$11.33,,$0.00
06/07/26,,Team Member,02:56 PM,08:21 PM,,,5.42,0.00,0.00,,5.42,0.00,,0.00,$15.75,$85.37,,$11.67,,$0.00
06/09/26,,Team Member,01:30 PM,10:08 PM,,,8.02,0.00,0.00,,8.02,0.00,,0.62,$15.75,$126.32,,$20.38,,$0.00
06/10/26,,Team Member,03:30 PM,10:33 PM,,,7.05,0.00,0.00,,7.05,0.00,,0.00,$15.75,$111.04,,$3.80,,$0.00
06/12/26,,Team Member,02:35 PM,09:42 PM,,,6.65,0.00,0.00,,6.65,0.00,,0.47,$15.75,$104.74,,$12.49,,$0.00
06/13/26,,Team Member,07:31 AM,03:32 PM,,,7.50,0.00,0.00,,7.50,0.00,,0.52,$15.75,$118.13,,$2.82,,$0.00
06/16/26,,Team Member,06:32 AM,01:41 PM,,,6.67,0.00,0.00,,6.67,0.00,,0.48,$15.75,$105.05,,$2.44,,$0.00
06/17/26,,Team Member,07:31 AM,02:39 PM,,,6.60,0.00,0.00,,6.60,0.00,,0.53,$15.75,$103.95,,$9.48,,$0.00
06/19/26,,Team Member,07:38 AM,02:47 PM,,,7.15,0.00,0.00,,7.15,0.00,,0.00,$15.75,$112.61,,$24.46,,$0.00
06/20/26,,Team Member,01:59 PM,09:59 PM,,,7.50,0.00,0.00,,7.50,0.00,,0.50,$15.75,$118.13,,$11.57,,$0.00
06/21/26,,Team Member,02:01 PM,09:06 PM,,,6.60,0.00,0.00,,6.60,0.00,,0.48,$15.75,$103.95,,$8.46,,$0.00
06/23/26,,Team Member,07:02 AM,12:18 PM,,,5.27,0.00,0.00,,5.27,0.00,,0.00,$15.75,$83.00,,$0.00,,$0.00
07/12/26,,Team Member,10:57 AM,05:38 PM,,,6.22,0.00,0.00,,6.22,0.00,,0.47,$15.75,$97.97,,$14.98,,$0.00
07/13/26,,Team Member,06:59 AM,01:37 PM,,,6.13,0.00,0.00,,6.13,0.00,,0.50,$15.75,$96.55,,$0.00,,$0.00
07/14/26,,Team Member,08:04 AM,02:37 PM,,,6.02,0.00,0.00,,6.02,0.00,,0.53,$15.75,$94.82,,$15.24,,$0.00
07/16/26,,Team Member,06:56 AM,12:17 PM,,,4.82,0.00,0.00,,4.82,0.00,,0.53,$15.75,$75.92,,$6.98,,$0.00
07/19/26,,Team Member,01:59 PM,09:12 PM,,,6.70,0.00,0.00,,6.70,0.00,,0.52,$15.75,$105.53,,$4.40,,$0.00
07/23/26,,Team Member,01:32 PM,10:30 PM,,,8.43,0.00,0.00,,8.43,0.00,,0.53,$15.75,$132.77,,$8.92,,$0.00
07/24/26,,Team Member,01:48 PM,09:56 PM,,,7.55,0.00,0.00,,7.55,0.00,,0.58,$15.75,$118.91,,$8.40,,$0.00
07/27/26,,Team Member,02:12 PM,10:57 PM,,,8.22,0.00,0.00,,8.22,0.00,,0.53,$15.75,$129.47,,$9.12,,$0.00
08/02/26,,Team Member,03:28 PM,09:47 PM,,,5.82,0.00,0.00,,5.82,0.00,,0.50,$15.75,$91.67,,$0.50,,$0.00
08/07/26,,Team Member,04:43 PM,10:27 PM,,,5.73,0.00,0.00,,5.73,0.00,,0.00,$15.75,$90.25,,$15.03,,$0.00
08/09/26,,Team Member,01:36 PM,09:03 PM,,,6.90,0.00,0.00,,6.90,0.00,,0.55,$15.75,$108.68,,$2.54,,$0.00
08/14/26,,Team Member,04:32 PM,10:32 PM,,,6.00,0.00,0.00,,6.00,0.00,,0.00,$15.75,$94.50,,$4.02,,$0.00
08/15/26,,Team Member,09:13 AM,04:54 PM,,,7.68,0.00,0.00,,7.68,0.00,,0.00,$15.75,$120.96,,$29.26,,$0.00
08/16/26,,Team Member,12:33 PM,08:55 PM,,,7.88,0.00,0.00,,7.88,0.00,,0.48,$15.75,$124.11,,$0.00,,$0.00
08/17/26,,Team Member,05:01 PM,10:28 PM,,,5.45,0.00,0.00,,5.45,0.00,,0.00,$15.75,$85.84,,$6.33,,$0.00
08/22/26,,Team Member,08:59 AM,04:32 PM,,,7.00,0.00,0.00,,7.00,0.00,,0.55,$15.75,$110.25,,$1.51,,$0.00
08/24/26,,Team Member,04:30 PM,10:11 PM,,,5.68,0.00,0.00,,5.68,0.00,,0.00,$16.25,$92.30,,$0.00,,$0.00
08/28/26,,Team Member,04:34 PM,09:53 PM,,,5.32,0.00,0.00,,5.32,0.00,,0.00,$16.25,$86.45,,$8.12,,$0.00
08/29/26,,Team Member,09:01 AM,04:33 PM,,,7.02,0.00,0.00,,7.02,0.00,,0.52,$16.25,$114.08,,$0.00,,$0.00
08/31/26,,Team Member,04:34 PM,09:56 PM,,,5.37,0.00,0.00,,5.37,0.00,,0.00,$16.25,$87.26,,$7.94,,$0.00
09/05/26,,Team Member,09:06 AM,04:50 PM,,,7.23,0.00,0.00,,7.23,0.00,,0.50,$16.25,$117.49,,$3.00,,$0.00
09/07/26,,Team Member,04:30 PM,09:41 PM,,,5.18,0.00,0.00,,5.18,0.00,,0.00,$16.25,$84.18,,$2.05,,$0.00
09/12/26,,Team Member,09:01 AM,04:32 PM,,,7.02,0.00,0.00,,7.02,0.00,,0.50,$16.25,$114.08,,$5.79,,$0.00
09/14/26,,Team Member,04:31 PM,10:05 PM,,,5.57,0.00,0.00,,5.57,0.00,,0.00,$16.25,$90.51,,$8.74,,$0.00
09/21/26,,Team Member,04:31 PM,10:18 PM,,,5.78,0.00,0.00,,5.78,0.00,,0.00,$16.25,$93.93,,$0.00,,$0.00
Totals:,,,,,,,499.12,0.00,0.00,,499.12,0.00,,19.65,"$7,888.48",,,$838.86,,$0.00
,Signature,,,,,Date,,,,Signature,,,,,,,,,Date,
Employe Name,,,,,Payroll ID,,,,,,,,,,,,,,,
,"Gomez, Madeline",,,,None,,,,,,,,,,,,,,,
Date,,Job,Time In,Time Out,,,Regular,OT,Ext,,Total Hrs,Paid Breaks,,Unpaid Breaks,Rate,Total Pay,,Non-Cash Tips,,Declared Tips
08/27/26,,Team Member,05:23 PM,07:23 PM,,,2.00,0.00,0.00,,2.00,0.00,,0.00,$15.75,$31.50,,$0.00,,$0.00
08/28/26,,Team Member,05:48 PM,07:48 PM,,,2.00,0.00,0.00,,2.00,0.00,,0.00,$15.75,$31.50,,$0.00,,$0.00
09/05/26,,Team Member,02:43 PM,10:19 PM,,,7.20,0.00,0.00,,7.20,0.00,,0.40,$15.75,$113.40,,$0.00,,$0.00
09/07/26,,Team Member,05:35 PM,09:41 PM,,,4.10,0.00,0.00,,4.10,0.00,,0.00,$15.75,$64.58,,$0.00,,$0.00
09/12/26,,Team Member,03:23 PM,09:54 PM,,,6.08,0.00,0.00,,6.08,0.00,,0.43,$15.75,$95.76,,$0.00,,$0.00
09/19/26,,Team Member,03:23 PM,09:45 PM,,,5.88,0.00,0.00,,5.88,0.00,,0.48,$15.75,$92.61,,$0.00,,$0.00
Totals:,,,,,,,27.27,0.00,0.00,,27.27,0.00,,1.32,$429.35,,,$0.00,,$0.00
,Signature,,,,,Date,,,,Signature,,,,,,,,,Date,
Employe Name,,,,,Payroll ID,,,,,,,,,,,,,,,
,"Gonzalez, Elizabeth",,,,None,,,,,,,,,,,,,,,
Date,,Job,Time In,Time Out,,,Regular,OT,Ext,,Total Hrs,Paid Breaks,,Unpaid Breaks,Rate,Total Pay,,Non-Cash Tips,,Declared Tips
08/23/26,,Team Member,12:00 PM,04:00 PM,,,4.00,0.00,0.00,,4.00,0.00,,0.00,$15.75,$63.00,,$0.00,,$0.00
09/04/26,,Team Member,01:30 PM,09:40 PM,,,7.65,0.00,0.00,,7.65,0.00,,0.52,$15.75,$120.49,,$0.00,,$0.00
09/06/26,,Team Member,09:59 AM,04:12 PM,,,6.22,0.00,0.00,,6.22,0.00,,0.00,$15.75,$97.97,,$0.00,,$0.00
09/08/26,,Team Member,03:31 PM,09:41 PM,,,6.17,0.00,0.00,,6.17,0.00,,0.00,$15.75,$97.18,,$0.00,,$0.00
09/11/26,,Team Member,01:00 PM,09:36 PM,,,8.60,0.00,0.00,,8.60,0.00,,0.00,$15.75,$135.45,,$6.60,,$0.00
09/12/26,,Team Member,02:58 PM,09:54 PM,,,6.42,0.00,0.00,,6.42,0.00,,0.52,$15.75,$101.12,,$13.56,,$0.00
09/15/26,,Team Member,03:49 PM,09:32 PM,,,5.72,0.00,0.00,,5.72,0.00,,0.00,$15.75,$90.09,,$6.44,,$0.00
09/17/26,,Team Member,01:00 PM,06:00 PM,,,4.47,0.00,0.00,,4.47,0.00,,0.53,$15.75,$70.40,,$1.25,,$0.00
09/20/26,,Team Member,12:33 PM,09:09 PM,,,8.05,0.00,0.00,,8.05,0.00,,0.55,$15.75,$126.79,,$12.61,,$0.00
Totals:,,,,,,,57.28,0.00,0.00,,57.28,0.00,,2.12,$902.49,,,$40.46,,$0.00
,Signature,,,,,Date,,,,Signature,,,,,,,,,Date,
Employe Name,,,,,Payroll ID,,,,,,,,,,,,,,,
,"Gouer, Aiden",,,,None,,,,,,,,,,,,,,,
Date,,Job,Time In,Time Out,,,Regular,OT,Ext,,Total Hrs,Paid Breaks,,Unpaid Breaks,Rate,Total Pay,,Non-Cash Tips,,Declared Tips
02/21/26,,Team Member,08:00 AM,09:25 AM,,,1.42,0.00,0.00,,1.42,0.00,,0.00,$15.75,$22.37,,$0.00,,$0.00
02/28/26,,Team Member,02:47 PM,07:34 PM,,,4.78,0.00,0.00,,4.78,0.00,,0.00,$15.75,$75.29,,$0.00,,$0.00
03/06/26,,Team Member,02:17 PM,07:01 PM,,,4.73,0.00,0.00,,4.73,0.00,,0.00,$15.75,$74.50,,$0.00,,$0.00
03/07/26,,Team Member,02:28 PM,08:06 PM,,,5.63,0.00,0.00,,5.63,0.00,,0.00,$15.75,$88.67,,$0.00,,$0.00
03/08/26,,Team Member,11:50 AM,08:42 PM,,,8.38,0.00,0.00,,8.38,0.00,,0.48,$15.75,$131.99,,$0.00,,$0.00
03/09/26,,Team Member,03:30 PM,08:15 PM,,,4.75,0.00,0.00,,4.75,0.00,,0.00,$15.75,$74.81,,$7.02,,$0.00
03/09/26,,Team Member,08:15 PM,09:50 PM,,,1.28,0.00,0.00,,1.28,0.00,,0.30,$15.75,$20.16,,$0.00,,$0.00
03/11/26,,Team Member,02:51 PM,08:59 PM,,,5.63,0.00,0.00,,5.63,0.00,,0.50,$15.75,$88.67,,$9.38,,$0.00
03/14/26,,Team Member,07:29 AM,03:03 PM,,,7.05,0.00,0.00,,7.05,0.00,,0.52,$15.75,$111.04,,$27.68,,$0.00
03/16/26,,Team Member,05:27 PM,09:48 PM,,,4.35,0.00,0.00,,4.35,0.00,,0.00,$15.75,$68.51,,$0.00,,$0.00
03/20/26,,Team Member,04:26 PM,09:40 PM,,,5.23,0.00,0.00,,5.23,0.00,,0.00,$15.75,$82.37,,$4.32,,$0.00
03/21/26,,Team Member,03:59 PM,08:58 PM,,,4.58,0.00,0.00,,4.58,0.00,,0.40,$15.75,$72.14,,$0.00,,$0.00
03/23/26,,Team Member,04:52 PM,09:49 PM,,,4.95,0.00,0.00,,4.95,0.00,,0.00,$15.75,$77.96,,$0.00,,$0.00
03/24/26,,Team Member,04:27 PM,09:31 PM,,,5.07,0.00,0.00,,5.07,0.00,,0.00,$15.75,$79.85,,$1.80,,$0.00
03/28/26,,Team Member,03:59 PM,09:05 PM,,,5.10,0.00,0.00,,5.10,0.00,,0.00,$15.75,$80.33,,$0.00,,$0.00
03/31/26,,Team Member,03:54 PM,09:29 PM,,,5.08,0.00,0.00,,5.08,0.00,,0.50,$15.75,$80.01,,$0.00,,$0.00
04/07/26,,Team Member,04:22 PM,09:37 PM,,,4.82,0.00,0.00,,4.82,0.00,,0.43,$15.75,$75.92,,$1.05,,$0.00
04/14/26,,Team Member,03:50 PM,09:36 PM,,,5.27,0.00,0.00,,5.27,0.00,,0.50,$15.75,$83.00,,$8.99,,$0.00
Totals:,,,,,,,88.12,0.00,0.00,,88.12,0.00,,3.63,"$1,387.59",,,$60.24,,$0.00
,Signature,,,,,Date,,,,Signature,,,,,,,,,Date,
Employe Name,,,,,Payroll ID,,,,,,,,,,,,,,,
,"Griffith, Lacey",,,,None,,,,,,,,,,,,,,,
Date,,Job,Time In,Time Out,,,Regular,OT,Ext,,Total Hrs,Paid Breaks,,Unpaid Breaks,Rate,Total Pay,,Non-Cash Tips,,Declared Tips
09/19/26,,Team Member,03:34 PM,09:46 PM,,,6.20,0.00,0.00,,6.20,0.00,,0.00,$15.75,$97.65,,$0.00,,$0.00
09/23/26,,Team Member,03:30 PM,03:58 PM,,,0.47,0.00,0.00,,0.47,0.00,,0.00,$15.75,$7.40,,$0.00,,$0.00
Totals:,,,,,,,6.67,0.00,0.00,,6.67,0.00,,0.00,$105.05,,,$0.00,,$0.00
,Signature,,,,,Date,,,,Signature,,,,,,,,,Date,
Employe Name,,,,,Payroll ID,,,,,,,,,,,,,,,
,"Grzebien, Dawn",,,,None,,,,,,,,,,,,,,,
Date,,Job,Time In,Time Out,,,Regular,OT,Ext,,Total Hrs,Paid Breaks,,Unpaid Breaks,Rate,Total Pay,,Non-Cash Tips,,Declared Tips
02/16/26,,Manager,08:00 AM,04:00 PM,,,8.00,0.00,0.00,,8.00,0.00,,0.00,$20.00,$160.00,,$0.00,,$0.00
02/17/26,,Manager,08:00 AM,04:00 PM,,,8.00,0.00,0.00,,8.00,0.00,,0.00,$20.00,$160.00,,$0.00,,$0.00
02/18/26,,Manager,07:35 AM,05:45 PM,,,10.17,0.00,0.00,,10.17,0.00,,0.00,$20.00,$203.40,,$0.00,,$0.00
02/19/26,,Manager,08:33 AM,09:56 PM,,,13.38,0.00,0.00,,13.38,0.00,,0.00,$20.00,$267.60,,$0.00,,$0.00
02/20/26,,Manager,08:48 AM,05:32 PM,,,8.45,0.28,0.00,,8.73,0.00,,0.00,$20.00,$177.40,,$0.00,,$0.00
02/21/26,,Manager,07:33 AM,02:33 PM,,,0.00,7.00,0.00,,7.00,0.00,,0.00,$20.00,$210.00,,$0.00,,$0.00
02/22/26,,Manager,07:50 AM,06:30 PM,,,0.00,10.67,0.00,,10.67,0.00,,0.00,$20.00,$320.10,,$0.00,,$0.00
02/23/26,,Manager,06:00 AM,07:15 PM,,,0.00,13.25,0.00,,13.25,0.00,,0.00,$20.00,$397.50,,$0.00,,$0.00
02/24/26,,Manager,05:45 AM,05:15 PM,,,11.50,0.00,0.00,,11.50,0.00,,0.00,$20.00,$230.00,,$0.00,,$0.00
02/25/26,,Manager,05:00 AM,09:30 AM,,,4.50,0.00,0.00,,4.50,0.00,,0.00,$20.00,$90.00,,$0.00,,$0.00
02/25/26,,Manager,02:00 PM,04:50 PM,,,2.83,0.00,0.00,,2.83,0.00,,0.00,$20.00,$56.60,,$0.00,,$0.00
02/26/26,,Manager,07:27 AM,02:02 PM,,,6.58,0.00,0.00,,6.58,0.00,,0.00,$20.00,$131.60,,$0.00,,$0.00
02/27/26,,Manager,07:17 AM,07:45 PM,,,12.47,0.00,0.00,,12.47,0.00,,0.00,$20.00,$249.40,,$0.00,,$0.00
02/28/26,,Manager,08:00 AM,04:00 PM,,,2.12,5.88,0.00,,8.00,0.00,,0.00,$20.00,$218.80,,$0.00,,$0.00
03/02/26,,Manager,06:30 AM,06:00 PM,,,0.00,11.50,0.00,,11.50,0.00,,0.00,$20.00,$345.00,,$0.00,,$0.00
03/03/26,,Manager,06:36 AM,06:39 AM,,,0.05,0.00,0.00,,0.05,0.00,,0.00,$20.00,$1.00,,$0.00,,$0.00
03/03/26,,Manager,06:40 AM,04:55 PM,,,10.25,0.00,0.00,,10.25,0.00,,0.00,$20.00,$205.00,,$0.00,,$0.00
03/04/26,,Manager,08:16 AM,04:44 PM,,,8.47,0.00,0.00,,8.47,0.00,,0.00,$20.00,$169.40,,$0.00,,$0.00
03/05/26,,Manager,08:11 AM,04:18 PM,,,8.12,0.00,0.00,,8.12,0.00,,0.00,$20.00,$162.40,,$0.00,,$0.00
03/06/26,,Manager,08:42 AM,04:21 PM,,,7.65,0.00,0.00,,7.65,0.00,,0.00,$20.00,$153.00,,$0.00,,$0.00
03/07/26,,Manager,12:11 PM,03:11 PM,,,3.00,0.00,0.00,,3.00,0.00,,0.00,$20.00,$60.00,,$0.00,,$0.00
03/08/26,,Manager,09:55 AM,10:25 PM,,,2.47,10.03,0.00,,12.50,0.00,,0.00,$20.00,$350.30,,$0.00,,$0.00
03/09/26,,Manager,06:40 AM,10:42 PM,,,0.00,16.03,0.00,,16.03,0.00,,0.00,$20.00,$480.90,,$0.00,,$0.00
03/10/26,,Manager,03:06 PM,09:00 PM,,,5.90,0.00,0.00,,5.90,0.00,,0.00,$20.00,$118.00,,$0.00,,$0.00
03/12/26,,Manager,11:21 AM,07:37 PM,,,8.27,0.00,0.00,,8.27,0.00,,0.00,$20.00,$165.40,,$0.00,,$0.00
03/12/26,,Manager,11:21 AM,07:37 PM,,,8.27,0.00,0.00,,8.27,0.00,,0.00,$20.00,$165.40,,$0.00,,$0.00
03/13/26,,Manager,08:46 AM,01:27 PM,,,4.68,0.00,0.00,,4.68,0.00,,0.00,$20.00,$93.60,,$0.00,,$0.00
03/14/26,,Manager,09:06 AM,06:36 PM,,,9.50,0.00,0.00,,9.50,0.00,,0.00,$20.00,$190.00,,$0.00,,$0.00
03/15/26,,Manager,01:40 AM,07:36 PM,,,3.38,14.55,0.00,,17.93,0.00,,0.00,$20.00,$504.10,,$0.00,,$0.00
03/16/26,,Manager,06:21 AM,07:25 PM,,,0.00,13.07,0.00,,13.07,0.00,,0.00,$20.00,$392.10,,$0.00,,$0.00
03/17/26,,Manager,06:52 AM,06:34 PM,,,11.70,0.00,0.00,,11.70,0.00,,0.00,$20.00,$234.00,,$0.00,,$0.00
03/18/26,,Manager,07:36 AM,02:46 PM,,,7.17,0.00,0.00,,7.17,0.00,,0.00,$20.00,$143.40,,$4.17,,$0.00
03/19/26,,Manager,09:47 AM,06:51 PM,,,9.07,0.00,0.00,,9.07,0.00,,0.00,$20.00,$181.40,,$0.00,,$0.00
03/20/26,,Manager,06:20 AM,07:00 PM,,,12.07,0.60,0.00,,12.67,0.00,,0.00,$20.00,$259.40,,$0.00,,$0.00
03/21/26,,Manager,06:23 AM,03/22/2026 12:00 AM,,,0.00,17.62,0.00,,17.62,0.00,,0.00,$20.00,$528.60,,$0.00,,$0.00
03/23/26,,Manager,08:33 AM,04:12 PM,,,0.00,7.65,0.00,,7.65,0.00,,0.00,$20.00,$229.50,,$0.00,,$0.00
03/24/26,,Manager,06:05 AM,04:36 PM,,,10.52,0.00,0.00,,10.52,0.00,,0.00,$20.00,$210.40,,$0.00,,$0.00
03/25/26,,Manager,06:55 AM,07:45 PM,,,12.83,0.00,0.00,,12.83,0.00,,0.00,$20.00,$256.60,,$2.00,,$0.00
03/26/26,,Manager,07:12 AM,02:16 PM,,,7.07,0.00,0.00,,7.07,0.00,,0.00,$20.00,$141.40,,$0.00,,$0.00
03/27/26,,Manager,07:03 AM,07:00 PM,,,9.58,2.37,0.00,,11.95,0.00,,0.00,$20.00,$262.70,,$2.66,,$0.00
03/28/26,,Manager,06:16 AM,05:55 PM,,,0.00,11.65,0.00,,11.65,0.00,,0.00,$20.00,$349.50,,$0.00,,$0.00
03/29/26,,Manager,11:15 AM,10:15 PM,,,0.00,11.00,0.00,,11.00,0.00,,0.00,$20.00,$330.00,,$0.00,,$0.00
03/30/26,,Manager,06:15 AM,09:43 PM,,,0.00,15.47,0.00,,15.47,0.00,,0.00,$20.00,$464.10,,$0.00,,$0.00
03/31/26,,Manager,06:05 AM,03:31 PM,,,9.43,0.00,0.00,,9.43,0.00,,0.00,$20.00,$188.60,,$0.00,,$0.00
04/01/26,,Manager,06:31 AM,09:53 PM,,,15.37,0.00,0.00,,15.37,0.00,,0.00,$20.00,$307.40,,$0.00,,$0.00
04/02/26,,Manager,07:13 AM,04:18 PM,,,9.08,0.00,0.00,,9.08,0.00,,0.00,$20.00,$181.60,,$0.00,,$0.00
04/03/26,,Manager,06:56 AM,05:58 PM,,,6.12,4.92,0.00,,11.03,0.00,,0.00,$20.00,$270.00,,$0.00,,$0.00
04/07/26,,Manager,06:56 AM,02:20 PM,,,7.40,0.00,0.00,,7.40,0.00,,0.00,$20.00,$148.00,,$0.00,,$0.00
04/08/26,,Manager,07:02 AM,04:10 PM,,,9.13,0.00,0.00,,9.13,0.00,,0.00,$20.00,$182.60,,$0.00,,$0.00
04/09/26,,Manager,06:56 AM,07:11 PM,,,12.25,0.00,0.00,,12.25,0.00,,0.00,$20.00,$245.00,,$0.00,,$0.00
04/10/26,,Manager,06:59 AM,02:30 PM,,,7.52,0.00,0.00,,7.52,0.00,,0.00,$20.00,$150.40,,$0.00,,$0.00
04/14/26,,Manager,06:53 AM,03:57 PM,,,9.07,0.00,0.00,,9.07,0.00,,0.00,$20.00,$181.40,,$0.00,,$0.00
04/15/26,,Manager,06:53 AM,04/16/2026 01:45 AM,,,18.87,0.00,0.00,,18.87,0.00,,0.00,$20.00,$377.40,,$0.00,,$0.00
Total Manager,,,,,,,352.23,173.53,0.00,,525.77,0.00,,0.00,"$12,251.40",,,$8.83,,$0.00
04/16/26,,Owner,06:00 AM,02:30 PM,,,8.50,0.00,0.00,,8.50,0.00,,0.00,$20.00,$170.00,,$0.00,,$0.00
04/17/26,,Owner,07:02 AM,02:33 PM,,,3.57,3.95,0.00,,7.52,0.00,,0.00,$20.00,$189.90,,$0.00,,$0.00
04/21/26,,Owner,06:52 AM,02:30 PM,,,7.63,0.00,0.00,,7.63,0.00,,0.00,$20.00,$152.60,,$0.00,,$0.00
04/22/26,,Owner,07:00 AM,02:00 PM,,,7.00,0.00,0.00,,7.00,0.00,,0.00,$20.00,$140.00,,$0.00,,$0.00
04/23/26,,Owner,06:56 AM,02:00 PM,,,7.07,0.00,0.00,,7.07,0.00,,0.00,$20.00,$141.40,,$0.00,,$0.00
04/24/26,,Owner,06:26 AM,05:30 PM,,,11.07,0.00,0.00,,11.07,0.00,,0.00,$20.00,$221.40,,$0.00,,$0.00
04/27/26,,Owner,06:00 AM,02:30 PM,,,7.23,1.27,0.00,,8.50,0.00,,0.00,$20.00,$182.70,,$0.00,,$0.00
04/28/26,,Owner,06:54 AM,05:20 PM,,,10.43,0.00,0.00,,10.43,0.00,,0.00,$20.00,$208.60,,$0.00,,$0.00
04/29/26,,Owner,06:51 AM,04/30/2026 01:45 AM,,,18.90,0.00,0.00,,18.90,0.00,,0.00,$20.00,$378.00,,$0.00,,$0.00
04/30/26,,Owner,06:55 AM,02:02 PM,,,7.12,0.00,0.00,,7.12,0.00,,0.00,$20.00,$142.40,,$0.00,,$0.00
05/01/26,,Owner,07:07 AM,02:00 PM,,,3.55,3.33,0.00,,6.88,0.00,,0.00,$20.00,$170.90,,$0.00,,$0.00
05/05/26,,Owner,07:00 AM,02:46 PM,,,7.77,0.00,0.00,,7.77,0.00,,0.00,$20.00,$155.40,,$0.00,,$0.00
05/06/26,,Owner,06:57 AM,02:30 PM,,,7.55,0.00,0.00,,7.55,0.00,,0.00,$20.00,$151.00,,$0.00,,$0.00
05/07/26,,Owner,07:01 AM,02:25 PM,,,7.40,0.00,0.00,,7.40,0.00,,0.00,$20.00,$148.00,,$0.00,,$0.00
05/08/26,,Owner,06:54 AM,01:55 PM,,,7.02,0.00,0.00,,7.02,0.00,,0.00,$20.00,$140.40,,$0.00,,$0.00
05/12/26,,Owner,06:46 AM,02:16 PM,,,7.50,0.00,0.00,,7.50,0.00,,0.00,$20.00,$150.00,,$0.00,,$0.00
05/13/26,,Owner,06:55 AM,03:45 PM,,,8.83,0.00,0.00,,8.83,0.00,,0.00,$20.00,$176.60,,$0.00,,$0.00
05/14/26,,Owner,06:55 AM,09:41 PM,,,14.77,0.00,0.00,,14.77,0.00,,0.00,$20.00,$295.40,,$0.00,,$0.00
05/15/26,,Owner,07:01 AM,03:15 PM,,,8.23,0.00,0.00,,8.23,0.00,,0.00,$20.00,$164.60,,$0.00,,$0.00
05/16/26,,Owner,07:59 AM,09:45 PM,,,0.67,13.10,0.00,,13.77,0.00,,0.00,$20.00,$406.40,,$0.00,,$0.00
05/17/26,,Owner,09:36 AM,08:45 PM,,,0.00,11.15,0.00,,11.15,0.00,,0.00,$20.00,$334.50,,$0.00,,$0.00
05/18/26,,Owner,06:56 AM,11:02 PM,,,0.00,16.10,0.00,,16.10,0.00,,0.00,$20.00,$483.00,,$0.00,,$0.00
05/19/26,,Owner,07:02 AM,10:29 PM,,,15.45,0.00,0.00,,15.45,0.00,,0.00,$20.00,$309.00,,$6.37,,$0.00
05/20/26,,Owner,06:32 AM,11:05 PM,,,16.55,0.00,0.00,,16.55,0.00,,0.00,$20.00,$331.00,,$0.00,,$0.00
05/21/26,,Owner,06:51 AM,10:41 PM,,,8.00,7.83,0.00,,15.83,0.00,,0.00,$20.00,$394.90,,$7.87,,$0.00
05/22/26,,Owner,06:31 AM,10:41 PM,,,0.00,16.17,0.00,,16.17,0.00,,0.00,$20.00,$485.10,,$6.33,,$0.00
05/23/26,,Owner,07:30 AM,09:33 PM,,,0.00,14.05,0.00,,14.05,0.00,,0.00,$20.00,$421.50,,$2.00,,$0.00
05/24/26,,Owner,09:55 AM,08:57 PM,,,0.00,11.03,0.00,,11.03,0.00,,0.00,$20.00,$330.90,,$0.80,,$0.00
05/25/26,,Owner,06:57 AM,10:37 PM,,,0.00,15.67,0.00,,15.67,0.00,,0.00,$20.00,$470.10,,$0.00,,$0.00
05/26/26,,Owner,01:16 PM,09:39 PM,,,8.38,0.00,0.00,,8.38,0.00,,0.00,$20.00,$167.60,,$0.00,,$0.00
05/27/26,,Owner,02:22 PM,09:42 PM,,,7.33,0.00,0.00,,7.33,0.00,,0.00,$20.00,$146.60,,$0.00,,$0.00
05/28/26,,Owner,06:42 AM,06:44 AM,,,0.03,0.00,0.00,,0.03,0.00,,0.00,$20.00,$0.60,,$0.00,,$0.00
05/28/26,,Owner,03:48 PM,09:38 PM,,,5.83,0.00,0.00,,5.83,0.00,,0.00,$20.00,$116.60,,$0.00,,$0.00
05/29/26,,Owner,02:18 PM,10:09 PM,,,7.85,0.00,0.00,,7.85,0.00,,0.00,$20.00,$157.00,,$0.00,,$0.00
05/30/26,,Owner,03:08 PM,09:34 PM,,,6.43,0.00,0.00,,6.43,0.00,,0.00,$20.00,$128.60,,$4.21,,$0.00
05/31/26,,Owner,03:00 PM,08:40 PM,,,4.13,1.53,0.00,,5.67,0.00,,0.00,$20.00,$128.50,,$0.00,,$0.00
06/01/26,,Owner,09:00 AM,10:19 PM,,,0.00,13.32,0.00,,13.32,0.00,,0.00,$20.00,$399.60,,$0.00,,$0.00
06/02/26,,Owner,02:09 PM,09:38 PM,,,7.48,0.00,0.00,,7.48,0.00,,0.00,$20.00,$149.60,,$0.00,,$0.00
06/03/26,,Owner,03:27 PM,09:46 PM,,,6.32,0.00,0.00,,6.32,0.00,,0.00,$20.00,$126.40,,$1.00,,$0.00
06/04/26,,Owner,03:15 PM,09:40 PM,,,6.42,0.00,0.00,,6.42,0.00,,0.00,$20.00,$128.40,,$0.00,,$0.00
06/05/26,,Owner,01:40 PM,09:53 PM,,,8.22,0.00,0.00,,8.22,0.00,,0.00,$20.00,$164.40,,$0.00,,$0.00
06/06/26,,Owner,01:56 PM,06/07/2026 01:45 AM,,,11.57,0.25,0.00,,11.82,0.00,,0.00,$20.00,$238.90,,$0.00,,$0.00
06/07/26,,Owner,09:04 AM,08:45 PM,,,0.00,11.68,0.00,,11.68,0.00,,0.00,$20.00,$350.40,,$0.00,,$0.00
06/08/26,,Owner,01:26 PM,10:48 PM,,,0.00,9.37,0.00,,9.37,0.00,,0.00,$20.00,$281.10,,$0.00,,$0.00
06/09/26,,Owner,07:45 AM,10:10 PM,,,14.42,0.00,0.00,,14.42,0.00,,0.00,$20.00,$288.40,,$0.00,,$0.00
06/10/26,,Owner,01:30 PM,10:54 PM,,,9.40,0.00,0.00,,9.40,0.00,,0.00,$20.00,$188.00,,$0.00,,$0.00
06/11/26,,Owner,01:22 PM,09:54 PM,,,8.53,0.00,0.00,,8.53,0.00,,0.00,$20.00,$170.60,,$0.00,,$0.00
06/12/26,,Owner,08:37 AM,10:10 PM,,,7.65,5.90,0.00,,13.55,0.00,,0.00,$20.00,$330.00,,$0.00,,$0.00
06/12/26,,Owner,10:13 PM,10:14 PM,,,0.00,0.02,0.00,,0.02,0.00,,0.00,$20.00,$0.60,,$0.00,,$0.00
06/13/26,,Owner,03:00 PM,09:41 PM,,,0.00,6.68,0.00,,6.68,0.00,,0.00,$20.00,$200.40,,$0.00,,$0.00
06/14/26,,Owner,05:11 PM,08:34 PM,,,0.00,3.38,0.00,,3.38,0.00,,0.00,$20.00,$101.40,,$0.00,,$0.00
06/15/26,,Owner,07:03 AM,10:21 PM,,,0.00,15.30,0.00,,15.30,0.00,,0.00,$20.00,$459.00,,$2.00,,$0.00
06/16/26,,Owner,04:46 PM,09:35 PM,,,4.82,0.00,0.00,,4.82,0.00,,0.00,$20.00,$96.40,,$0.00,,$0.00
06/17/26,,Owner,06:29 AM,09:25 PM,,,14.93,0.00,0.00,,14.93,0.00,,0.00,$20.00,$298.60,,$0.00,,$0.00
06/18/26,,Owner,02:01 PM,09:27 PM,,,7.43,0.00,0.00,,7.43,0.00,,0.00,$20.00,$148.60,,$0.00,,$0.00
06/19/26,,Owner,06:26 AM,09:43 PM,,,12.82,2.47,0.00,,15.28,0.00,,0.00,$20.00,$330.50,,$0.00,,$0.00
06/20/26,,Owner,03:10 PM,10:04 PM,,,0.00,6.90,0.00,,6.90,0.00,,0.00,$20.00,$207.00,,$0.00,,$0.00
06/21/26,,Owner,03:36 PM,09:08 PM,,,0.00,5.53,0.00,,5.53,0.00,,0.00,$20.00,$165.90,,$0.00,,$0.00
06/22/26,,Owner,01:30 PM,10:18 PM,,,0.00,8.80,0.00,,8.80,0.00,,0.00,$20.00,$264.00,,$0.00,,$0.00
06/23/26,,Owner,01:30 PM,09:39 PM,,,8.15,0.00,0.00,,8.15,0.00,,0.00,$20.00,$163.00,,$0.00,,$0.00
06/24/26,,Owner,01:30 PM,10:32 PM,,,9.03,0.00,0.00,,9.03,0.00,,0.00,$20.00,$180.60,,$0.00,,$0.00
06/25/26,,Owner,01:30 PM,09:27 PM,,,7.95,0.00,0.00,,7.95,0.00,,0.00,$20.00,$159.00,,$0.00,,$0.00
06/25/26,,Owner,09:28 PM,09:28 PM,,,0.00,0.00,0.00,,0.00,0.00,,0.00,$20.00,$0.00,,$0.00,,$0.00
06/26/26,,Owner,01:55 PM,09:39 PM,,,7.73,0.00,0.00,,7.73,0.00,,0.00,$20.00,$154.60,,$0.00,,$0.00
06/27/26,,Owner,05:24 PM,10:50 PM,,,5.43,0.00,0.00,,5.43,0.00,,0.00,$20.00,$108.60,,$0.00,,$0.00
06/28/26,,Owner,01:00 PM,08:33 PM,,,1.70,5.85,0.00,,7.55,0.00,,0.00,$20.00,$209.50,,$0.00,,$0.00
06/29/26,,Owner,10:40 AM,10:20 PM,,,0.00,11.67,0.00,,11.67,0.00,,0.00,$20.00,$350.10,,$0.00,,$0.00
06/30/26,,Owner,01:35 PM,10:05 PM,,,8.50,0.00,0.00,,8.50,0.00,,0.00,$20.00,$170.00,,$0.00,,$0.00
07/01/26,,Owner,02:00 PM,10:32 PM,,,8.53,0.00,0.00,,8.53,0.00,,0.00,$20.00,$170.60,,$0.00,,$0.00
07/02/26,,Owner,01:30 PM,09:32 PM,,,8.03,0.00,0.00,,8.03,0.00,,0.00,$20.00,$160.60,,$0.00,,$0.00
07/03/26,,Owner,02:15 PM,10:34 PM,,,8.32,0.00,0.00,,8.32,0.00,,0.00,$20.00,$166.40,,$0.00,,$0.00
07/03/26,,Owner,10:43 PM,10:44 PM,,,0.02,0.00,0.00,,0.02,0.00,,0.00,$20.00,$0.40,,$0.00,,$0.00
07/04/26,,Owner,07:11 PM,08:41 PM,,,1.50,0.00,0.00,,1.50,0.00,,0.00,$20.00,$30.00,,$0.00,,$0.00
07/05/26,,Owner,05:00 PM,08:45 PM,,,3.75,0.00,0.00,,3.75,0.00,,0.00,$20.00,$75.00,,$0.00,,$0.00
07/06/26,,Owner,01:37 PM,10:23 PM,,,1.35,7.42,0.00,,8.77,0.00,,0.00,$20.00,$249.60,,$0.00,,$0.00
07/07/26,,Owner,02:30 PM,10:04 PM,,,7.57,0.00,0.00,,7.57,0.00,,0.00,$20.00,$151.40,,$0.00,,$0.00
07/08/26,,Owner,12:00 PM,11:24 PM,,,11.40,0.00,0.00,,11.40,0.00,,0.00,$20.00,$228.00,,$0.00,,$0.00
07/09/26,,Owner,02:09 PM,10:14 PM,,,8.08,0.00,0.00,,8.08,0.00,,0.00,$20.00,$161.60,,$0.00,,$0.00
07/10/26,,Owner,01:30 PM,09:59 PM,,,8.48,0.00,0.00,,8.48,0.00,,0.00,$20.00,$169.60,,$0.00,,$0.00
07/11/26,,Owner,02:35 PM,09:53 PM,,,4.47,2.83,0.00,,7.30,0.00,,0.00,$20.00,$174.30,,$0.00,,$0.00
07/12/26,,Owner,03:00 PM,09:03 PM,,,0.00,6.05,0.00,,6.05,0.00,,0.00,$20.00,$181.50,,$0.00,,$0.00
07/13/26,,Owner,12:59 PM,10:21 PM,,,0.00,9.37,0.00,,9.37,0.00,,0.00,$20.00,$281.10,,$0.00,,$0.00
07/14/26,,Owner,01:30 PM,09:46 PM,,,8.27,0.00,0.00,,8.27,0.00,,0.00,$20.00,$165.40,,$0.00,,$0.00
07/15/26,,Owner,01:00 PM,09:52 PM,,,8.87,0.00,0.00,,8.87,0.00,,0.00,$20.00,$177.40,,$0.00,,$0.00
07/16/26,,Owner,01:45 PM,09:57 PM,,,8.20,0.00,0.00,,8.20,0.00,,0.00,$20.00,$164.00,,$0.00,,$0.00
07/17/26,,Owner,09:00 AM,01:00 PM,,,4.00,0.00,0.00,,4.00,0.00,,0.00,$20.00,$80.00,,$0.00,,$0.00
07/17/26,,Owner,05:55 PM,10:11 PM,,,4.27,0.00,0.00,,4.27,0.00,,0.00,$20.00,$85.40,,$0.00,,$0.00
07/18/26,,Owner,12:50 PM,10:27 PM,,,6.40,3.22,0.00,,9.62,0.00,,0.00,$20.00,$224.60,,$0.00,,$0.00
07/19/26,,Owner,09:00 AM,02:00 PM,,,0.00,5.00,0.00,,5.00,0.00,,0.00,$20.00,$150.00,,$0.00,,$0.00
07/19/26,,Owner,04:44 PM,09:17 PM,,,0.00,4.55,0.00,,4.55,0.00,,0.00,$20.00,$136.50,,$0.00,,$0.00
07/20/26,,Owner,01:15 PM,10:22 PM,,,0.00,9.12,0.00,,9.12,0.00,,0.00,$20.00,$273.60,,$0.00,,$0.00
07/21/26,,Owner,02:00 PM,11:14 PM,,,9.23,0.00,0.00,,9.23,0.00,,0.00,$20.00,$184.60,,$0.00,,$0.00
07/22/26,,Owner,08:00 AM,06:00 PM,,,10.00,0.00,0.00,,10.00,0.00,,0.00,$20.00,$200.00,,$0.00,,$0.00
07/22/26,,Owner,07:33 PM,10:19 PM,,,2.77,0.00,0.00,,2.77,0.00,,0.00,$20.00,$55.40,,$0.00,,$0.00
07/23/26,,Owner,09:00 AM,05:00 PM,,,8.00,0.00,0.00,,8.00,0.00,,0.00,$20.00,$160.00,,$0.00,,$0.00
07/23/26,,Owner,08:08 PM,10:33 PM,,,2.42,0.00,0.00,,2.42,0.00,,0.00,$20.00,$48.40,,$0.00,,$0.00
07/24/26,,Owner,07:30 AM,10:08 PM,,,7.58,7.05,0.00,,14.63,0.00,,0.00,$20.00,$363.10,,$0.00,,$0.00
07/25/26,,Owner,09:00 AM,04:00 PM,,,0.00,7.00,0.00,,7.00,0.00,,0.00,$20.00,$210.00,,$0.00,,$0.00
07/25/26,,Owner,08:17 PM,10:07 PM,,,0.00,1.83,0.00,,1.83,0.00,,0.00,$20.00,$54.90,,$0.00,,$0.00
07/26/26,,Owner,12:02 PM,09:14 PM,,,0.00,9.20,0.00,,9.20,0.00,,0.00,$20.00,$276.00,,$0.00,,$0.00
07/27/26,,Owner,09:00 AM,11:03 PM,,,0.00,14.05,0.00,,14.05,0.00,,0.00,$20.00,$421.50,,$0.00,,$0.00
07/28/26,,Owner,07:54 AM,09:57 PM,,,14.05,0.00,0.00,,14.05,0.00,,0.00,$20.00,$281.00,,$0.00,,$0.00
07/29/26,,Owner,12:25 PM,10:18 PM,,,9.88,0.00,0.00,,9.88,0.00,,0.00,$20.00,$197.60,,$0.00,,$0.00
07/30/26,,Owner,12:00 PM,09:48 PM,,,9.80,0.00,0.00,,9.80,0.00,,0.00,$20.00,$196.00,,$0.00,,$0.00
07/31/26,,Owner,01:00 PM,10:05 PM,,,6.27,2.82,0.00,,9.08,0.00,,0.00,$20.00,$210.00,,$0.00,,$0.00
08/01/26,,Owner,06:30 PM,11:05 PM,,,0.00,4.58,0.00,,4.58,0.00,,0.00,$20.00,$137.40,,$0.00,,$0.00
08/02/26,,Owner,04:58 PM,09:51 PM,,,0.00,4.88,0.00,,4.88,0.00,,0.00,$20.00,$146.40,,$0.00,,$0.00
08/03/26,,Owner,01:53 PM,10:32 PM,,,0.00,8.65,0.00,,8.65,0.00,,0.00,$20.00,$259.50,,$0.00,,$0.00
08/04/26,,Owner,11:00 AM,09:49 PM,,,10.82,0.00,0.00,,10.82,0.00,,0.00,$20.00,$216.40,,$0.00,,$0.00
08/05/26,,Owner,10:00 AM,09:57 PM,,,11.95,0.00,0.00,,11.95,0.00,,0.00,$20.00,$239.00,,$0.00,,$0.00
08/06/26,,Owner,03:28 PM,10:10 PM,,,6.70,0.00,0.00,,6.70,0.00,,0.00,$20.00,$134.00,,$0.00,,$0.00
08/07/26,,Owner,07:23 AM,10:27 PM,,,10.53,4.53,0.00,,15.07,0.00,,0.00,$20.00,$346.50,,$0.00,,$0.00
08/07/26,,Owner,10:31 PM,10:31 PM,,,0.00,0.00,0.00,,0.00,0.00,,0.00,$20.00,$0.00,,$0.00,,$0.00
08/08/26,,Owner,01:15 PM,10:17 PM,,,0.00,9.03,0.00,,9.03,0.00,,0.00,$20.00,$270.90,,$0.00,,$0.00
08/09/26,,Owner,09:00 AM,09:07 PM,,,0.00,12.12,0.00,,12.12,0.00,,0.00,$20.00,$363.60,,$0.00,,$0.00
08/10/26,,Owner,08:00 AM,10:20 PM,,,0.00,14.33,0.00,,14.33,0.00,,0.00,$20.00,$429.90,,$0.00,,$0.00
08/11/26,,Owner,01:50 PM,10:04 PM,,,8.23,0.00,0.00,,8.23,0.00,,0.00,$20.00,$164.60,,$1.25,,$0.00
08/12/26,,Owner,10:30 AM,09:42 PM,,,11.20,0.00,0.00,,11.20,0.00,,0.00,$20.00,$224.00,,$0.00,,$0.00
08/13/26,,Owner,02:00 PM,09:37 PM,,,7.62,0.00,0.00,,7.62,0.00,,0.00,$20.00,$152.40,,$0.00,,$0.00
08/14/26,,Owner,01:38 PM,10:38 PM,,,9.00,0.00,0.00,,9.00,0.00,,0.00,$20.00,$180.00,,$0.00,,$0.00
08/15/26,,Owner,01:05 PM,10:55 PM,,,3.95,5.88,0.00,,9.83,0.00,,0.00,$20.00,$255.40,,$0.00,,$0.00
08/16/26,,Owner,05:38 PM,09:09 PM,,,0.00,3.52,0.00,,3.52,0.00,,0.00,$20.00,$105.60,,$0.00,,$0.00
08/17/26,,Owner,06:00 AM,10:36 PM,,,0.00,16.60,0.00,,16.60,0.00,,0.00,$20.00,$498.00,,$0.00,,$0.00
08/18/26,,Owner,02:00 PM,09:54 PM,,,7.90,0.00,0.00,,7.90,0.00,,0.00,$20.00,$158.00,,$0.00,,$0.00
08/19/26,,Owner,02:02 PM,10:15 PM,,,8.22,0.00,0.00,,8.22,0.00,,0.00,$20.00,$164.40,,$0.00,,$0.00
08/20/26,,Owner,01:45 PM,09:44 PM,,,7.98,0.00,0.00,,7.98,0.00,,0.00,$20.00,$159.60,,$0.00,,$0.00
08/21/26,,Owner,12:20 PM,10:33 PM,,,10.22,0.00,0.00,,10.22,0.00,,0.00,$20.00,$204.40,,$0.00,,$0.00
08/22/26,,Owner,01:30 PM,09:55 PM,,,5.68,2.73,0.00,,8.42,0.00,,0.00,$20.00,$195.50,,$0.00,,$0.00
08/23/26,,Owner,09:28 AM,09:18 PM,,,0.00,11.83,0.00,,11.83,0.00,,0.00,$20.00,$354.90,,$0.00,,$0.00
08/24/26,,Owner,01:26 PM,10:28 PM,,,0.00,9.03,0.00,,9.03,0.00,,0.00,$20.00,$270.90,,$0.00,,$0.00
08/25/26,,Owner,02:01 PM,10:39 PM,,,8.63,0.00,0.00,,8.63,0.00,,0.00,$20.00,$172.60,,$0.00,,$0.00
08/26/26,,Owner,12:45 PM,09:36 PM,,,8.85,0.00,0.00,,8.85,0.00,,0.00,$20.00,$177.00,,$0.00,,$0.00
08/27/26,,Owner,12:00 PM,09:00 PM,,,9.00,0.00,0.00,,9.00,0.00,,0.00,$20.00,$180.00,,$0.00,,$0.00
08/28/26,,Owner,07:15 AM,09:45 PM,,,13.52,0.98,0.00,,14.50,0.00,,0.00,$20.00,$299.80,,$0.00,,$0.00
08/30/26,,Owner,12:00 PM,09:00 PM,,,0.00,9.00,0.00,,9.00,0.00,,0.00,$20.00,$270.00,,$0.00,,$0.00
08/31/26,,Owner,01:00 PM,10:00 PM,,,0.00,9.00,0.00,,9.00,0.00,,0.00,$20.00,$270.00,,$0.00,,$0.00
09/01/26,,Owner,06:30 AM,12:13 PM,,,5.72,0.00,0.00,,5.72,0.00,,0.00,$20.00,$114.40,,$0.00,,$0.00
09/01/26,,Owner,12:15 PM,10:15 PM,,,10.00,0.00,0.00,,10.00,0.00,,0.00,$20.00,$200.00,,$0.00,,$0.00
08/29/26,,Owner,09/01/2026 01:00 PM,09/01/2026 10:00 PM,,,0.00,9.00,0.00,,9.00,0.00,,0.00,$20.00,$270.00,,$0.00,,$0.00
09/02/26,,Owner,02:30 PM,10:30 PM,,,8.00,0.00,0.00,,8.00,0.00,,0.00,$20.00,$160.00,,$0.00,,$0.00
09/03/26,,Owner,07:00 AM,09:54 PM,,,14.90,0.00,0.00,,14.90,0.00,,0.00,$20.00,$298.00,,$5.81,,$0.00
09/04/26,,Owner,06:30 AM,09:50 PM,,,1.38,13.95,0.00,,15.33,0.00,,0.00,$20.00,$446.10,,$0.00,,$0.00
09/05/26,,Owner,08:20 AM,10:23 PM,,,0.00,14.05,0.00,,14.05,0.00,,0.00,$20.00,$421.50,,$0.00,,$0.00
09/06/26,,Owner,09:28 AM,09:09 PM,,,0.00,11.68,0.00,,11.68,0.00,,0.00,$20.00,$350.40,,$0.00,,$0.00
09/07/26,,Owner,09:24 PM,09:48 PM,,,0.00,0.40,0.00,,0.40,0.00,,0.00,$20.00,$12.00,,$0.00,,$0.00
09/08/26,,Owner,10:00 AM,09:53 PM,,,11.88,0.00,0.00,,11.88,0.00,,0.00,$20.00,$237.60,,$0.00,,$0.00
09/11/26,,Owner,06:00 PM,09:54 PM,,,3.90,0.00,0.00,,3.90,0.00,,0.00,$20.00,$78.00,,$0.00,,$0.00
09/12/26,,Owner,09:30 AM,10:04 PM,,,12.57,0.00,0.00,,12.57,0.00,,0.00,$20.00,$251.40,,$0.00,,$0.00
09/13/26,,Owner,05:07 PM,09:00 PM,,,3.88,0.00,0.00,,3.88,0.00,,0.00,$20.00,$77.60,,$0.00,,$0.00
09/15/26,,Owner,03:45 PM,09:47 PM,,,6.03,0.00,0.00,,6.03,0.00,,0.00,$20.00,$120.60,,$0.00,,$0.00
09/16/26,,Owner,01:59 PM,09/17/2026 01:45 AM,,,11.77,0.00,0.00,,11.77,0.00,,0.00,$20.00,$235.40,,$0.00,,$0.00
09/17/26,,Owner,01:30 PM,09:41 PM,,,8.18,0.00,0.00,,8.18,0.00,,0.00,$20.00,$163.60,,$0.00,,$0.00
09/18/26,,Owner,09:00 AM,09:44 PM,,,12.73,0.00,0.00,,12.73,0.00,,0.00,$20.00,$254.60,,$0.00,,$0.00
09/19/26,,Owner,09:00 AM,10:01 PM,,,1.28,11.73,0.00,,13.02,0.00,,0.00,$20.00,$377.50,,$0.00,,$0.00
09/20/26,,Owner,09:00 PM,09:19 PM,,,0.00,0.32,0.00,,0.32,0.00,,0.00,$20.00,$9.60,,$0.00,,$0.00
09/21/26,,Owner,10:00 AM,10:22 PM,,,0.00,12.37,0.00,,12.37,0.00,,0.00,$20.00,$371.10,,$0.00,,$0.00
09/22/26,,Owner,01:50 PM,10:00 PM,,,8.17,0.00,0.00,,8.17,0.00,,0.00,$20.00,$163.40,,$0.00,,$0.00
09/23/26,,Owner,06:04 AM,09/24/2026 01:45 AM,,,19.68,0.00,0.00,,19.68,0.00,,0.00,$20.00,$393.60,,$0.00,,$0.00
09/24/26,,Owner,06:28 AM,02:03 PM,,,7.58,0.00,0.00,,7.58,0.00,,0.00,$20.00,$151.60,,$0.00,,$0.00
09/24/26,,Owner,02:03 PM,,,,0.30,0.00,0.00,,0.30,0.00,,0.00,$20.00,$6.00,,$0.00,,$0.00
Total Owner,,,,,,,909.77,512.02,0.00,,"1,421.78",0.00,,0.00,"$33,555.00",,,$37.64,,$0.00
Totals:,,,,,,,"1,262.00",685.55,0.00,,"1,947.55",0.00,,0.00,"$45,806.40",,,$46.47,,$0.00
,Signature,,,,,Date,,,,Signature,,,,,,,,,Date,
Employe Name,,,,,Payroll ID,,,,,,,,,,,,,,,
,"Grzebien, Dennis",,,,None,,,,,,,,,,,,,,,
Date,,Job,Time In,Time Out,,,Regular,OT,Ext,,Total Hrs,Paid Breaks,,Unpaid Breaks,Rate,Total Pay,,Non-Cash Tips,,Declared Tips
06/19/26,,Owner,06:57 AM,09:42 PM,,,14.75,0.00,0.00,,14.75,0.00,,0.00,$0.00,$0.00,,$0.00,,$0.00
06/20/26,,Owner,03:13 PM,10:07 PM,,,6.90,0.00,0.00,,6.90,0.00,,0.00,$0.00,$0.00,,$0.00,,$0.00
06/26/26,,Owner,01:55 PM,10:00 PM,,,8.08,0.00,0.00,,8.08,0.00,,0.00,$0.00,$0.00,,$0.00,,$0.00
06/27/26,,Owner,02:57 PM,10:50 PM,,,7.88,0.00,0.00,,7.88,0.00,,0.00,$0.00,$0.00,,$0.00,,$0.00
06/28/26,,Owner,01:05 PM,03:00 PM,,,1.92,0.00,0.00,,1.92,0.00,,0.00,$0.00,$0.00,,$0.00,,$0.00
07/03/26,,Owner,03:02 PM,05:52 PM,,,2.83,0.00,0.00,,2.83,0.00,,0.00,$0.00,$0.00,,$0.00,,$0.00
07/04/26,,Owner,03:04 PM,08:43 PM,,,5.65,0.00,0.00,,5.65,0.00,,0.00,$0.00,$0.00,,$0.00,,$0.00
07/05/26,,Owner,05:00 PM,08:45 PM,,,3.75,0.00,0.00,,3.75,0.00,,0.00,$0.00,$0.00,,$0.00,,$0.00
07/10/26,,Owner,04:06 PM,10:09 PM,,,6.05,0.00,0.00,,6.05,0.00,,0.00,$20.00,$121.00,,$0.00,,$0.00
07/11/26,,Owner,03:37 PM,09:53 PM,,,6.27,0.00,0.00,,6.27,0.00,,0.00,$20.00,$125.40,,$0.00,,$0.00
07/12/26,,Owner,04:10 PM,09:03 PM,,,4.88,0.00,0.00,,4.88,0.00,,0.00,$20.00,$97.60,,$0.00,,$0.00
07/17/26,,Owner,05:55 PM,10:11 PM,,,4.27,0.00,0.00,,4.27,0.00,,0.00,$20.00,$85.40,,$0.00,,$0.00
07/18/26,,Owner,12:49 PM,10:24 PM,,,9.58,0.00,0.00,,9.58,0.00,,0.00,$20.00,$191.60,,$0.00,,$0.00
07/19/26,,Owner,04:45 PM,09:20 PM,,,4.58,0.00,0.00,,4.58,0.00,,0.00,$20.00,$91.60,,$0.00,,$0.00
07/20/26,,Owner,03:19 PM,10:22 PM,,,7.05,0.00,0.00,,7.05,0.00,,0.00,$20.00,$141.00,,$0.00,,$0.00
07/21/26,,Owner,03:43 PM,11:14 PM,,,7.52,0.00,0.00,,7.52,0.00,,0.00,$20.00,$150.40,,$0.00,,$0.00
07/22/26,,Owner,04:46 PM,10:19 PM,,,5.55,0.00,0.00,,5.55,0.00,,0.00,$20.00,$111.00,,$0.00,,$0.00
07/24/26,,Owner,07:08 AM,10:02 PM,,,14.90,0.00,0.00,,14.90,0.00,,0.00,$20.00,$298.00,,$0.00,,$0.00
07/25/26,,Owner,07:48 PM,10:07 PM,,,2.32,0.00,0.00,,2.32,0.00,,0.00,$20.00,$46.40,,$0.00,,$0.00
07/31/26,,Owner,02:36 PM,10:05 PM,,,7.48,0.00,0.00,,7.48,0.00,,0.00,$20.00,$149.60,,$0.00,,$0.00
08/01/26,,Owner,02:40 PM,11:05 PM,,,8.42,0.00,0.00,,8.42,0.00,,0.00,$20.00,$168.40,,$0.00,,$0.00
08/02/26,,Owner,11:56 AM,09:51 PM,,,9.92,0.00,0.00,,9.92,0.00,,0.00,$20.00,$198.40,,$0.00,,$0.00
08/07/26,,Owner,05:09 PM,10:27 PM,,,5.30,0.00,0.00,,5.30,0.00,,0.00,$20.00,$106.00,,$0.00,,$0.00
08/08/26,,Owner,01:31 PM,10:17 PM,,,8.77,0.00,0.00,,8.77,0.00,,0.00,$20.00,$175.40,,$0.00,,$0.00
08/09/26,,Owner,09:22 AM,09:07 PM,,,11.75,0.00,0.00,,11.75,0.00,,0.00,$20.00,$235.00,,$0.00,,$0.00
08/14/26,,Owner,01:34 PM,10:37 PM,,,9.05,0.00,0.00,,9.05,0.00,,0.00,$20.00,$181.00,,$0.00,,$0.00
08/15/26,,Owner,01:06 PM,11:00 PM,,,9.90,0.00,0.00,,9.90,0.00,,0.00,$20.00,$198.00,,$2.00,,$0.00
08/16/26,,Owner,04:53 PM,09:16 PM,,,4.38,0.00,0.00,,4.38,0.00,,0.00,$20.00,$87.60,,$0.00,,$0.00
08/17/26,,Owner,04:05 PM,10:36 PM,,,6.52,0.00,0.00,,6.52,0.00,,0.00,$20.00,$130.40,,$3.00,,$0.00
08/18/26,,Owner,01:21 PM,09:54 PM,,,8.55,0.00,0.00,,8.55,0.00,,0.00,$20.00,$171.00,,$0.00,,$0.00
08/19/26,,Owner,02:01 PM,10:15 PM,,,8.23,0.00,0.00,,8.23,0.00,,0.00,$20.00,$164.60,,$0.00,,$0.00
08/20/26,,Owner,01:45 PM,09:44 PM,,,7.98,0.00,0.00,,7.98,0.00,,0.00,$20.00,$159.60,,$0.00,,$0.00
08/21/26,,Owner,12:20 PM,10:34 PM,,,10.23,0.00,0.00,,10.23,0.00,,0.00,$20.00,$204.60,,$0.00,,$0.00
08/22/26,,Owner,01:30 PM,09:55 PM,,,5.00,3.42,0.00,,8.42,0.00,,0.00,$20.00,$202.60,,$0.00,,$0.00
08/23/26,,Owner,09:23 AM,09:18 PM,,,0.00,11.92,0.00,,11.92,0.00,,0.00,$20.00,$357.60,,$1.73,,$0.00
08/24/26,,Owner,01:23 PM,10:29 PM,,,0.00,9.10,0.00,,9.10,0.00,,0.00,$20.00,$273.00,,$0.00,,$0.00
08/25/26,,Owner,01:16 PM,10:39 PM,,,9.38,0.00,0.00,,9.38,0.00,,0.00,$20.00,$187.60,,$0.00,,$0.00
08/26/26,,Owner,12:40 PM,09:36 PM,,,8.93,0.00,0.00,,8.93,0.00,,0.00,$20.00,$178.60,,$0.00,,$0.00
08/27/26,,Owner,12:41 PM,09:48 PM,,,9.12,0.00,0.00,,9.12,0.00,,0.00,$20.00,$182.40,,$0.00,,$0.00
08/28/26,,Owner,07:12 AM,09:59 PM,,,12.57,2.22,0.00,,14.78,0.00,,0.00,$20.00,$318.00,,$0.00,,$0.00
08/29/26,,Owner,01:46 PM,10:11 PM,,,0.00,8.42,0.00,,8.42,0.00,,0.00,$20.00,$252.60,,$0.00,,$0.00
08/30/26,,Owner,01:16 PM,09:21 PM,,,0.00,8.08,0.00,,8.08,0.00,,0.00,$20.00,$242.40,,$0.00,,$0.00
08/31/26,,Owner,01:36 PM,09:59 PM,,,0.00,8.38,0.00,,8.38,0.00,,0.00,$20.00,$251.40,,$0.00,,$0.00
09/01/26,,Owner,06:31 AM,08:15 PM,,,13.73,0.00,0.00,,13.73,0.00,,0.00,$20.00,$274.60,,$0.00,,$0.00
09/02/26,,Owner,06:26 AM,10:30 PM,,,16.07,0.00,0.00,,16.07,0.00,,0.00,$20.00,$321.40,,$0.00,,$0.00
09/03/26,,Owner,06:27 AM,09:54 PM,,,10.20,5.25,0.00,,15.45,0.00,,0.00,$20.00,$361.50,,$15.11,,$0.00
09/04/26,,Owner,06:35 AM,09:50 PM,,,0.00,15.25,0.00,,15.25,0.00,,0.00,$20.00,$457.50,,$2.26,,$0.00
09/05/26,,Owner,07:31 AM,10:23 PM,,,0.00,14.87,0.00,,14.87,0.00,,0.00,$20.00,$446.10,,$0.00,,$0.00
09/06/26,,Owner,09:28 AM,09:10 PM,,,0.00,11.70,0.00,,11.70,0.00,,0.00,$20.00,$351.00,,$9.06,,$0.00
09/07/26,,Owner,01:23 PM,09:48 PM,,,0.00,8.42,0.00,,8.42,0.00,,0.00,$20.00,$252.60,,$0.00,,$0.00
09/08/26,,Owner,01:30 PM,09:53 PM,,,8.38,0.00,0.00,,8.38,0.00,,0.00,$20.00,$167.60,,$0.00,,$0.00
09/09/26,,Owner,05:30 PM,09:40 PM,,,4.17,0.00,0.00,,4.17,0.00,,0.00,$20.00,$83.40,,$0.00,,$0.00
09/10/26,,Owner,06:27 AM,06:28 AM,,,0.02,0.00,0.00,,0.02,0.00,,0.00,$20.00,$0.40,,$0.00,,$0.00
09/10/26,,Owner,03:40 PM,09:42 PM,,,6.03,0.00,0.00,,6.03,0.00,,0.00,$20.00,$120.60,,$0.00,,$0.00
09/11/26,,Owner,04:56 PM,09:53 PM,,,4.95,0.00,0.00,,4.95,0.00,,0.00,$20.00,$99.00,,$0.00,,$0.00
09/12/26,,Owner,02:59 PM,10:04 PM,,,7.08,0.00,0.00,,7.08,0.00,,0.00,$20.00,$141.60,,$0.00,,$0.00
09/13/26,,Owner,05:07 PM,09:00 PM,,,3.88,0.00,0.00,,3.88,0.00,,0.00,$20.00,$77.60,,$0.00,,$0.00
09/14/26,,Owner,04:29 PM,09:45 PM,,,5.27,0.00,0.00,,5.27,0.00,,0.00,$20.00,$105.40,,$0.00,,$0.00
09/15/26,,Owner,03:44 PM,09:47 PM,,,6.05,0.00,0.00,,6.05,0.00,,0.00,$20.00,$121.00,,$0.00,,$0.00
09/16/26,,Owner,01:59 PM,09:57 PM,,,7.97,0.00,0.00,,7.97,0.00,,0.00,$20.00,$159.40,,$0.00,,$0.00
09/18/26,,Owner,02:28 PM,09:42 PM,,,7.23,0.00,0.00,,7.23,0.00,,0.00,$20.00,$144.60,,$0.00,,$0.00
09/19/26,,Owner,02:13 PM,10:00 PM,,,7.78,0.00,0.00,,7.78,0.00,,0.00,$20.00,$155.60,,$0.00,,$0.00
09/20/26,,Owner,04:53 PM,09/21/2026 01:45 AM,,,8.87,0.00,0.00,,8.87,0.00,,0.00,$20.00,$177.40,,$0.00,,$0.00
09/21/26,,Owner,12:38 PM,10:21 PM,,,2.10,7.62,0.00,,9.72,0.00,,0.00,$20.00,$270.60,,$0.00,,$0.00
09/22/26,,Owner,01:58 PM,10:00 PM,,,8.03,0.00,0.00,,8.03,0.00,,0.00,$20.00,$160.60,,$0.00,,$0.00
09/23/26,,Owner,01:48 PM,11:21 PM,,,9.55,0.00,0.00,,9.55,0.00,,0.00,$20.00,$191.00,,$0.00,,$0.00
Totals:,,,,,,,423.58,114.63,0.00,,538.22,0.00,,0.00,"$10,875.70",,,$33.16,,$0.00
,Signature,,,,,Date,,,,Signature,,,,,,,,,Date,
Employe Name,,,,,Payroll ID,,,,,,,,,,,,,,,
,"Grzebien, Ian",,,,None,,,,,,,,,,,,,,,
Date,,Job,Time In,Time Out,,,Regular,OT,Ext,,Total Hrs,Paid Breaks,,Unpaid Breaks,Rate,Total Pay,,Non-Cash Tips,,Declared Tips
02/15/26,,Manager - Salary,03:00 PM,03:02 PM,,,0.03,0.00,0.00,,0.03,0.00,,0.00,$0.00,$0.00,,$0.00,,$0.00
02/15/26,,Manager - Salary,03:17 PM,03:23 PM,,,0.10,0.00,0.00,,0.10,0.00,,0.00,$0.00,$0.00,,$0.00,,$0.00
Totals:,,,,,,,0.13,0.00,0.00,,0.13,0.00,,0.00,$0.00,,,$0.00,,$0.00
,Signature,,,,,Date,,,,Signature,,,,,,,,,Date,
Employe Name,,,,,Payroll ID,,,,,,,,,,,,,,,
,"Grzebien, Ian",,,,None,,,,,,,,,,,,,,,
Date,,Job,Time In,Time Out,,,Regular,OT,Ext,,Total Hrs,Paid Breaks,,Unpaid Breaks,Rate,Total Pay,,Non-Cash Tips,,Declared Tips
02/16/26,,Manager - Salary,08:00 AM,04:00 PM,,,8.00,0.00,0.00,,8.00,0.00,,0.00,$19.23,$153.84,,$0.00,,$0.00
02/18/26,,Manager - Salary,07:35 AM,05:47 PM,,,10.20,0.00,0.00,,10.20,0.00,,0.00,$19.23,$196.15,,$0.00,,$0.00
02/19/26,,Manager - Salary,08:35 AM,10:16 AM,,,1.68,0.00,0.00,,1.68,0.00,,0.00,$19.23,$32.31,,$0.00,,$0.00
02/19/26,,Manager - Salary,10:16 AM,09:56 PM,,,11.67,0.00,0.00,,11.67,0.00,,0.00,$19.23,$224.41,,$0.00,,$0.00
02/20/26,,Manager - Salary,08:48 AM,03:35 PM,,,6.78,0.00,0.00,,6.78,0.00,,0.00,$19.23,$130.38,,$0.00,,$0.00
02/20/26,,Manager - Salary,03:35 PM,05:32 PM,,,1.95,0.00,0.00,,1.95,0.00,,0.00,$19.23,$37.50,,$0.00,,$0.00
02/21/26,,Manager - Salary,07:33 AM,02:33 PM,,,7.00,0.00,0.00,,7.00,0.00,,0.00,$19.23,$134.61,,$0.00,,$0.00
02/23/26,,Manager - Salary,05:45 PM,07:15 PM,,,0.72,0.78,0.00,,1.50,0.00,,0.00,$19.23,$36.35,,$0.00,,$0.00
02/24/26,,Manager - Salary,05:45 AM,05:15 PM,,,11.50,0.00,0.00,,11.50,0.00,,0.00,$19.23,$221.15,,$0.00,,$0.00
02/25/26,,Manager - Salary,05:11 AM,09:26 AM,,,4.25,0.00,0.00,,4.25,0.00,,0.00,$19.23,$81.73,,$0.00,,$0.00
02/26/26,,Manager - Salary,07:27 AM,02:02 PM,,,6.58,0.00,0.00,,6.58,0.00,,0.00,$19.23,$126.53,,$0.00,,$0.00
02/27/26,,Manager - Salary,07:17 AM,07:45 PM,,,12.47,0.00,0.00,,12.47,0.00,,0.00,$19.23,$239.80,,$0.00,,$0.00
02/28/26,,Manager - Salary,07:52 AM,07:39 PM,,,5.20,6.58,0.00,,11.78,0.00,,0.00,$19.23,$289.80,,$0.00,,$0.00
03/02/26,,Manager - Salary,06:30 AM,06:00 PM,,,0.00,11.50,0.00,,11.50,0.00,,0.00,$19.23,$331.72,,$0.00,,$0.00
03/03/26,,Manager - Salary,06:28 AM,10:14 PM,,,13.65,0.00,0.00,,13.65,0.00,,2.12,$19.23,$262.49,,$0.00,,$0.00
03/04/26,,Manager - Salary,08:14 AM,09:11 PM,,,9.72,0.00,0.00,,9.72,0.00,,3.23,$19.23,$186.92,,$0.00,,$0.00
03/05/26,,Manager - Salary,07:31 AM,03:41 PM,,,8.17,0.00,0.00,,8.17,0.00,,0.00,$19.23,$157.11,,$0.00,,$0.00
03/06/26,,Manager - Salary,07:33 AM,08:11 PM,,,8.47,4.17,0.00,,12.63,0.00,,0.00,$19.23,$283.16,,$0.00,,$0.00
03/07/26,,Manager - Salary,07:23 AM,08:22 PM,,,0.00,12.98,0.00,,12.98,0.00,,0.00,$19.23,$374.41,,$0.00,,$0.00
03/08/26,,Manager - Salary,08:05 AM,10:25 PM,,,0.00,14.33,0.00,,14.33,0.00,,0.00,$19.23,$413.35,,$0.00,,$0.00
03/09/26,,Manager - Salary,06:08 AM,03:21 PM,,,0.00,9.22,0.00,,9.22,0.00,,0.00,$19.23,$265.95,,$3.74,,$0.00
03/09/26,,Manager - Salary,06:41 PM,10:52 PM,,,0.00,4.18,0.00,,4.18,0.00,,0.00,$19.23,$120.57,,$0.00,,$0.00
03/10/26,,Manager - Salary,06:32 AM,02:30 PM,,,7.25,0.00,0.00,,7.25,0.00,,0.72,$19.23,$139.42,,$3.31,,$0.00
03/11/26,,Manager - Salary,07:08 AM,02:30 PM,,,7.37,0.00,0.00,,7.37,0.00,,0.00,$19.23,$141.73,,$1.66,,$0.00
03/12/26,,Manager - Salary,02:23 PM,11:00 PM,,,8.62,0.00,0.00,,8.62,0.00,,0.00,$19.23,$165.76,,$3.90,,$0.00
03/13/26,,Manager - Salary,06:51 AM,01:45 PM,,,6.90,0.00,0.00,,6.90,0.00,,0.00,$19.23,$132.69,,$8.65,,$0.00
03/14/26,,Manager - Salary,07:55 AM,06:35 PM,,,9.87,0.80,0.00,,10.67,0.00,,0.00,$19.23,$212.88,,$25.45,,$0.00
03/14/26,,Manager - Salary,06:49 PM,06:58 PM,,,0.00,0.15,0.00,,0.15,0.00,,0.00,$19.23,$4.33,,$5.96,,$0.00
03/15/26,,Manager - Salary,02:21 PM,09:03 PM,,,0.00,6.70,0.00,,6.70,0.00,,0.00,$19.23,$193.26,,$20.63,,$0.00
03/16/26,,Manager - Salary,01:35 PM,10:48 PM,,,0.00,9.22,0.00,,9.22,0.00,,0.00,$19.23,$265.95,,$7.07,,$0.00
03/18/26,,Manager - Salary,01:30 PM,09:57 PM,,,8.45,0.00,0.00,,8.45,0.00,,0.00,$19.23,$162.49,,$17.55,,$0.00
03/19/26,,Manager - Salary,01:40 PM,10:26 PM,,,8.77,0.00,0.00,,8.77,0.00,,0.00,$19.23,$168.65,,$2.33,,$0.00
03/20/26,,Manager - Salary,12:16 PM,09:43 PM,,,9.45,0.00,0.00,,9.45,0.00,,0.00,$19.23,$181.72,,$7.02,,$0.00
03/21/26,,Manager - Salary,06:39 AM,11:58 PM,,,13.33,3.98,0.00,,17.32,0.00,,0.00,$19.23,$371.14,,$1.67,,$0.00
03/22/26,,Manager - Salary,02:05 PM,09:44 PM,,,0.00,7.65,0.00,,7.65,0.00,,0.00,$19.23,$220.66,,$13.14,,$0.00
03/22/26,,Manager - Salary,09:44 PM,09:45 PM,,,0.00,0.02,0.00,,0.02,0.00,,0.00,$19.23,$0.58,,$0.00,,$0.00
03/23/26,,Manager - Salary,01:38 PM,03/24/2026 12:37 AM,,,0.00,10.98,0.00,,10.98,0.00,,0.00,$19.23,$316.72,,$11.74,,$0.00
03/25/26,,Manager - Salary,01:31 PM,09:56 PM,,,8.42,0.00,0.00,,8.42,0.00,,0.00,$19.23,$161.92,,$25.27,,$0.00
03/26/26,,Manager - Salary,01:35 PM,10:01 PM,,,8.43,0.00,0.00,,8.43,0.00,,0.00,$19.23,$162.11,,$7.48,,$0.00
03/27/26,,Manager - Salary,04:08 PM,10:15 PM,,,6.12,0.00,0.00,,6.12,0.00,,0.00,$19.23,$117.69,,$1.25,,$0.00
03/28/26,,Manager - Salary,07:31 AM,10:00 PM,,,14.48,0.00,0.00,,14.48,0.00,,0.00,$19.23,$278.45,,$23.79,,$0.00
03/31/26,,Manager - Salary,02:33 PM,09:40 PM,,,7.12,0.00,0.00,,7.12,0.00,,0.00,$19.23,$136.92,,$7.38,,$0.00
04/02/26,,Manager - Salary,01:54 PM,09:48 PM,,,7.90,0.00,0.00,,7.90,0.00,,0.00,$19.23,$151.92,,$7.89,,$0.00
04/03/26,,Manager - Salary,02:03 PM,10:16 PM,,,8.22,0.00,0.00,,8.22,0.00,,0.00,$19.23,$158.07,,$2.55,,$0.00
04/04/26,,Manager - Salary,07:23 AM,05:08 PM,,,9.75,0.00,0.00,,9.75,0.00,,0.00,$19.23,$187.49,,$25.82,,$0.00
04/06/26,,Manager - Salary,01:51 PM,09:47 PM,,,7.02,0.92,0.00,,7.93,0.00,,0.00,$19.23,$161.53,,$9.25,,$0.00
04/08/26,,Manager - Salary,01:31 PM,10:11 PM,,,8.67,0.00,0.00,,8.67,0.00,,0.00,$19.23,$166.72,,$9.87,,$0.00
04/09/26,,Manager - Salary,01:30 PM,10:06 PM,,,8.60,0.00,0.00,,8.60,0.00,,0.00,$19.23,$165.38,,$16.38,,$0.00
04/09/26,,Manager - Salary,10:06 PM,10:06 PM,,,0.00,0.00,0.00,,0.00,0.00,,0.00,$19.23,$0.00,,$0.00,,$0.00
04/10/26,,Manager - Salary,07:29 AM,10:04 AM,,,2.58,0.00,0.00,,2.58,0.00,,0.00,$19.23,$49.61,,$1.00,,$0.00
04/11/26,,Manager - Salary,07:45 AM,03:19 PM,,,7.57,0.00,0.00,,7.57,0.00,,0.00,$19.23,$145.57,,$15.48,,$0.00
04/12/26,,Manager - Salary,02:28 PM,09:20 PM,,,6.87,0.00,0.00,,6.87,0.00,,0.00,$19.23,$132.11,,$6.24,,$0.00
04/13/26,,Manager - Salary,02:12 PM,04/14/2026 12:38 AM,,,5.72,4.72,0.00,,10.43,0.00,,0.00,$19.23,$246.15,,$3.00,,$0.00
04/16/26,,Manager - Salary,08:09 AM,09:59 AM,,,1.83,0.00,0.00,,1.83,0.00,,0.00,$19.23,$35.19,,$1.84,,$0.00
04/16/26,,Manager - Salary,12:33 PM,09:39 PM,,,9.10,0.00,0.00,,9.10,0.00,,0.00,$19.23,$174.99,,$5.74,,$0.00
04/17/26,,Manager - Salary,02:28 PM,10:16 PM,,,7.80,0.00,0.00,,7.80,0.00,,0.00,$19.23,$149.99,,$10.74,,$0.00
04/18/26,,Manager - Salary,07:27 AM,04:44 PM,,,9.28,0.00,0.00,,9.28,0.00,,0.00,$19.23,$178.45,,$23.67,,$0.00
04/19/26,,Manager - Salary,03:17 PM,08:50 PM,,,5.55,0.00,0.00,,5.55,0.00,,0.00,$19.23,$106.73,,$9.55,,$0.00
04/20/26,,Manager - Salary,01:57 PM,11:48 PM,,,6.43,3.42,0.00,,9.85,0.00,,0.00,$19.23,$222.30,,$22.17,,$0.00
04/23/26,,Manager - Salary,01:30 PM,09:58 PM,,,8.47,0.00,0.00,,8.47,0.00,,0.00,$19.23,$162.88,,$5.56,,$0.00
04/24/26,,Manager - Salary,04:29 PM,10:47 PM,,,6.30,0.00,0.00,,6.30,0.00,,0.00,$19.23,$121.15,,$5.76,,$0.00
04/25/26,,Manager - Salary,07:23 AM,03:00 PM,,,7.62,0.00,0.00,,7.62,0.00,,0.00,$19.23,$146.53,,$4.30,,$0.00
04/26/26,,Manager - Salary,02:35 PM,09:15 PM,,,6.67,0.00,0.00,,6.67,0.00,,0.00,$19.23,$128.26,,$1.83,,$0.00
04/26/26,,Manager - Salary,09:26 PM,09:26 PM,,,0.00,0.00,0.00,,0.00,0.00,,0.00,$19.23,$0.00,,$0.00,,$0.00
04/27/26,,Manager - Salary,01:39 PM,10:51 PM,,,9.20,0.00,0.00,,9.20,0.00,,0.00,$19.23,$176.92,,$8.02,,$0.00
04/27/26,,Manager - Salary,10:51 PM,10:51 PM,,,0.00,0.00,0.00,,0.00,0.00,,0.00,$19.23,$0.00,,$0.00,,$0.00
04/29/26,,Manager - Salary,02:18 PM,03:56 PM,,,1.63,0.00,0.00,,1.63,0.00,,0.00,$19.23,$31.34,,$2.00,,$0.00
04/30/26,,Manager - Salary,01:29 PM,09:42 PM,,,8.22,0.00,0.00,,8.22,0.00,,0.00,$19.23,$158.07,,$7.71,,$0.00
05/01/26,,Manager - Salary,01:42 PM,09:53 PM,,,8.18,0.00,0.00,,8.18,0.00,,0.00,$19.23,$157.30,,$1.08,,$0.00
05/02/26,,Manager - Salary,07:21 AM,02:32 PM,,,7.18,0.00,0.00,,7.18,0.00,,0.00,$19.23,$138.07,,$7.58,,$0.00
05/03/26,,Manager - Salary,02:10 PM,08:10 PM,,,6.00,0.00,0.00,,6.00,0.00,,0.00,$19.23,$115.38,,$5.71,,$0.00
05/04/26,,Manager - Salary,02:35 PM,10:45 PM,,,8.17,0.00,0.00,,8.17,0.00,,0.00,$19.23,$157.11,,$6.38,,$0.00
05/07/26,,Manager - Salary,02:32 PM,09:19 PM,,,6.78,0.00,0.00,,6.78,0.00,,0.00,$19.23,$130.38,,$8.16,,$0.00
05/08/26,,Manager - Salary,01:39 PM,09:46 PM,,,8.12,0.00,0.00,,8.12,0.00,,0.00,$19.23,$156.15,,$5.92,,$0.00
05/09/26,,Manager - Salary,07:25 AM,02:30 PM,,,7.08,0.00,0.00,,7.08,0.00,,0.00,$19.23,$136.15,,$9.36,,$0.00
05/10/26,,Manager - Salary,02:44 PM,08:18 PM,,,5.57,0.00,0.00,,5.57,0.00,,0.00,$19.23,$107.11,,$0.00,,$0.00
05/11/26,,Manager - Salary,01:58 PM,10:30 PM,,,8.53,0.00,0.00,,8.53,0.00,,0.00,$19.23,$164.03,,$1.49,,$0.00
05/12/26,,Manager - Salary,01:36 PM,09:23 PM,,,7.78,0.00,0.00,,7.78,0.00,,0.00,$19.23,$149.61,,$18.13,,$0.00
05/15/26,,Manager - Salary,01:29 PM,10:21 PM,,,8.87,0.00,0.00,,8.87,0.00,,0.00,$19.23,$170.57,,$24.77,,$0.00
Totals:,,,,,,,495.82,112.30,0.00,,608.12,0.00,,6.07,"$12,774.52",,,$493.94,,$0.00
,Signature,,,,,Date,,,,Signature,,,,,,,,,Date,
Employe Name,,,,,Payroll ID,,,,,,,,,,,,,,,
,"Harmon, Kaidyn",,,,None,,,,,,,,,,,,,,,
Date,,Job,Time In,Time Out,,,Regular,OT,Ext,,Total Hrs,Paid Breaks,,Unpaid Breaks,Rate,Total Pay,,Non-Cash Tips,,Declared Tips
07/18/26,,Team Member,03:30 PM,10:00 PM,,,6.00,0.00,0.00,,6.00,0.00,,0.50,$15.75,$94.50,,$0.00,,$0.00
07/25/26,,Team Member,09:00 AM,01:00 PM,,,4.00,0.00,0.00,,4.00,0.00,,0.00,$15.75,$63.00,,$0.00,,$0.00
07/27/26,,Team Member,01:25 PM,11:01 PM,,,9.12,0.00,0.00,,9.12,0.00,,0.48,$15.75,$143.64,,$0.00,,$0.00
08/01/26,,Team Member,09:27 AM,01:35 PM,,,4.13,0.00,0.00,,4.13,0.00,,0.00,$15.75,$65.05,,$0.00,,$0.00
Totals:,,,,,,,23.25,0.00,0.00,,23.25,0.00,,0.98,$366.19,,,$0.00,,$0.00
,Signature,,,,,Date,,,,Signature,,,,,,,,,Date,
Employe Name,,,,,Payroll ID,,,,,,,,,,,,,,,
,"Hernandez, Jessica",,,,None,,,,,,,,,,,,,,,
Date,,Job,Time In,Time Out,,,Regular,OT,Ext,,Total Hrs,Paid Breaks,,Unpaid Breaks,Rate,Total Pay,,Non-Cash Tips,,Declared Tips
02/24/26,,Team Member,02:30 PM,04:18 PM,,,1.80,0.00,0.00,,1.80,0.00,,0.00,$15.75,$28.35,,$0.00,,$0.00
02/28/26,,Team Member,01:30 PM,05:51 PM,,,3.95,0.00,0.00,,3.95,0.00,,0.40,$15.75,$62.21,,$0.00,,$0.00
03/06/26,,Team Member,02:30 PM,07:03 PM,,,4.55,0.00,0.00,,4.55,0.00,,0.00,$15.75,$71.66,,$0.00,,$0.00
03/07/26,,Team Member,02:27 PM,08:06 PM,,,5.65,0.00,0.00,,5.65,0.00,,0.00,$15.75,$88.99,,$0.00,,$0.00
Totals:,,,,,,,15.95,0.00,0.00,,15.95,0.00,,0.40,$251.21,,,$0.00,,$0.00
,Signature,,,,,Date,,,,Signature,,,,,,,,,Date,
Employe Name,,,,,Payroll ID,,,,,,,,,,,,,,,
,"Hoeffler, Grace",,,,None,,,,,,,,,,,,,,,
Date,,Job,Time In,Time Out,,,Regular,OT,Ext,,Total Hrs,Paid Breaks,,Unpaid Breaks,Rate,Total Pay,,Non-Cash Tips,,Declared Tips
06/09/26,,Team Member,03:00 PM,07:30 PM,,,4.00,0.00,0.00,,4.00,0.00,,0.50,$15.75,$63.00,,$0.00,,$0.00
06/16/26,,Team Member,05:33 PM,09:34 PM,,,4.02,0.00,0.00,,4.02,0.00,,0.00,$15.75,$63.32,,$0.00,,$0.00
06/17/26,,Team Member,04:30 PM,08:30 PM,,,4.00,0.00,0.00,,4.00,0.00,,0.00,$15.75,$63.00,,$0.00,,$0.00
06/20/26,,Team Member,12:57 PM,05:01 PM,,,4.07,0.00,0.00,,4.07,0.00,,0.00,$15.75,$64.10,,$3.00,,$0.00
06/25/26,,Team Member,11:59 AM,04:34 PM,,,4.58,0.00,0.00,,4.58,0.00,,0.00,$15.75,$72.14,,$0.00,,$0.00
06/26/26,,Team Member,08:02 AM,12:32 PM,,,4.50,0.00,0.00,,4.50,0.00,,0.00,$15.75,$70.88,,$0.00,,$0.00
07/01/26,,Team Member,02:00 PM,10:30 PM,,,7.97,0.00,0.00,,7.97,0.00,,0.53,$15.75,$125.53,,$0.00,,$0.00
07/03/26,,Team Member,07:30 AM,12:34 PM,,,5.07,0.00,0.00,,5.07,0.00,,0.00,$15.75,$79.85,,$11.02,,$0.00
07/04/26,,Team Member,04:01 PM,08:40 PM,,,4.65,0.00,0.00,,4.65,0.00,,0.00,$15.75,$73.24,,$0.00,,$0.00
07/09/26,,Team Member,01:30 PM,10:01 PM,,,7.98,0.00,0.00,,7.98,0.00,,0.53,$15.75,$125.69,,$4.10,,$0.00
07/10/26,,Team Member,03:03 PM,09:47 PM,,,6.20,0.00,0.00,,6.20,0.00,,0.53,$15.75,$97.65,,$22.03,,$0.00
07/11/26,,Team Member,03:59 PM,09:51 PM,,,5.35,0.00,0.00,,5.35,0.00,,0.52,$15.75,$84.26,,$9.02,,$0.00
07/13/26,,Team Member,01:29 PM,10:19 PM,,,8.32,0.00,0.00,,8.32,0.00,,0.52,$15.75,$131.04,,$13.45,,$0.00
07/16/26,,Team Member,01:30 PM,09:51 PM,,,7.83,0.00,0.00,,7.83,0.00,,0.52,$15.75,$123.32,,$16.61,,$0.00
07/17/26,,Team Member,06:34 AM,02:12 PM,,,7.12,0.00,0.00,,7.12,0.00,,0.52,$15.75,$112.14,,$16.70,,$0.00
07/18/26,,Team Member,03:59 PM,09:58 PM,,,5.48,0.00,0.00,,5.48,0.00,,0.50,$15.75,$86.31,,$26.67,,$0.00
07/24/26,,Team Member,03:04 PM,09:56 PM,,,6.33,0.00,0.00,,6.33,0.00,,0.53,$15.75,$99.70,,$30.96,,$0.00
07/25/26,,Team Member,04:02 PM,10:03 PM,,,5.52,0.00,0.00,,5.52,0.00,,0.50,$15.75,$86.94,,$6.78,,$0.00
Totals:,,,,,,,102.98,0.00,0.00,,102.98,0.00,,5.70,"$1,622.11",,,$160.34,,$0.00
,Signature,,,,,Date,,,,Signature,,,,,,,,,Date,
Employe Name,,,,,Payroll ID,,,,,,,,,,,,,,,
,"Holthus, Joseph",,,,None,,,,,,,,,,,,,,,
Date,,Job,Time In,Time Out,,,Regular,OT,Ext,,Total Hrs,Paid Breaks,,Unpaid Breaks,Rate,Total Pay,,Non-Cash Tips,,Declared Tips
09/15/26,,Team Member,04:02 PM,08:02 PM,,,4.00,0.00,0.00,,4.00,0.00,,0.00,$15.75,$63.00,,$0.00,,$0.00
09/22/26,,Team Member,05:45 PM,09:54 PM,,,3.77,0.00,0.00,,3.77,0.00,,0.38,$15.75,$59.38,,$0.00,,$0.00
09/23/26,,Team Member,03:38 PM,09:50 PM,,,5.58,0.00,0.00,,5.58,0.00,,0.62,$15.75,$87.89,,$0.00,,$0.00
Totals:,,,,,,,13.35,0.00,0.00,,13.35,0.00,,1.00,$210.27,,,$0.00,,$0.00
,Signature,,,,,Date,,,,Signature,,,,,,,,,Date,
Employe Name,,,,,Payroll ID,,,,,,,,,,,,,,,
,"Howard, Lindsey",,,,None,,,,,,,,,,,,,,,
Date,,Job,Time In,Time Out,,,Regular,OT,Ext,,Total Hrs,Paid Breaks,,Unpaid Breaks,Rate,Total Pay,,Non-Cash Tips,,Declared Tips
08/17/26,,Team Member,02:53 PM,10:32 PM,,,7.13,0.00,0.00,,7.13,0.00,,0.52,$15.75,$112.30,,$31.16,,$0.00
08/21/26,,Team Member,03:30 PM,10:16 PM,,,6.30,0.00,0.00,,6.30,0.00,,0.47,$15.75,$99.23,,$13.50,,$0.00
08/22/26,,Team Member,01:35 PM,09:52 PM,,,7.78,0.00,0.00,,7.78,0.00,,0.50,$15.75,$122.54,,$21.51,,$0.00
08/28/26,,Team Member,01:29 PM,09:57 PM,,,7.98,0.00,0.00,,7.98,0.00,,0.48,$15.75,$125.69,,$15.16,,$0.00
08/29/26,,Team Member,12:00 PM,08:02 PM,,,7.52,0.00,0.00,,7.52,0.00,,0.52,$15.75,$118.44,,$23.61,,$0.00
09/01/26,,Team Member,06:34 AM,02:00 PM,,,6.93,0.00,0.00,,6.93,0.00,,0.50,$15.75,$109.15,,$10.57,,$0.00
09/02/26,,Team Member,08:02 AM,01:30 PM,,,5.47,0.00,0.00,,5.47,0.00,,0.00,$15.75,$86.15,,$9.87,,$0.00
09/04/26,,Team Member,01:31 PM,08:07 PM,,,6.60,0.00,0.00,,6.60,0.00,,0.00,$15.75,$103.95,,$27.13,,$0.00
09/11/26,,Team Member,08:35 AM,12:34 PM,,,3.98,0.00,0.00,,3.98,0.00,,0.00,$15.75,$62.69,,$6.20,,$0.00
09/15/26,,Team Member,06:33 AM,02:02 PM,,,6.97,0.00,0.00,,6.97,0.00,,0.52,$15.75,$109.78,,$23.34,,$0.00
09/18/26,,Team Member,08:01 AM,12:35 PM,,,4.57,0.00,0.00,,4.57,0.00,,0.00,$15.75,$71.98,,$11.21,,$0.00
09/18/26,,Team Member,12:36 PM,03:31 PM,,,2.38,0.00,0.00,,2.38,0.00,,0.53,$15.75,$37.49,,$0.00,,$0.00
09/19/26,,Team Member,08:01 AM,04:00 PM,,,7.47,0.00,0.00,,7.47,0.00,,0.52,$15.75,$117.65,,$36.53,,$0.00
09/22/26,,Team Member,07:29 AM,03:58 PM,,,8.02,0.00,0.00,,8.02,0.00,,0.47,$15.75,$126.32,,$52.95,,$0.00
09/23/26,,Team Member,07:31 AM,01:17 PM,,,5.27,0.00,0.00,,5.27,0.00,,0.50,$15.75,$83.00,,$3.30,,$0.00
09/24/26,,Team Member,07:30 AM,,,,6.35,0.00,0.00,,6.35,0.00,,0.50,$15.75,$100.01,,$24.27,,$0.00
Totals:,,,,,,,100.72,0.00,0.00,,100.72,0.00,,6.02,"$1,586.37",,,$310.31,,$0.00
,Signature,,,,,Date,,,,Signature,,,,,,,,,Date,
Employe Name,,,,,Payroll ID,,,,,,,,,,,,,,,
,"Hughes, Isabella",,,,None,,,,,,,,,,,,,,,
Date,,Job,Time In,Time Out,,,Regular,OT,Ext,,Total Hrs,Paid Breaks,,Unpaid Breaks,Rate,Total Pay,,Non-Cash Tips,,Declared Tips
08/24/26,,Team Member,02:00 PM,06:00 PM,,,4.00,0.00,0.00,,4.00,0.00,,0.00,$15.75,$63.00,,$0.00,,$0.00
09/06/26,,Team Member,12:53 PM,08:52 PM,,,7.98,0.00,0.00,,7.98,0.00,,0.00,$15.75,$125.69,,$0.00,,$0.00
09/09/26,,Team Member,01:51 PM,09:32 PM,,,7.18,0.00,0.00,,7.18,0.00,,0.50,$15.75,$113.09,,$0.00,,$0.00
09/12/26,,Team Member,02:54 PM,09:55 PM,,,7.02,0.00,0.00,,7.02,0.00,,0.00,$15.75,$110.57,,$4.04,,$0.00
09/15/26,,Team Member,03:53 PM,09:42 PM,,,5.82,0.00,0.00,,5.82,0.00,,0.00,$15.75,$91.67,,$0.00,,$0.00
09/17/26,,Team Member,02:53 PM,05:33 PM,,,2.67,0.00,0.00,,2.67,0.00,,0.00,$15.75,$42.05,,$0.00,,$0.00
09/17/26,,Team Member,06:00 PM,09:34 PM,,,3.57,0.00,0.00,,3.57,0.00,,0.00,$15.75,$56.23,,$0.00,,$0.00
09/18/26,,Team Member,06:54 AM,02:05 PM,,,6.75,0.00,0.00,,6.75,0.00,,0.43,$15.75,$106.31,,$0.00,,$0.00
Totals:,,,,,,,44.98,0.00,0.00,,44.98,0.00,,0.93,$708.61,,,$4.04,,$0.00
,Signature,,,,,Date,,,,Signature,,,,,,,,,Date,
Employe Name,,,,,Payroll ID,,,,,,,,,,,,,,,
,"Johnson, Heather",,,,None,,,,,,,,,,,,,,,
Date,,Job,Time In,Time Out,,,Regular,OT,Ext,,Total Hrs,Paid Breaks,,Unpaid Breaks,Rate,Total Pay,,Non-Cash Tips,,Declared Tips
09/10/26,,Team Member,04:39 PM,08:39 PM,,,4.00,0.00,0.00,,4.00,0.00,,0.00,$15.75,$63.00,,$0.00,,$0.00
09/22/26,,Team Member,10:10 AM,04:39 PM,,,6.48,0.00,0.00,,6.48,0.00,,0.00,$15.75,$102.06,,$0.00,,$0.00
Totals:,,,,,,,10.48,0.00,0.00,,10.48,0.00,,0.00,$165.06,,,$0.00,,$0.00
,Signature,,,,,Date,,,,Signature,,,,,,,,,Date,
Employe Name,,,,,Payroll ID,,,,,,,,,,,,,,,
,"Johnson, Jaylen",,,,None,,,,,,,,,,,,,,,
Date,,Job,Time In,Time Out,,,Regular,OT,Ext,,Total Hrs,Paid Breaks,,Unpaid Breaks,Rate,Total Pay,,Non-Cash Tips,,Declared Tips
08/24/26,,Team Member,07:05 AM,10:12 AM,,,3.12,0.00,0.00,,3.12,0.00,,0.00,$15.75,$49.14,,$0.00,,$0.00
09/01/26,,Team Member,06:32 AM,01:34 PM,,,6.48,0.00,0.00,,6.48,0.00,,0.55,$15.75,$102.06,,$0.00,,$0.00
Totals:,,,,,,,9.60,0.00,0.00,,9.60,0.00,,0.55,$151.20,,,$0.00,,$0.00
,Signature,,,,,Date,,,,Signature,,,,,,,,,Date,
Employe Name,,,,,Payroll ID,,,,,,,,,,,,,,,
,"Macias, Eliza",,,,None,,,,,,,,,,,,,,,
Date,,Job,Time In,Time Out,,,Regular,OT,Ext,,Total Hrs,Paid Breaks,,Unpaid Breaks,Rate,Total Pay,,Non-Cash Tips,,Declared Tips
02/24/26,,Team Member,02:30 PM,04:18 PM,,,1.80,0.00,0.00,,1.80,0.00,,0.00,$15.75,$28.35,,$0.00,,$0.00
02/28/26,,Team Member,07:57 AM,01:18 PM,,,5.35,0.00,0.00,,5.35,0.00,,0.00,$15.75,$84.26,,$0.00,,$0.00
03/06/26,,Team Member,02:23 PM,07:01 PM,,,4.63,0.00,0.00,,4.63,0.00,,0.00,$15.75,$72.92,,$0.00,,$0.00
03/07/26,,Team Member,02:25 PM,08:06 PM,,,5.68,0.00,0.00,,5.68,0.00,,0.00,$15.75,$89.46,,$0.00,,$0.00
03/08/26,,Team Member,11:56 AM,10:00 PM,,,9.62,0.00,0.00,,9.62,0.00,,0.45,$15.75,$151.52,,$0.00,,$0.00
03/09/26,,Team Member,01:26 PM,08:04 PM,,,6.63,0.00,0.00,,6.63,0.00,,0.00,$15.75,$104.42,,$15.68,,$0.00
03/12/26,,Team Member,02:28 PM,08:35 PM,,,6.12,0.00,0.00,,6.12,0.00,,0.00,$15.75,$96.39,,$5.11,,$0.00
03/15/26,,Team Member,09:56 AM,03:19 PM,,,5.38,0.00,0.00,,5.38,0.00,,0.00,$15.75,$84.74,,$7.61,,$0.00
03/19/26,,Team Member,01:57 PM,07:03 PM,,,5.10,0.00,0.00,,5.10,0.00,,0.00,$15.75,$80.33,,$7.73,,$0.00
03/21/26,,Team Member,07:56 AM,10:40 AM,,,2.73,0.00,0.00,,2.73,0.00,,0.00,$15.75,$43.00,,$12.46,,$0.00
03/28/26,,Team Member,07:53 AM,03:04 PM,,,7.18,0.00,0.00,,7.18,0.00,,0.00,$15.75,$113.09,,$0.00,,$0.00
04/02/26,,Team Member,03:56 PM,09:47 PM,,,5.85,0.00,0.00,,5.85,0.00,,0.00,$15.75,$92.14,,$4.38,,$0.00
04/06/26,,Team Member,11:56 AM,04:37 PM,,,4.68,0.00,0.00,,4.68,0.00,,0.00,$15.75,$73.71,,$32.39,,$0.00
04/09/26,,Team Member,03:03 PM,10:04 PM,,,7.02,0.00,0.00,,7.02,0.00,,0.00,$15.75,$110.57,,$7.56,,$0.00
04/13/26,,Team Member,12:55 PM,04:46 PM,,,3.85,0.00,0.00,,3.85,0.00,,0.00,$15.75,$60.64,,$9.90,,$0.00
04/16/26,,Team Member,02:56 PM,09:43 PM,,,6.78,0.00,0.00,,6.78,0.00,,0.00,$15.75,$106.79,,$8.54,,$0.00
04/20/26,,Team Member,12:56 PM,05:31 PM,,,4.58,0.00,0.00,,4.58,0.00,,0.00,$15.75,$72.14,,$16.76,,$0.00
04/25/26,,Team Member,07:56 AM,12:51 PM,,,4.48,0.00,0.00,,4.48,0.00,,0.43,$15.75,$70.56,,$20.56,,$0.00
04/27/26,,Team Member,12:56 PM,04:38 PM,,,3.70,0.00,0.00,,3.70,0.00,,0.00,$15.75,$58.28,,$12.63,,$0.00
05/04/26,,Team Member,03:02 PM,09:26 PM,,,6.40,0.00,0.00,,6.40,0.00,,0.00,$15.75,$100.80,,$19.59,,$0.00
05/07/26,,Team Member,04:56 PM,09:23 PM,,,4.45,0.00,0.00,,4.45,0.00,,0.00,$15.75,$70.09,,$3.14,,$0.00
05/10/26,,Team Member,09:56 AM,03:06 PM,,,4.75,0.00,0.00,,4.75,0.00,,0.42,$15.75,$74.81,,$8.27,,$0.00
05/11/26,,Team Member,02:27 PM,09:48 PM,,,7.35,0.00,0.00,,7.35,0.00,,0.00,$15.75,$115.76,,$18.84,,$0.00
05/23/26,,Team Member,07:30 AM,01:51 PM,,,5.85,0.00,0.00,,5.85,0.00,,0.50,$15.75,$92.14,,$21.23,,$0.00
05/25/26,,Team Member,01:29 PM,09:53 PM,,,7.93,0.00,0.00,,7.93,0.00,,0.47,$15.75,$124.90,,$6.42,,$0.00
05/26/26,,Team Member,11:59 AM,06:30 PM,,,6.52,0.00,0.00,,6.52,0.00,,0.00,$15.75,$102.69,,$17.59,,$0.00
05/28/26,,Team Member,03:29 PM,09:28 PM,,,5.48,0.00,0.00,,5.48,0.00,,0.50,$15.75,$86.31,,$4.33,,$0.00
05/31/26,,Team Member,09:28 AM,03:03 PM,,,5.10,0.00,0.00,,5.10,0.00,,0.48,$15.75,$80.33,,$31.77,,$0.00
06/02/26,,Team Member,06:26 AM,01:34 PM,,,6.68,0.00,0.00,,6.68,0.00,,0.45,$15.75,$105.21,,$7.94,,$0.00
06/04/26,,Team Member,06:30 AM,02:32 PM,,,7.53,0.00,0.00,,7.53,0.00,,0.50,$15.75,$118.60,,$32.79,,$0.00
06/09/26,,Team Member,06:30 AM,02:31 PM,,,7.50,0.00,0.00,,7.50,0.00,,0.52,$15.75,$118.13,,$24.68,,$0.00
06/16/26,,Team Member,06:27 AM,02:32 PM,,,7.62,0.00,0.00,,7.62,0.00,,0.47,$15.75,$120.02,,$13.84,,$0.00
06/18/26,,Team Member,07:56 AM,04:00 PM,,,7.62,0.00,0.00,,7.62,0.00,,0.45,$15.75,$120.02,,$9.12,,$0.00
06/21/26,,Team Member,10:57 AM,03:00 PM,,,4.05,0.00,0.00,,4.05,0.00,,0.00,$15.75,$63.79,,$0.00,,$0.00
06/23/26,,Team Member,09:41 AM,02:35 PM,,,4.90,0.00,0.00,,4.90,0.00,,0.00,$15.75,$77.18,,$9.06,,$0.00
06/25/26,,Team Member,06:56 AM,02:31 PM,,,7.10,0.00,0.00,,7.10,0.00,,0.48,$15.75,$111.83,,$16.43,,$0.00
06/28/26,,Team Member,10:56 AM,04:31 PM,,,5.58,0.00,0.00,,5.58,0.00,,0.00,$15.75,$87.89,,$2.00,,$0.00
06/30/26,,Team Member,06:30 AM,02:38 PM,,,7.65,0.00,0.00,,7.65,0.00,,0.48,$15.75,$120.49,,$11.48,,$0.00
07/02/26,,Team Member,06:56 AM,02:00 PM,,,6.62,0.00,0.00,,6.62,0.00,,0.45,$15.75,$104.27,,$25.91,,$0.00
07/05/26,,Team Member,10:56 AM,04:30 PM,,,5.57,0.00,0.00,,5.57,0.00,,0.00,$15.75,$87.73,,$5.44,,$0.00
07/07/26,,Team Member,06:31 AM,02:30 PM,,,7.55,0.00,0.00,,7.55,0.00,,0.43,$15.75,$118.91,,$25.83,,$0.00
07/09/26,,Team Member,06:57 AM,02:00 PM,,,6.62,0.00,0.00,,6.62,0.00,,0.43,$15.75,$104.27,,$25.73,,$0.00
07/19/26,,Team Member,10:26 AM,04:31 PM,,,5.62,0.00,0.00,,5.62,0.00,,0.47,$15.75,$88.52,,$10.25,,$0.00
07/21/26,,Team Member,06:30 AM,02:30 PM,,,7.58,0.00,0.00,,7.58,0.00,,0.42,$15.75,$119.39,,$22.11,,$0.00
07/23/26,,Team Member,06:56 AM,02:02 PM,,,6.65,0.00,0.00,,6.65,0.00,,0.45,$15.75,$104.74,,$40.87,,$0.00
07/27/26,,Team Member,06:56 AM,01:31 PM,,,6.15,0.00,0.00,,6.15,0.00,,0.43,$15.75,$96.86,,$17.67,,$0.00
07/28/26,,Team Member,06:30 AM,02:30 PM,,,7.57,0.00,0.00,,7.57,0.00,,0.43,$15.75,$119.23,,$32.90,,$0.00
07/30/26,,Team Member,06:56 AM,02:00 PM,,,6.63,0.00,0.00,,6.63,0.00,,0.43,$15.75,$104.42,,$32.33,,$0.00
08/04/26,,Team Member,02:26 PM,09:38 PM,,,6.77,0.00,0.00,,6.77,0.00,,0.43,$15.75,$106.63,,$25.48,,$0.00
08/06/26,,Team Member,03:25 PM,09:44 PM,,,5.87,0.00,0.00,,5.87,0.00,,0.45,$15.75,$92.45,,$19.59,,$0.00
08/10/26,,Team Member,09:56 AM,04:04 PM,,,5.70,0.00,0.00,,5.70,0.00,,0.43,$15.75,$89.78,,$17.55,,$0.00
08/11/26,,Team Member,08:26 AM,04:37 PM,,,7.70,0.00,0.00,,7.70,0.00,,0.48,$15.75,$121.28,,$33.04,,$0.00
08/12/26,,Team Member,06:32 AM,10:30 AM,,,3.97,0.00,0.00,,3.97,0.00,,0.00,$15.75,$62.53,,$17.50,,$0.00
08/17/26,,Team Member,07:57 AM,04:22 PM,,,7.95,0.00,0.00,,7.95,0.00,,0.47,$15.75,$125.21,,$54.44,,$0.00
08/19/26,,Team Member,06:31 AM,02:30 PM,,,7.52,0.00,0.00,,7.52,0.00,,0.47,$15.75,$118.44,,$16.78,,$0.00
08/23/26,,Team Member,03:24 PM,08:40 PM,,,5.27,0.00,0.00,,5.27,0.00,,0.00,$15.75,$83.00,,$34.77,,$0.00
08/24/26,,Team Member,07:26 AM,03:36 PM,,,7.75,0.00,0.00,,7.75,0.00,,0.42,$15.75,$122.06,,$35.62,,$0.00
08/26/26,,Team Member,06:30 AM,02:31 PM,,,7.60,0.00,0.00,,7.60,0.00,,0.42,$15.75,$119.70,,$16.81,,$0.00
08/31/26,,Team Member,07:57 AM,04:28 PM,,,8.10,0.00,0.00,,8.10,0.00,,0.42,$15.75,$127.58,,$26.48,,$0.00
09/02/26,,Team Member,06:26 AM,02:57 PM,,,8.08,0.00,0.00,,8.08,0.00,,0.43,$15.75,$127.26,,$10.81,,$0.00
09/07/26,,Team Member,07:26 AM,04:27 PM,,,8.53,0.00,0.00,,8.53,0.00,,0.48,$15.75,$134.35,,$23.23,,$0.00
09/09/26,,Team Member,06:31 AM,02:33 PM,,,7.60,0.00,0.00,,7.60,0.00,,0.43,$15.75,$119.70,,$20.30,,$0.00
09/14/26,,Team Member,07:27 AM,04:07 PM,,,8.23,0.00,0.00,,8.23,0.00,,0.43,$15.75,$129.62,,$32.40,,$0.00
09/16/26,,Team Member,06:31 AM,02:32 PM,,,7.57,0.00,0.00,,7.57,0.00,,0.45,$15.75,$119.23,,$12.18,,$0.00
09/21/26,,Team Member,07:57 AM,04:01 PM,,,7.63,0.00,0.00,,7.63,0.00,,0.43,$15.75,$120.17,,$7.60,,$0.00
09/23/26,,Team Member,06:31 AM,02:30 PM,,,7.53,0.00,0.00,,7.53,0.00,,0.45,$15.75,$118.60,,$10.13,,$0.00
Totals:,,,,,,,417.17,0.00,0.00,,417.17,0.00,,17.65,"$6,570.23",,,"$1,073.58",,$0.00
,Signature,,,,,Date,,,,Signature,,,,,,,,,Date,
Employe Name,,,,,Payroll ID,,,,,,,,,,,,,,,
,"McMillen, Jocelyn",,,,None,,,,,,,,,,,,,,,
Date,,Job,Time In,Time Out,,,Regular,OT,Ext,,Total Hrs,Paid Breaks,,Unpaid Breaks,Rate,Total Pay,,Non-Cash Tips,,Declared Tips
06/30/26,,Team Member,02:00 PM,06:07 PM,,,4.12,0.00,0.00,,4.12,0.00,,0.00,$15.75,$64.89,,$0.00,,$0.00
07/02/26,,Team Member,10:55 AM,04:05 PM,,,5.17,0.00,0.00,,5.17,0.00,,0.00,$15.75,$81.43,,$0.00,,$0.00
07/06/26,,Team Member,01:56 PM,06:41 PM,,,4.75,0.00,0.00,,4.75,0.00,,0.00,$15.75,$74.81,,$0.00,,$0.00
07/08/26,,Team Member,01:26 PM,11:18 PM,,,9.87,0.00,0.00,,9.87,0.00,,0.00,$15.75,$155.45,,$0.00,,$0.00
07/09/26,,Team Member,01:26 PM,10:02 PM,,,8.10,0.00,0.00,,8.10,0.00,,0.50,$15.75,$127.58,,$0.00,,$0.00
07/10/26,,Team Member,01:56 PM,09:33 PM,,,7.13,0.00,0.00,,7.13,0.00,,0.48,$15.75,$112.30,,$14.81,,$0.00
07/14/26,,Team Member,02:28 PM,07:06 PM,,,4.63,0.00,0.00,,4.63,0.00,,0.00,$15.75,$72.92,,$0.00,,$0.00
07/15/26,,Team Member,11:56 AM,04:51 PM,,,4.92,0.00,0.00,,4.92,0.00,,0.00,$15.75,$77.49,,$9.62,,$0.00
07/18/26,,Team Member,03:28 PM,09:58 PM,,,6.03,0.00,0.00,,6.03,0.00,,0.47,$15.75,$94.97,,$0.00,,$0.00
07/22/26,,Team Member,01:25 PM,10:11 PM,,,8.23,0.00,0.00,,8.23,0.00,,0.53,$15.75,$129.62,,$11.59,,$0.00
07/29/26,,Team Member,01:28 PM,09:48 PM,,,7.87,0.00,0.00,,7.87,0.00,,0.47,$15.75,$123.95,,$2.04,,$0.00
08/08/26,,Team Member,11:58 AM,05:31 PM,,,5.55,0.00,0.00,,5.55,0.00,,0.00,$15.75,$87.41,,$8.80,,$0.00
08/08/26,,Team Member,06:01 PM,08:52 PM,,,2.85,0.00,0.00,,2.85,0.00,,0.00,$15.75,$44.89,,$10.99,,$0.00
08/15/26,,Team Member,12:29 PM,10:55 PM,,,9.98,0.00,0.00,,9.98,0.00,,0.45,$15.75,$157.19,,$36.92,,$0.00
08/16/26,,Team Member,12:55 PM,08:55 PM,,,7.50,0.00,0.00,,7.50,0.00,,0.50,$15.75,$118.13,,$2.73,,$0.00
08/22/26,,Team Member,01:26 PM,09:51 PM,,,7.93,0.00,0.00,,7.93,0.00,,0.48,$15.75,$124.90,,$17.80,,$0.00
08/23/26,,Team Member,12:58 PM,08:29 PM,,,7.02,0.00,0.00,,7.02,0.00,,0.50,$15.75,$110.57,,$1.72,,$0.00
Totals:,,,,,,,111.65,0.00,0.00,,111.65,0.00,,4.38,"$1,758.50",,,$117.02,,$0.00
,Signature,,,,,Date,,,,Signature,,,,,,,,,Date,
Employe Name,,,,,Payroll ID,,,,,,,,,,,,,,,
,"Means, Lilliana",,,,None,,,,,,,,,,,,,,,
Date,,Job,Time In,Time Out,,,Regular,OT,Ext,,Total Hrs,Paid Breaks,,Unpaid Breaks,Rate,Total Pay,,Non-Cash Tips,,Declared Tips
03/04/26,,Team Member,04:00 PM,09:08 PM,,,5.13,0.00,0.00,,5.13,0.00,,0.00,$15.75,$80.80,,$0.00,,$0.00
03/06/26,,Team Member,02:37 PM,07:01 PM,,,4.40,0.00,0.00,,4.40,0.00,,0.00,$15.75,$69.30,,$0.00,,$0.00
Totals:,,,,,,,9.53,0.00,0.00,,9.53,0.00,,0.00,$150.10,,,$0.00,,$0.00
,Signature,,,,,Date,,,,Signature,,,,,,,,,Date,
Employe Name,,,,,Payroll ID,,,,,,,,,,,,,,,
,"Mewborn, Khloe",,,,None,,,,,,,,,,,,,,,
Date,,Job,Time In,Time Out,,,Regular,OT,Ext,,Total Hrs,Paid Breaks,,Unpaid Breaks,Rate,Total Pay,,Non-Cash Tips,,Declared Tips
02/21/26,,Team Member,08:00 AM,09:25 AM,,,1.42,0.00,0.00,,1.42,0.00,,0.00,$15.75,$22.37,,$0.00,,$0.00
02/27/26,,Team Member,02:57 PM,07:38 PM,,,4.68,0.00,0.00,,4.68,0.00,,0.00,$15.75,$73.71,,$0.00,,$0.00
02/28/26,,Team Member,08:00 AM,09:58 AM,,,1.97,0.00,0.00,,1.97,0.00,,0.00,$15.75,$31.03,,$0.00,,$0.00
03/06/26,,Team Member,02:22 PM,07:01 PM,,,4.65,0.00,0.00,,4.65,0.00,,0.00,$15.75,$73.24,,$0.00,,$0.00
03/07/26,,Team Member,02:24 PM,08:06 PM,,,5.70,0.00,0.00,,5.70,0.00,,0.00,$15.75,$89.78,,$0.00,,$0.00
03/08/26,,Team Member,11:50 AM,10:01 PM,,,8.55,0.00,0.00,,8.55,0.00,,1.63,$15.75,$134.66,,$0.00,,$0.00
03/09/26,,Team Member,01:20 PM,08:50 PM,,,7.50,0.00,0.00,,7.50,0.00,,0.00,$15.75,$118.13,,$8.13,,$0.00
03/13/26,,Team Member,03:02 PM,09:18 PM,,,6.27,0.00,0.00,,6.27,0.00,,0.00,$15.75,$98.75,,$2.99,,$0.00
03/14/26,,Team Member,03:51 PM,09:42 PM,,,5.85,0.00,0.00,,5.85,0.00,,0.00,$15.75,$92.14,,$1.99,,$0.00
03/16/26,,Team Member,01:49 PM,09:14 PM,,,7.42,0.00,0.00,,7.42,0.00,,0.00,$15.75,$116.87,,$5.81,,$0.00
03/19/26,,Team Member,02:38 PM,09:13 PM,,,6.58,0.00,0.00,,6.58,0.00,,0.00,$15.75,$103.64,,$8.62,,$0.00
03/20/26,,Team Member,03:00 PM,09:07 PM,,,6.12,0.00,0.00,,6.12,0.00,,0.00,$15.75,$96.39,,$1.15,,$0.00
03/21/26,,Team Member,11:52 AM,09:32 PM,,,9.67,0.00,0.00,,9.67,0.00,,0.00,$15.75,$152.30,,$0.00,,$0.00
03/26/26,,Team Member,02:38 PM,10:00 PM,,,7.37,0.00,0.00,,7.37,0.00,,0.00,$15.75,$116.08,,$19.37,,$0.00
03/27/26,,Team Member,02:30 PM,09:54 PM,,,7.40,0.00,0.00,,7.40,0.00,,0.00,$15.75,$116.55,,$17.91,,$0.00
03/28/26,,Team Member,04:33 PM,09:54 PM,,,5.35,0.00,0.00,,5.35,0.00,,0.00,$15.75,$84.26,,$18.86,,$0.00
04/02/26,,Team Member,03:02 PM,09:47 PM,,,6.75,0.00,0.00,,6.75,0.00,,0.00,$15.75,$106.31,,$12.26,,$0.00
04/03/26,,Team Member,03:19 PM,10:14 PM,,,6.92,0.00,0.00,,6.92,0.00,,0.00,$15.75,$108.99,,$2.33,,$0.00
04/10/26,,Team Member,03:01 PM,10:03 PM,,,7.03,0.00,0.00,,7.03,0.00,,0.00,$15.75,$110.72,,$11.64,,$0.00
04/11/26,,Team Member,06:14 PM,09:41 PM,,,3.07,0.00,0.00,,3.07,0.00,,0.38,$15.75,$48.35,,$7.15,,$0.00
04/14/26,,Team Member,03:27 PM,09:36 PM,,,5.72,0.00,0.00,,5.72,0.00,,0.43,$15.75,$90.09,,$9.23,,$0.00
04/17/26,,Team Member,02:59 PM,10:15 PM,,,7.27,0.00,0.00,,7.27,0.00,,0.00,$15.75,$114.50,,$16.34,,$0.00
04/18/26,,Team Member,04:42 PM,10:01 PM,,,5.07,0.00,0.00,,5.07,0.00,,0.25,$15.75,$79.85,,$11.91,,$0.00
04/23/26,,Team Member,02:57 PM,09:56 PM,,,6.98,0.00,0.00,,6.98,0.00,,0.00,$15.75,$109.94,,$53.60,,$0.00
04/24/26,,Team Member,02:49 PM,10:49 PM,,,8.00,0.00,0.00,,8.00,0.00,,0.00,$15.75,$126.00,,$18.32,,$0.00
04/29/26,,Team Member,02:56 PM,09:50 PM,,,6.90,0.00,0.00,,6.90,0.00,,0.00,$15.75,$108.68,,$6.27,,$0.00
04/30/26,,Team Member,03:01 PM,09:37 PM,,,6.18,0.00,0.00,,6.18,0.00,,0.42,$15.75,$97.34,,$7.25,,$0.00
05/02/26,,Team Member,04:54 PM,09:36 PM,,,4.25,0.00,0.00,,4.25,0.00,,0.45,$15.75,$66.94,,$1.50,,$0.00
05/05/26,,Team Member,02:52 PM,09:49 PM,,,6.47,0.00,0.00,,6.47,0.00,,0.48,$15.75,$101.90,,$8.13,,$0.00
05/09/26,,Team Member,03:26 PM,09:47 PM,,,3.43,0.00,0.00,,3.43,0.00,,2.92,$15.75,$54.02,,$0.00,,$0.00
05/10/26,,Team Member,02:58 PM,08:22 PM,,,3.55,0.00,0.00,,3.55,0.00,,1.85,$15.75,$55.91,,$1.18,,$0.00
05/15/26,,Team Member,02:58 PM,10:18 PM,,,6.98,0.00,0.00,,6.98,0.00,,0.35,$15.75,$109.94,,$24.55,,$0.00
05/19/26,,Team Member,02:56 PM,10:27 PM,,,7.17,0.00,0.00,,7.17,0.00,,0.35,$15.75,$112.93,,$2.49,,$0.00
05/20/26,,Team Member,02:55 PM,09:54 PM,,,6.53,0.00,0.00,,6.53,0.00,,0.45,$15.75,$102.85,,$8.72,,$0.00
05/27/26,,Team Member,02:54 PM,09:02 PM,,,5.65,0.00,0.00,,5.65,0.00,,0.48,$15.75,$88.99,,$12.59,,$0.00
05/28/26,,Team Member,02:59 PM,09:29 PM,,,6.00,0.00,0.00,,6.00,0.00,,0.50,$15.75,$94.50,,$0.00,,$0.00
05/29/26,,Team Member,02:56 PM,09:52 PM,,,6.43,0.00,0.00,,6.43,0.00,,0.50,$15.75,$101.27,,$39.01,,$0.00
05/31/26,,Team Member,02:54 PM,08:36 PM,,,5.18,0.00,0.00,,5.18,0.00,,0.52,$15.75,$81.59,,$0.00,,$0.00
06/04/26,,Team Member,02:57 PM,09:30 PM,,,6.07,0.00,0.00,,6.07,0.00,,0.48,$15.75,$95.60,,$0.57,,$0.00
06/06/26,,Team Member,02:56 PM,09:30 PM,,,6.13,0.00,0.00,,6.13,0.00,,0.43,$15.75,$96.55,,$11.88,,$0.00
06/07/26,,Team Member,01:56 PM,08:44 PM,,,6.30,0.00,0.00,,6.30,0.00,,0.50,$15.75,$99.23,,$3.67,,$0.00
06/08/26,,Team Member,01:30 PM,09:56 PM,,,8.00,0.00,0.00,,8.00,0.00,,0.43,$15.75,$126.00,,$6.66,,$0.00
06/09/26,,Team Member,02:55 PM,06:29 PM,,,3.57,0.00,0.00,,3.57,0.00,,0.00,$15.75,$56.23,,$26.64,,$0.00
06/09/26,,Team Member,06:29 PM,10:08 PM,,,3.27,0.00,0.00,,3.27,0.00,,0.38,$15.75,$51.50,,$0.00,,$0.00
06/11/26,,Team Member,02:25 PM,09:29 PM,,,6.57,0.00,0.00,,6.57,0.00,,0.50,$15.75,$103.48,,$6.63,,$0.00
06/12/26,,Team Member,03:24 PM,09:13 PM,,,5.33,0.00,0.00,,5.33,0.00,,0.48,$15.75,$83.95,,$0.00,,$0.00
06/13/26,,Team Member,02:56 PM,09:30 PM,,,6.08,0.00,0.00,,6.08,0.00,,0.48,$15.75,$95.76,,$0.00,,$0.00
06/14/26,,Team Member,01:57 PM,08:32 PM,,,6.08,0.00,0.00,,6.08,0.00,,0.50,$15.75,$95.76,,$1.21,,$0.00
06/15/26,,Team Member,06:56 AM,01:34 PM,,,6.12,0.00,0.00,,6.12,0.00,,0.52,$15.75,$96.39,,$15.90,,$0.00
06/16/26,,Team Member,01:29 PM,09:34 PM,,,7.60,0.00,0.00,,7.60,0.00,,0.48,$15.75,$119.70,,$4.07,,$0.00
06/17/26,,Team Member,01:50 PM,09:20 PM,,,7.03,0.00,0.00,,7.03,0.00,,0.47,$15.75,$110.72,,$2.82,,$0.00
06/19/26,,Team Member,07:24 AM,01:29 PM,,,6.08,0.00,0.00,,6.08,0.00,,0.00,$15.75,$95.76,,$5.73,,$0.00
06/20/26,,Team Member,02:59 PM,09:58 PM,,,6.50,0.00,0.00,,6.50,0.00,,0.48,$15.75,$102.38,,$0.00,,$0.00
06/23/26,,Team Member,02:55 PM,09:34 PM,,,6.17,0.00,0.00,,6.17,0.00,,0.48,$15.75,$97.18,,$6.72,,$0.00
06/24/26,,Team Member,06:31 AM,02:01 PM,,,7.00,0.00,0.00,,7.00,0.00,,0.50,$15.75,$110.25,,$5.92,,$0.00
06/25/26,,Team Member,02:28 PM,09:23 PM,,,6.42,0.00,0.00,,6.42,0.00,,0.50,$15.75,$101.12,,$0.00,,$0.00
06/26/26,,Team Member,03:27 PM,09:16 PM,,,5.30,0.00,0.00,,5.30,0.00,,0.52,$15.75,$83.48,,$2.92,,$0.00
06/27/26,,Team Member,02:53 PM,09:39 PM,,,6.33,0.00,0.00,,6.33,0.00,,0.43,$15.75,$99.70,,$6.22,,$0.00
06/28/26,,Team Member,02:25 PM,08:28 PM,,,5.55,0.00,0.00,,5.55,0.00,,0.50,$15.75,$87.41,,$0.00,,$0.00
06/30/26,,Team Member,02:58 PM,09:39 PM,,,6.17,0.00,0.00,,6.17,0.00,,0.52,$15.75,$97.18,,$9.54,,$0.00
07/01/26,,Team Member,06:31 AM,09:57 AM,,,3.43,0.00,0.00,,3.43,0.00,,0.00,$15.75,$54.02,,$5.20,,$0.00
07/02/26,,Team Member,03:25 PM,09:29 PM,,,5.60,0.00,0.00,,5.60,0.00,,0.47,$15.75,$88.20,,$1.67,,$0.00
07/03/26,,Team Member,06:31 AM,02:30 PM,,,7.50,0.00,0.00,,7.50,0.00,,0.48,$15.75,$118.13,,$2.31,,$0.00
07/05/26,,Team Member,02:55 PM,08:33 PM,,,5.18,0.00,0.00,,5.18,0.00,,0.45,$15.75,$81.59,,$4.19,,$0.00
07/08/26,,Team Member,06:35 AM,02:01 PM,,,6.95,0.00,0.00,,6.95,0.00,,0.48,$15.75,$109.46,,$4.77,,$0.00
07/09/26,,Team Member,03:30 PM,10:01 PM,,,6.05,0.00,0.00,,6.05,0.00,,0.47,$15.75,$95.29,,$11.16,,$0.00
07/10/26,,Team Member,06:32 AM,02:37 PM,,,7.65,0.00,0.00,,7.65,0.00,,0.43,$15.75,$120.49,,$16.61,,$0.00
07/12/26,,Team Member,02:59 PM,09:01 PM,,,6.03,0.00,0.00,,6.03,0.00,,0.00,$15.75,$94.97,,$0.00,,$0.00
07/13/26,,Team Member,05:29 PM,10:19 PM,,,4.83,0.00,0.00,,4.83,0.00,,0.00,$15.75,$76.07,,$0.00,,$0.00
07/15/26,,Team Member,01:55 PM,09:48 PM,,,7.38,0.00,0.00,,7.38,0.00,,0.50,$15.75,$116.24,,$5.82,,$0.00
07/16/26,,Team Member,03:28 PM,09:51 PM,,,5.87,0.00,0.00,,5.87,0.00,,0.52,$15.75,$92.45,,$15.68,,$0.00
07/17/26,,Team Member,02:22 PM,10:06 PM,,,7.73,0.00,0.00,,7.73,0.00,,0.00,$15.75,$121.75,,$23.70,,$0.00
07/19/26,,Team Member,02:55 PM,09:11 PM,,,5.80,0.00,0.00,,5.80,0.00,,0.47,$15.75,$91.35,,$3.74,,$0.00
07/21/26,,Team Member,02:25 PM,09:50 PM,,,6.98,0.00,0.00,,6.98,0.00,,0.43,$15.75,$109.94,,$0.65,,$0.00
07/22/26,,Team Member,01:55 PM,10:11 PM,,,7.77,0.00,0.00,,7.77,0.00,,0.50,$15.75,$122.38,,$28.11,,$0.00
07/23/26,,Team Member,03:26 PM,10:30 PM,,,6.57,0.00,0.00,,6.57,0.00,,0.50,$15.75,$103.48,,$11.87,,$0.00
07/25/26,,Team Member,01:58 PM,10:03 PM,,,7.63,0.00,0.00,,7.63,0.00,,0.45,$15.75,$120.17,,$1.00,,$0.00
07/26/26,,Team Member,02:55 PM,08:49 PM,,,5.40,0.00,0.00,,5.40,0.00,,0.50,$15.75,$85.05,,$10.42,,$0.00
07/31/26,,Team Member,05:21 PM,07:07 PM,,,1.77,0.00,0.00,,1.77,0.00,,0.00,$15.75,$27.88,,$0.00,,$0.00
08/02/26,,Team Member,02:56 PM,09:45 PM,,,6.32,0.00,0.00,,6.32,0.00,,0.50,$15.75,$99.54,,$5.48,,$0.00
08/03/26,,Team Member,04:42 PM,10:29 PM,,,5.35,0.00,0.00,,5.35,0.00,,0.43,$15.75,$84.26,,$0.00,,$0.00
08/05/26,,Team Member,03:26 PM,09:54 PM,,,5.98,0.00,0.00,,5.98,0.00,,0.48,$15.75,$94.19,,$3.28,,$0.00
08/06/26,,Team Member,03:29 PM,09:44 PM,,,5.73,0.00,0.00,,5.73,0.00,,0.52,$15.75,$90.25,,$10.71,,$0.00
08/08/26,,Team Member,07:31 AM,11:59 AM,,,4.47,0.00,0.00,,4.47,0.00,,0.00,$15.75,$70.40,,$3.43,,$0.00
08/09/26,,Team Member,02:54 PM,09:03 PM,,,5.65,0.00,0.00,,5.65,0.00,,0.50,$15.75,$88.99,,$8.46,,$0.00
08/10/26,,Team Member,03:25 PM,10:14 PM,,,6.38,0.00,0.00,,6.38,0.00,,0.43,$15.75,$100.49,,$4.11,,$0.00
08/11/26,,Team Member,03:25 PM,10:07 PM,,,6.17,0.00,0.00,,6.17,0.00,,0.53,$15.75,$97.18,,$10.18,,$0.00
08/12/26,,Team Member,03:29 PM,09:38 PM,,,5.27,0.00,0.00,,5.27,0.00,,0.88,$15.75,$83.00,,$10.56,,$0.00
08/13/26,,Team Member,02:56 PM,09:34 PM,,,6.18,0.00,0.00,,6.18,0.00,,0.45,$15.75,$97.34,,$13.74,,$0.00
08/17/26,,Team Member,02:20 PM,10:28 PM,,,7.67,0.00,0.00,,7.67,0.00,,0.47,$15.75,$120.80,,$1.00,,$0.00
08/18/26,,Team Member,03:24 PM,09:48 PM,,,5.95,0.00,0.00,,5.95,0.00,,0.45,$15.75,$93.71,,$3.90,,$0.00
08/20/26,,Team Member,03:28 PM,09:41 PM,,,5.80,0.00,0.00,,5.80,0.00,,0.42,$15.75,$91.35,,$12.89,,$0.00
08/22/26,,Team Member,02:55 PM,09:53 PM,,,6.48,0.00,0.00,,6.48,0.00,,0.48,$15.75,$102.06,,$1.00,,$0.00
08/25/26,,Team Member,03:28 PM,09:49 PM,,,5.85,0.00,0.00,,5.85,0.00,,0.50,$15.75,$92.14,,$9.91,,$0.00
08/26/26,,Team Member,03:25 PM,09:31 PM,,,5.60,0.00,0.00,,5.60,0.00,,0.50,$15.75,$88.20,,$0.00,,$0.00
08/29/26,,Team Member,02:55 PM,09:59 PM,,,6.53,0.00,0.00,,6.53,0.00,,0.53,$15.75,$102.85,,$2.31,,$0.00
08/31/26,,Team Member,02:53 PM,09:56 PM,,,6.57,0.00,0.00,,6.57,0.00,,0.48,$15.75,$103.48,,$19.76,,$0.00
09/01/26,,Team Member,03:26 PM,09:42 PM,,,5.82,0.00,0.00,,5.82,0.00,,0.45,$15.75,$91.67,,$6.61,,$0.00
09/02/26,,Team Member,03:45 PM,10:10 PM,,,5.93,0.00,0.00,,5.93,0.00,,0.48,$15.75,$93.40,,$17.62,,$0.00
09/03/26,,Team Member,03:30 PM,09:54 PM,,,6.12,0.00,0.00,,6.12,0.00,,0.28,$15.75,$96.39,,$8.03,,$0.00
09/07/26,,Team Member,02:55 PM,09:41 PM,,,6.25,0.00,0.00,,6.25,0.00,,0.52,$15.75,$98.44,,$1.72,,$0.00
09/08/26,,Team Member,03:25 PM,09:41 PM,,,5.73,0.00,0.00,,5.73,0.00,,0.53,$15.75,$90.25,,$8.06,,$0.00
09/10/26,,Team Member,03:26 PM,09:28 PM,,,5.65,0.00,0.00,,5.65,0.00,,0.38,$15.75,$88.99,,$10.61,,$0.00
09/12/26,,Team Member,07:31 AM,02:58 PM,,,6.93,0.00,0.00,,6.93,0.00,,0.52,$15.75,$109.15,,$32.85,,$0.00
09/13/26,,Team Member,06:24 PM,08:51 PM,,,2.45,0.00,0.00,,2.45,0.00,,0.00,$15.75,$38.59,,$1.25,,$0.00
09/14/26,,Team Member,01:50 PM,10:00 PM,,,7.63,0.00,0.00,,7.63,0.00,,0.53,$15.75,$120.17,,$9.01,,$0.00
09/15/26,,Team Member,04:13 PM,09:42 PM,,,5.48,0.00,0.00,,5.48,0.00,,0.00,$15.75,$86.31,,$14.58,,$0.00
09/19/26,,Team Member,02:55 PM,09:45 PM,,,6.50,0.00,0.00,,6.50,0.00,,0.33,$15.75,$102.38,,$6.52,,$0.00
09/21/26,,Team Member,02:26 PM,10:18 PM,,,7.40,0.00,0.00,,7.40,0.00,,0.47,$15.75,$116.55,,$0.00,,$0.00
Totals:,,,,,,,657.67,0.00,0.00,,657.67,0.00,,41.28,"$10,358.27",,,$840.88,,$0.00
,Signature,,,,,Date,,,,Signature,,,,,,,,,Date,
Employe Name,,,,,Payroll ID,,,,,,,,,,,,,,,
,"Miller, Danika",,,,None,,,,,,,,,,,,,,,
Date,,Job,Time In,Time Out,,,Regular,OT,Ext,,Total Hrs,Paid Breaks,,Unpaid Breaks,Rate,Total Pay,,Non-Cash Tips,,Declared Tips
08/28/26,,Team Member,03:27 PM,07:27 PM,,,4.00,0.00,0.00,,4.00,0.00,,0.00,$15.75,$63.00,,$0.00,,$0.00
09/05/26,,Team Member,08:17 AM,04:05 PM,,,7.55,0.00,0.00,,7.55,0.00,,0.25,$15.75,$118.91,,$0.00,,$0.00
09/13/26,,Team Member,09:31 AM,03:05 PM,,,5.57,0.00,0.00,,5.57,0.00,,0.00,$15.75,$87.73,,$0.00,,$0.00
09/19/26,,Team Member,03:25 PM,09:45 PM,,,6.33,0.00,0.00,,6.33,0.00,,0.00,$15.75,$99.70,,$0.00,,$0.00
Totals:,,,,,,,23.45,0.00,0.00,,23.45,0.00,,0.25,$369.34,,,$0.00,,$0.00
,Signature,,,,,Date,,,,Signature,,,,,,,,,Date,
Employe Name,,,,,Payroll ID,,,,,,,,,,,,,,,
,"Mills, Cooper",,,,None,,,,,,,,,,,,,,,
Date,,Job,Time In,Time Out,,,Regular,OT,Ext,,Total Hrs,Paid Breaks,,Unpaid Breaks,Rate,Total Pay,,Non-Cash Tips,,Declared Tips
08/25/26,,Team Member,05:24 PM,07:24 PM,,,2.00,0.00,0.00,,2.00,0.00,,0.00,$15.75,$31.50,,$0.00,,$0.00
08/26/26,,Team Member,03:06 PM,05:06 PM,,,2.00,0.00,0.00,,2.00,0.00,,0.00,$15.75,$31.50,,$0.00,,$0.00
09/02/26,,Team Member,02:59 PM,10:11 PM,,,7.20,0.00,0.00,,7.20,0.00,,0.00,$15.75,$113.40,,$1.95,,$0.00
09/18/26,,Team Member,06:56 AM,02:32 PM,,,7.10,0.00,0.00,,7.10,0.00,,0.50,$15.75,$111.83,,$0.00,,$0.00
09/20/26,,Team Member,03:28 PM,09:09 PM,,,5.68,0.00,0.00,,5.68,0.00,,0.00,$15.75,$89.46,,$0.00,,$0.00
Totals:,,,,,,,23.98,0.00,0.00,,23.98,0.00,,0.50,$377.69,,,$1.95,,$0.00
,Signature,,,,,Date,,,,Signature,,,,,,,,,Date,
Employe Name,,,,,Payroll ID,,,,,,,,,,,,,,,
,"Mitchell, Payton",,,,None,,,,,,,,,,,,,,,
Date,,Job,Time In,Time Out,,,Regular,OT,Ext,,Total Hrs,Paid Breaks,,Unpaid Breaks,Rate,Total Pay,,Non-Cash Tips,,Declared Tips
09/06/26,,Team Member,10:46 AM,04:09 PM,,,5.38,0.00,0.00,,5.38,0.00,,0.00,$15.75,$84.74,,$0.00,,$0.00
Totals:,,,,,,,5.38,0.00,0.00,,5.38,0.00,,0.00,$84.74,,,$0.00,,$0.00
,Signature,,,,,Date,,,,Signature,,,,,,,,,Date,
Employe Name,,,,,Payroll ID,,,,,,,,,,,,,,,
,"Murphy, Ava",,,,None,,,,,,,,,,,,,,,
Date,,Job,Time In,Time Out,,,Regular,OT,Ext,,Total Hrs,Paid Breaks,,Unpaid Breaks,Rate,Total Pay,,Non-Cash Tips,,Declared Tips
08/30/26,,Team Member,01:33 PM,05:22 PM,,,3.82,0.00,0.00,,3.82,0.00,,0.00,$15.75,$60.17,,$0.00,,$0.00
09/05/26,,Team Member,02:50 PM,10:19 PM,,,7.02,0.00,0.00,,7.02,0.00,,0.47,$15.75,$110.57,,$0.00,,$0.00
09/13/26,,Team Member,09:51 AM,02:06 PM,,,4.25,0.00,0.00,,4.25,0.00,,0.00,$15.75,$66.94,,$13.48,,$0.00
Totals:,,,,,,,15.08,0.00,0.00,,15.08,0.00,,0.47,$237.68,,,$13.48,,$0.00
,Signature,,,,,Date,,,,Signature,,,,,,,,,Date,
Employe Name,,,,,Payroll ID,,,,,,,,,,,,,,,
,"Olagunju, Saida",,,,None,,,,,,,,,,,,,,,
Date,,Job,Time In,Time Out,,,Regular,OT,Ext,,Total Hrs,Paid Breaks,,Unpaid Breaks,Rate,Total Pay,,Non-Cash Tips,,Declared Tips
08/30/26,,Team Member,03:55 PM,03:58 PM,,,0.05,0.00,0.00,,0.05,0.00,,0.00,$15.75,$0.79,,$0.00,,$0.00
08/31/26,,Team Member,03:57 PM,04:13 PM,,,0.27,0.00,0.00,,0.27,0.00,,0.00,$15.75,$4.25,,$0.00,,$0.00
09/22/26,,Team Member,04:00 PM,09:54 PM,,,5.57,0.00,0.00,,5.57,0.00,,0.33,$15.75,$87.73,,$0.00,,$0.00
Totals:,,,,,,,5.88,0.00,0.00,,5.88,0.00,,0.33,$92.77,,,$0.00,,$0.00
,Signature,,,,,Date,,,,Signature,,,,,,,,,Date,
Employe Name,,,,,Payroll ID,,,,,,,,,,,,,,,
,"Ortiz, Luis",,,,None,,,,,,,,,,,,,,,
Date,,Job,Time In,Time Out,,,Regular,OT,Ext,,Total Hrs,Paid Breaks,,Unpaid Breaks,Rate,Total Pay,,Non-Cash Tips,,Declared Tips
02/24/26,,Team Member,02:30 PM,04:18 PM,,,1.80,0.00,0.00,,1.80,0.00,,0.00,$15.75,$28.35,,$0.00,,$0.00
02/28/26,,Team Member,07:58 AM,01:19 PM,,,5.35,0.00,0.00,,5.35,0.00,,0.00,$15.75,$84.26,,$0.00,,$0.00
03/06/26,,Team Member,02:27 PM,07:00 PM,,,4.55,0.00,0.00,,4.55,0.00,,0.00,$15.75,$71.66,,$0.00,,$0.00
03/07/26,,Team Member,07:54 AM,01:18 PM,,,5.40,0.00,0.00,,5.40,0.00,,0.00,$15.75,$85.05,,$0.00,,$0.00
03/08/26,,Team Member,11:56 AM,04:25 PM,,,4.03,0.00,0.00,,4.03,0.00,,0.45,$15.75,$63.47,,$0.00,,$0.00
03/09/26,,Team Member,03:00 PM,07:01 PM,,,4.02,0.00,0.00,,4.02,0.00,,0.00,$15.75,$63.32,,$14.67,,$0.00
03/10/26,,Team Member,02:57 PM,02:58 PM,,,0.02,0.00,0.00,,0.02,0.00,,0.00,$15.75,$0.32,,$0.00,,$0.00
03/10/26,,Team Member,02:58 PM,02:58 PM,,,0.00,0.00,0.00,,0.00,0.00,,0.00,$15.75,$0.00,,$0.00,,$0.00
03/10/26,,Team Member,02:58 PM,09:46 PM,,,6.80,0.00,0.00,,6.80,0.00,,0.00,$15.75,$107.10,,$25.79,,$0.00
03/15/26,,Team Member,09:33 AM,03:40 PM,,,5.65,0.00,0.00,,5.65,0.00,,0.47,$15.75,$88.99,,$2.76,,$0.00
03/17/26,,Team Member,03:31 PM,09:47 PM,,,4.82,0.00,0.00,,4.82,0.00,,1.45,$15.75,$75.92,,$0.00,,$0.00
03/18/26,,Team Member,04:32 PM,09:47 PM,,,5.25,0.00,0.00,,5.25,0.00,,0.00,$15.75,$82.69,,$3.17,,$0.00
03/28/26,,Team Member,07:59 AM,12:05 PM,,,4.10,0.00,0.00,,4.10,0.00,,0.00,$15.75,$64.58,,$0.00,,$0.00
04/01/26,,Team Member,03:34 PM,09:46 PM,,,6.20,0.00,0.00,,6.20,0.00,,0.00,$15.75,$97.65,,$11.84,,$0.00
04/04/26,,Team Member,08:28 AM,12:25 PM,,,3.95,0.00,0.00,,3.95,0.00,,0.00,$15.75,$62.21,,$4.19,,$0.00
04/08/26,,Team Member,04:30 PM,09:51 PM,,,5.35,0.00,0.00,,5.35,0.00,,0.00,$15.75,$84.26,,$11.53,,$0.00
04/11/26,,Team Member,08:00 AM,12:05 PM,,,3.72,0.00,0.00,,3.72,0.00,,0.37,$15.75,$58.59,,$10.43,,$0.00
04/22/26,,Team Member,03:15 PM,09:40 PM,,,6.42,0.00,0.00,,6.42,0.00,,0.00,$15.75,$101.12,,$29.59,,$0.00
04/25/26,,Team Member,08:03 AM,11:57 AM,,,3.55,0.00,0.00,,3.55,0.00,,0.35,$15.75,$55.91,,$2.67,,$0.00
04/30/26,,Team Member,02:59 PM,09:37 PM,,,6.30,0.00,0.00,,6.30,0.00,,0.33,$15.75,$99.23,,$15.64,,$0.00
05/03/26,,Team Member,10:34 AM,03:25 PM,,,4.85,0.00,0.00,,4.85,0.00,,0.00,$15.75,$76.39,,$1.67,,$0.00
05/06/26,,Team Member,04:31 PM,07:46 PM,,,3.25,0.00,0.00,,3.25,0.00,,0.00,$15.75,$51.19,,$6.39,,$0.00
05/06/26,,Team Member,08:17 PM,09:33 PM,,,1.27,0.00,0.00,,1.27,0.00,,0.00,$15.75,$20.00,,$0.00,,$0.00
05/11/26,,Team Member,03:16 PM,09:42 PM,,,6.43,0.00,0.00,,6.43,0.00,,0.00,$15.75,$101.27,,$9.04,,$0.00
05/12/26,,Team Member,03:02 PM,03:03 PM,,,0.02,0.00,0.00,,0.02,0.00,,0.00,$15.75,$0.32,,$0.00,,$0.00
05/12/26,,Team Member,03:04 PM,09:37 PM,,,6.55,0.00,0.00,,6.55,0.00,,0.00,$15.75,$103.16,,$5.46,,$0.00
05/16/26,,Team Member,08:03 AM,03:57 PM,,,7.37,0.00,0.00,,7.37,0.00,,0.53,$15.75,$116.08,,$46.89,,$0.00
05/17/26,,Team Member,09:32 AM,02:08 PM,,,4.60,0.00,0.00,,4.60,0.00,,0.00,$15.75,$72.45,,$12.15,,$0.00
05/23/26,,Team Member,08:06 AM,01:14 PM,,,5.13,0.00,0.00,,5.13,0.00,,0.00,$15.75,$80.80,,$9.40,,$0.00
05/24/26,,Team Member,09:32 AM,04:12 PM,,,6.67,0.00,0.00,,6.67,0.00,,0.00,$15.75,$105.05,,$42.48,,$0.00
05/25/26,,Team Member,03:31 PM,09:53 PM,,,5.83,0.00,0.00,,5.83,0.00,,0.53,$15.75,$91.82,,$13.10,,$0.00
05/28/26,,Team Member,03:01 PM,09:28 PM,,,5.90,0.00,0.00,,5.90,0.00,,0.55,$15.75,$92.93,,$7.45,,$0.00
05/30/26,,Team Member,07:33 AM,03:29 PM,,,7.32,0.00,0.00,,7.32,0.00,,0.62,$15.75,$115.29,,$71.04,,$0.00
05/31/26,,Team Member,09:33 AM,04:03 PM,,,5.95,0.00,0.00,,5.95,0.00,,0.55,$15.75,$93.71,,$10.43,,$0.00
06/01/26,,Team Member,03:01 PM,09:49 PM,,,6.20,0.00,0.00,,6.20,0.00,,0.60,$15.75,$97.65,,$5.19,,$0.00
06/03/26,,Team Member,04:31 PM,09:40 PM,,,4.62,0.00,0.00,,4.62,0.00,,0.53,$15.75,$72.77,,$13.53,,$0.00
06/08/26,,Team Member,02:58 PM,09:56 PM,,,6.45,0.00,0.00,,6.45,0.00,,0.52,$15.75,$101.59,,$73.21,,$0.00
06/17/26,,Team Member,08:22 AM,02:15 PM,,,5.37,0.00,0.00,,5.37,0.00,,0.52,$15.75,$84.58,,$7.69,,$0.00
06/18/26,,Team Member,06:35 AM,01:11 PM,,,6.05,0.00,0.00,,6.05,0.00,,0.55,$15.75,$95.29,,$49.48,,$0.00
06/20/26,,Team Member,03:31 PM,09:58 PM,,,5.93,0.00,0.00,,5.93,0.00,,0.52,$15.75,$93.40,,$16.13,,$0.00
06/22/26,,Team Member,06:44 AM,03:09 PM,,,8.08,0.00,0.00,,8.08,0.00,,0.33,$15.75,$127.26,,$13.69,,$0.00
06/24/26,,Team Member,07:31 AM,02:31 PM,,,6.55,0.00,0.00,,6.55,0.00,,0.45,$15.75,$103.16,,$47.60,,$0.00
06/25/26,,Team Member,02:29 PM,09:24 PM,,,6.42,0.00,0.00,,6.42,0.00,,0.50,$15.75,$101.12,,$9.35,,$0.00
06/27/26,,Team Member,07:35 AM,03:27 PM,,,7.33,0.00,0.00,,7.33,0.00,,0.53,$15.75,$115.45,,$36.77,,$0.00
07/02/26,,Team Member,08:29 AM,01:31 PM,,,4.50,0.00,0.00,,4.50,0.00,,0.53,$15.75,$70.88,,$15.42,,$0.00
07/04/26,,Team Member,07:32 AM,03:32 PM,,,7.50,0.00,0.00,,7.50,0.00,,0.50,$15.75,$118.13,,$32.81,,$0.00
07/05/26,,Team Member,09:38 AM,02:56 PM,,,5.30,0.00,0.00,,5.30,0.00,,0.00,$15.75,$83.48,,$21.48,,$0.00
07/06/26,,Team Member,06:31 AM,01:25 PM,,,6.38,0.00,0.00,,6.38,0.00,,0.52,$15.75,$100.49,,$15.89,,$0.00
07/11/26,,Team Member,07:32 AM,03:29 PM,,,7.42,0.00,0.00,,7.42,0.00,,0.53,$15.75,$116.87,,$18.18,,$0.00
07/12/26,,Team Member,11:00 AM,03:33 PM,,,4.55,0.00,0.00,,4.55,0.00,,0.00,$15.75,$71.66,,$9.06,,$0.00
07/13/26,,Team Member,11:01 AM,04:12 PM,,,4.65,0.00,0.00,,4.65,0.00,,0.53,$15.75,$73.24,,$10.00,,$0.00
07/26/26,,Team Member,11:01 AM,03:34 PM,,,4.55,0.00,0.00,,4.55,0.00,,0.00,$15.75,$71.66,,$13.48,,$0.00
08/13/26,,Team Member,04:59 PM,09:35 PM,,,4.60,0.00,0.00,,4.60,0.00,,0.00,$15.75,$72.45,,$2.02,,$0.00
08/15/26,,Team Member,02:01 PM,06:33 PM,,,4.53,0.00,0.00,,4.53,0.00,,0.00,$15.75,$71.35,,$27.83,,$0.00
08/17/26,,Team Member,04:00 PM,10:28 PM,,,6.47,0.00,0.00,,6.47,0.00,,0.00,$15.75,$101.90,,$6.23,,$0.00
08/20/26,,Team Member,04:59 PM,09:41 PM,,,4.70,0.00,0.00,,4.70,0.00,,0.00,$15.75,$74.03,,$29.97,,$0.00
08/22/26,,Team Member,07:33 AM,03:27 PM,,,7.35,0.00,0.00,,7.35,0.00,,0.55,$15.75,$115.76,,$11.74,,$0.00
09/04/26,,Team Member,12:10 PM,01:31 PM,,,1.35,0.00,0.00,,1.35,0.00,,0.00,$15.75,$21.26,,$3.96,,$0.00
Totals:,,,,,,,295.25,0.00,0.00,,295.25,0.00,,14.42,"$4,650.57",,,$858.49,,$0.00
,Signature,,,,,Date,,,,Signature,,,,,,,,,Date,
Employe Name,,,,,Payroll ID,,,,,,,,,,,,,,,
,"Quagliano, Victoria",,,,None,,,,,,,,,,,,,,,
Date,,Job,Time In,Time Out,,,Regular,OT,Ext,,Total Hrs,Paid Breaks,,Unpaid Breaks,Rate,Total Pay,,Non-Cash Tips,,Declared Tips
02/20/26,,Team Member,02:30 PM,04:10 PM,,,1.67,0.00,0.00,,1.67,0.00,,0.00,$15.75,$26.30,,$0.00,,$0.00
02/28/26,,Team Member,02:57 PM,07:00 PM,,,3.92,0.00,0.00,,3.92,0.00,,0.13,$15.75,$61.74,,$0.00,,$0.00
03/06/26,,Team Member,02:35 PM,07:02 PM,,,4.45,0.00,0.00,,4.45,0.00,,0.00,$15.75,$70.09,,$0.00,,$0.00
03/07/26,,Team Member,02:36 PM,08:10 PM,,,5.57,0.00,0.00,,5.57,0.00,,0.00,$15.75,$87.73,,$0.00,,$0.00
03/08/26,,Team Member,11:59 AM,10:02 PM,,,9.55,0.00,0.00,,9.55,0.00,,0.50,$15.75,$150.41,,$0.00,,$0.00
03/13/26,,Team Member,01:32 PM,05:31 PM,,,3.98,0.00,0.00,,3.98,0.00,,0.00,$15.75,$62.69,,$13.20,,$0.00
03/17/26,,Team Member,03:13 PM,08:10 PM,,,4.95,0.00,0.00,,4.95,0.00,,0.00,$15.75,$77.96,,$4.44,,$0.00
03/20/26,,Team Member,03:32 PM,08:37 PM,,,5.08,0.00,0.00,,5.08,0.00,,0.00,$15.75,$80.01,,$2.15,,$0.00
03/21/26,,Team Member,12:30 PM,08:57 PM,,,8.00,0.00,0.00,,8.00,0.00,,0.45,$15.75,$126.00,,$1.78,,$0.00
03/22/26,,Team Member,03:58 PM,09:19 PM,,,5.35,0.00,0.00,,5.35,0.00,,0.00,$15.75,$84.26,,$0.00,,$0.00
03/29/26,,Team Member,04:52 PM,10:02 PM,,,5.17,0.00,0.00,,5.17,0.00,,0.00,$15.75,$81.43,,$0.00,,$0.00
04/11/26,,Team Member,12:37 PM,04:20 PM,,,3.37,0.00,0.00,,3.37,0.00,,0.35,$15.75,$53.08,,$0.00,,$0.00
04/12/26,,Team Member,03:56 PM,09:21 PM,,,5.42,0.00,0.00,,5.42,0.00,,0.00,$15.75,$85.37,,$3.07,,$0.00
04/26/26,,Team Member,03:58 PM,05:50 PM,,,1.87,0.00,0.00,,1.87,0.00,,0.00,$15.75,$29.45,,$0.00,,$0.00
Totals:,,,,,,,68.33,0.00,0.00,,68.33,0.00,,1.43,"$1,076.52",,,$24.64,,$0.00
,Signature,,,,,Date,,,,Signature,,,,,,,,,Date,
Employe Name,,,,,Payroll ID,,,,,,,,,,,,,,,
,"Quihuis, Rebekah",,,,None,,,,,,,,,,,,,,,
Date,,Job,Time In,Time Out,,,Regular,OT,Ext,,Total Hrs,Paid Breaks,,Unpaid Breaks,Rate,Total Pay,,Non-Cash Tips,,Declared Tips
08/30/26,,Team Member,02:26 PM,05:23 PM,,,2.95,0.00,0.00,,2.95,0.00,,0.00,$15.75,$46.46,,$0.00,,$0.00
09/02/26,,Team Member,03:43 PM,10:11 PM,,,6.47,0.00,0.00,,6.47,0.00,,0.00,$15.75,$101.90,,$0.00,,$0.00
09/04/26,,Team Member,01:56 PM,09:38 PM,,,7.23,0.00,0.00,,7.23,0.00,,0.47,$15.75,$113.87,,$0.00,,$0.00
09/05/26,,Team Member,07:24 AM,03:31 PM,,,7.63,0.00,0.00,,7.63,0.00,,0.48,$15.75,$120.17,,$8.13,,$0.00
09/11/26,,Team Member,02:54 PM,09:36 PM,,,6.70,0.00,0.00,,6.70,0.00,,0.00,$15.75,$105.53,,$15.93,,$0.00
09/12/26,,Team Member,11:59 AM,08:03 PM,,,7.57,0.00,0.00,,7.57,0.00,,0.50,$15.75,$119.23,,$4.94,,$0.00
09/20/26,,Team Member,09:54 AM,02:39 PM,,,4.28,0.00,0.00,,4.28,0.00,,0.47,$15.75,$67.41,,$4.60,,$0.00
09/21/26,,Team Member,03:28 PM,10:18 PM,,,6.23,0.00,0.00,,6.23,0.00,,0.60,$15.75,$98.12,,$18.78,,$0.00
09/22/26,,Team Member,03:26 PM,09:53 PM,,,5.70,0.00,0.00,,5.70,0.00,,0.75,$15.75,$89.78,,$29.60,,$0.00
Totals:,,,,,,,54.77,0.00,0.00,,54.77,0.00,,3.27,$862.47,,,$81.98,,$0.00
,Signature,,,,,Date,,,,Signature,,,,,,,,,Date,
Employe Name,,,,,Payroll ID,,,,,,,,,,,,,,,
,"Ramirez, Selena",,,,None,,,,,,,,,,,,,,,
Date,,Job,Time In,Time Out,,,Regular,OT,Ext,,Total Hrs,Paid Breaks,,Unpaid Breaks,Rate,Total Pay,,Non-Cash Tips,,Declared Tips
07/01/26,,Team Member,01:00 PM,05:00 PM,,,4.00,0.00,0.00,,4.00,0.00,,0.00,$15.75,$63.00,,$0.00,,$0.00
Totals:,,,,,,,4.00,0.00,0.00,,4.00,0.00,,0.00,$63.00,,,$0.00,,$0.00
,Signature,,,,,Date,,,,Signature,,,,,,,,,Date,
Employe Name,,,,,Payroll ID,,,,,,,,,,,,,,,
,"Reed, Carter",,,,None,,,,,,,,,,,,,,,
Date,,Job,Time In,Time Out,,,Regular,OT,Ext,,Total Hrs,Paid Breaks,,Unpaid Breaks,Rate,Total Pay,,Non-Cash Tips,,Declared Tips
06/01/26,,Team Member,03:00 PM,07:30 PM,,,4.00,0.00,0.00,,4.00,0.00,,0.50,$15.75,$63.00,,$0.00,,$0.00
06/09/26,,Team Member,08:00 AM,12:06 PM,,,4.10,0.00,0.00,,4.10,0.00,,0.00,$15.75,$64.58,,$0.00,,$0.00
06/10/26,,Team Member,07:26 AM,02:41 PM,,,6.73,0.00,0.00,,6.73,0.00,,0.52,$15.75,$106.00,,$0.00,,$0.00
06/11/26,,Team Member,08:26 AM,01:33 PM,,,4.62,0.00,0.00,,4.62,0.00,,0.50,$15.75,$72.77,,$1.83,,$0.00
06/16/26,,Team Member,07:55 AM,01:37 PM,,,5.20,0.00,0.00,,5.20,0.00,,0.50,$15.75,$81.90,,$0.00,,$0.00
06/18/26,,Team Member,08:27 AM,02:28 PM,,,5.52,0.00,0.00,,5.52,0.00,,0.50,$15.75,$86.94,,$0.00,,$0.00
06/19/26,,Team Member,03:30 PM,09:11 PM,,,5.17,0.00,0.00,,5.17,0.00,,0.52,$15.75,$81.43,,$0.00,,$0.00
06/20/26,,Team Member,02:59 PM,09:59 PM,,,6.45,0.00,0.00,,6.45,0.00,,0.55,$15.75,$101.59,,$0.00,,$0.00
06/21/26,,Team Member,09:30 AM,02:30 PM,,,4.40,0.00,0.00,,4.40,0.00,,0.60,$15.75,$69.30,,$0.00,,$0.00
06/23/26,,Team Member,07:59 AM,03:23 PM,,,6.85,0.00,0.00,,6.85,0.00,,0.55,$15.75,$107.89,,$0.00,,$0.00
06/25/26,,Team Member,07:31 AM,12:53 PM,,,4.87,0.00,0.00,,4.87,0.00,,0.50,$15.75,$76.70,,$0.00,,$0.00
06/26/26,,Team Member,02:31 PM,09:30 PM,,,6.45,0.00,0.00,,6.45,0.00,,0.53,$15.75,$101.59,,$0.00,,$0.00
06/27/26,,Team Member,07:27 AM,03:27 PM,,,7.57,0.00,0.00,,7.57,0.00,,0.43,$15.75,$119.23,,$11.57,,$0.00
06/30/26,,Team Member,07:57 AM,03:14 PM,,,6.77,0.00,0.00,,6.77,0.00,,0.52,$15.75,$106.63,,$0.00,,$0.00
07/04/26,,Team Member,07:31 AM,03:32 PM,,,7.45,0.00,0.00,,7.45,0.00,,0.57,$15.75,$117.34,,$8.11,,$0.00
07/05/26,,Team Member,09:30 AM,02:10 PM,,,4.67,0.00,0.00,,4.67,0.00,,0.00,$15.75,$73.55,,$0.00,,$0.00
07/06/26,,Team Member,06:57 AM,01:27 PM,,,5.95,0.00,0.00,,5.95,0.00,,0.55,$15.75,$93.71,,$0.00,,$0.00
07/07/26,,Team Member,07:59 AM,03:02 PM,,,6.57,0.00,0.00,,6.57,0.00,,0.48,$15.75,$103.48,,$1.00,,$0.00
07/08/26,,Team Member,01:26 PM,11:18 PM,,,9.87,0.00,0.00,,9.87,0.00,,0.00,$15.75,$155.45,,$3.07,,$0.00
07/11/26,,Team Member,07:30 AM,03:30 PM,,,7.50,0.00,0.00,,7.50,0.00,,0.50,$15.75,$118.13,,$0.80,,$0.00
07/12/26,,Team Member,09:30 AM,02:07 PM,,,4.62,0.00,0.00,,4.62,0.00,,0.00,$15.75,$72.77,,$1.72,,$0.00
07/14/26,,Team Member,07:59 AM,02:59 PM,,,6.50,0.00,0.00,,6.50,0.00,,0.50,$15.75,$102.38,,$2.98,,$0.00
07/21/26,,Team Member,08:05 AM,03:07 PM,,,6.50,0.00,0.00,,6.50,0.00,,0.53,$15.75,$102.38,,$0.00,,$0.00
07/22/26,,Team Member,01:24 PM,10:11 PM,,,8.30,0.00,0.00,,8.30,0.00,,0.48,$15.75,$130.73,,$0.00,,$0.00
07/24/26,,Team Member,10:18 AM,02:51 PM,,,4.55,0.00,0.00,,4.55,0.00,,0.00,$15.75,$71.66,,$0.00,,$0.00
07/25/26,,Team Member,07:26 AM,02:53 PM,,,6.93,0.00,0.00,,6.93,0.00,,0.52,$15.75,$109.15,,$0.00,,$0.00
07/26/26,,Team Member,09:32 AM,01:59 PM,,,4.45,0.00,0.00,,4.45,0.00,,0.00,$15.75,$70.09,,$1.51,,$0.00
07/29/26,,Team Member,10:57 AM,05:48 PM,,,6.37,0.00,0.00,,6.37,0.00,,0.48,$15.75,$100.33,,$1.89,,$0.00
07/31/26,,Team Member,09:57 AM,02:06 PM,,,4.15,0.00,0.00,,4.15,0.00,,0.00,$15.75,$65.36,,$0.00,,$0.00
08/01/26,,Team Member,07:31 AM,09:51 AM,,,2.33,0.00,0.00,,2.33,0.00,,0.00,$15.75,$36.70,,$0.00,,$0.00
08/01/26,,Team Member,09:51 AM,03:31 PM,,,5.17,0.00,0.00,,5.17,0.00,,0.50,$15.75,$81.43,,$4.64,,$0.00
08/02/26,,Team Member,09:32 AM,02:03 PM,,,4.52,0.00,0.00,,4.52,0.00,,0.00,$15.75,$71.19,,$0.00,,$0.00
08/08/26,,Team Member,03:58 PM,10:09 PM,,,6.18,0.00,0.00,,6.18,0.00,,0.00,$15.75,$97.34,,$1.57,,$0.00
08/09/26,,Team Member,09:25 AM,03:01 PM,,,5.60,0.00,0.00,,5.60,0.00,,0.00,$15.75,$88.20,,$1.98,,$0.00
08/10/26,,Team Member,04:42 PM,09:18 PM,,,4.60,0.00,0.00,,4.60,0.00,,0.00,$15.75,$72.45,,$0.00,,$0.00
08/11/26,,Team Member,05:12 PM,10:01 PM,,,4.52,0.00,0.00,,4.52,0.00,,0.30,$15.75,$71.19,,$2.35,,$0.00
08/18/26,,Team Member,03:57 PM,09:48 PM,,,5.85,0.00,0.00,,5.85,0.00,,0.00,$15.75,$92.14,,$0.00,,$0.00
08/21/26,,Team Member,03:37 PM,10:28 PM,,,6.40,0.00,0.00,,6.40,0.00,,0.45,$15.75,$100.80,,$7.97,,$0.00
08/25/26,,Team Member,03:56 PM,09:47 PM,,,5.33,0.00,0.00,,5.33,0.00,,0.52,$15.75,$83.95,,$3.70,,$0.00
08/28/26,,Team Member,03:29 PM,09:57 PM,,,6.20,0.00,0.00,,6.20,0.00,,0.27,$15.75,$97.65,,$2.44,,$0.00
08/29/26,,Team Member,02:56 PM,05:04 PM,,,2.13,0.00,0.00,,2.13,0.00,,0.00,$15.75,$33.55,,$3.11,,$0.00
09/01/26,,Team Member,03:54 PM,09:41 PM,,,5.78,0.00,0.00,,5.78,0.00,,0.00,$15.75,$91.04,,$2.52,,$0.00
09/04/26,,Team Member,01:27 PM,09:46 PM,,,7.95,0.00,0.00,,7.95,0.00,,0.37,$15.75,$125.21,,$7.97,,$0.00
09/08/26,,Team Member,03:57 PM,09:40 PM,,,5.23,0.00,0.00,,5.23,0.00,,0.48,$15.75,$82.37,,$0.00,,$0.00
09/09/26,,Team Member,05:58 PM,09:32 PM,,,3.57,0.00,0.00,,3.57,0.00,,0.00,$15.75,$56.23,,$2.47,,$0.00
09/18/26,,Team Member,01:25 PM,09:32 PM,,,8.12,0.00,0.00,,8.12,0.00,,0.00,$15.75,$127.89,,$1.41,,$0.00
09/22/26,,Team Member,04:01 PM,09:53 PM,,,5.37,0.00,0.00,,5.37,0.00,,0.50,$15.75,$84.58,,$8.32,,$0.00
Totals:,,,,,,,267.90,0.00,0.00,,267.90,0.00,,14.72,"$4,219.97",,,$84.93,,$0.00
,Signature,,,,,Date,,,,Signature,,,,,,,,,Date,
Employe Name,,,,,Payroll ID,,,,,,,,,,,,,,,
,"Reyna Santellano, Ariana",,,,None,,,,,,,,,,,,,,,
Date,,Job,Time In,Time Out,,,Regular,OT,Ext,,Total Hrs,Paid Breaks,,Unpaid Breaks,Rate,Total Pay,,Non-Cash Tips,,Declared Tips
06/12/26,,Team Member,04:30 PM,07:40 PM,,,3.17,0.00,0.00,,3.17,0.00,,0.00,$15.75,$49.93,,$0.00,,$0.00
06/14/26,,Team Member,05:35 PM,06:25 PM,,,0.83,0.00,0.00,,0.83,0.00,,0.00,$15.75,$13.07,,$0.00,,$0.00
07/01/26,,Team Member,08:00 AM,12:00 PM,,,4.00,0.00,0.00,,4.00,0.00,,0.00,$15.75,$63.00,,$0.00,,$0.00
07/03/26,,Team Member,09:20 AM,12:35 PM,,,3.25,0.00,0.00,,3.25,0.00,,0.00,$15.75,$51.19,,$0.00,,$0.00
07/10/26,,Team Member,08:30 AM,12:50 PM,,,4.33,0.00,0.00,,4.33,0.00,,0.00,$15.75,$68.20,,$0.00,,$0.00
07/12/26,,Team Member,10:30 AM,02:13 PM,,,3.72,0.00,0.00,,3.72,0.00,,0.00,$15.75,$58.59,,$0.00,,$0.00
07/18/26,,Team Member,07:33 AM,03:40 PM,,,7.60,0.00,0.00,,7.60,0.00,,0.52,$15.75,$119.70,,$6.33,,$0.00
07/25/26,,Team Member,07:25 AM,03:44 PM,,,7.82,0.00,0.00,,7.82,0.00,,0.50,$15.75,$123.17,,$12.15,,$0.00
07/26/26,,Team Member,10:24 AM,02:05 PM,,,3.68,0.00,0.00,,3.68,0.00,,0.00,$15.75,$57.96,,$30.32,,$0.00
08/02/26,,Team Member,10:24 AM,01:58 PM,,,3.57,0.00,0.00,,3.57,0.00,,0.00,$15.75,$56.23,,$2.16,,$0.00
08/03/26,,Team Member,02:58 PM,10:29 PM,,,7.03,0.00,0.00,,7.03,0.00,,0.48,$15.75,$110.72,,$1.00,,$0.00
08/04/26,,Team Member,03:43 PM,09:38 PM,,,5.42,0.00,0.00,,5.42,0.00,,0.50,$15.75,$85.37,,$2.23,,$0.00
08/08/26,,Team Member,07:27 AM,03:30 PM,,,7.52,0.00,0.00,,7.52,0.00,,0.53,$15.75,$118.44,,$0.00,,$0.00
08/15/26,,Team Member,03:27 PM,10:56 PM,,,6.98,0.00,0.00,,6.98,0.00,,0.50,$15.75,$109.94,,$0.00,,$0.00
08/16/26,,Team Member,09:30 AM,01:32 PM,,,4.03,0.00,0.00,,4.03,0.00,,0.00,$15.75,$63.47,,$0.00,,$0.00
08/22/26,,Team Member,07:28 AM,03:30 PM,,,7.55,0.00,0.00,,7.55,0.00,,0.48,$15.75,$118.91,,$20.53,,$0.00
08/23/26,,Team Member,09:28 AM,01:40 PM,,,4.20,0.00,0.00,,4.20,0.00,,0.00,$15.75,$66.15,,$2.12,,$0.00
08/30/26,,Team Member,09:30 AM,01:33 PM,,,4.05,0.00,0.00,,4.05,0.00,,0.00,$15.75,$63.79,,$9.63,,$0.00
09/06/26,,Team Member,09:30 AM,01:39 PM,,,4.15,0.00,0.00,,4.15,0.00,,0.00,$15.75,$65.36,,$22.24,,$0.00
09/20/26,,Team Member,09:32 AM,01:31 PM,,,3.98,0.00,0.00,,3.98,0.00,,0.00,$15.75,$62.69,,$2.39,,$0.00
Totals:,,,,,,,96.88,0.00,0.00,,96.88,0.00,,3.52,"$1,525.88",,,$111.10,,$0.00
,Signature,,,,,Date,,,,Signature,,,,,,,,,Date,
Employe Name,,,,,Payroll ID,,,,,,,,,,,,,,,
,"Reyna-Santellano, Vanessa",,,,None,,,,,,,,,,,,,,,
Date,,Job,Time In,Time Out,,,Regular,OT,Ext,,Total Hrs,Paid Breaks,,Unpaid Breaks,Rate,Total Pay,,Non-Cash Tips,,Declared Tips
02/19/26,,Team Member,02:30 PM,04:04 PM,,,1.57,0.00,0.00,,1.57,0.00,,0.00,$15.75,$24.73,,$0.00,,$0.00
02/27/26,,Team Member,03:03 PM,07:38 PM,,,4.58,0.00,0.00,,4.58,0.00,,0.00,$15.75,$72.14,,$0.00,,$0.00
02/28/26,,Team Member,02:46 PM,05:03 PM,,,2.28,0.00,0.00,,2.28,0.00,,0.00,$15.75,$35.91,,$0.00,,$0.00
03/06/26,,Team Member,07:51 AM,01:45 PM,,,5.90,0.00,0.00,,5.90,0.00,,0.00,$15.75,$92.93,,$0.00,,$0.00
03/07/26,,Team Member,07:50 AM,01:19 PM,,,5.48,0.00,0.00,,5.48,0.00,,0.00,$15.75,$86.31,,$0.00,,$0.00
03/08/26,,Team Member,11:59 AM,10:04 PM,,,9.58,0.00,0.00,,9.58,0.00,,0.50,$15.75,$150.89,,$0.00,,$0.00
03/09/26,,Team Member,06:25 AM,01:37 PM,,,7.20,0.00,0.00,,7.20,0.00,,0.00,$15.75,$113.40,,$2.60,,$0.00
03/11/26,,Team Member,07:52 AM,03:34 PM,,,7.15,0.00,0.00,,7.15,0.00,,0.55,$15.75,$112.61,,$1.00,,$0.00
03/14/26,,Team Member,08:01 AM,01:04 PM,,,5.05,0.00,0.00,,5.05,0.00,,0.00,$15.75,$79.54,,$10.59,,$0.00
03/16/26,,Team Member,06:28 AM,01:40 PM,,,6.08,0.00,0.00,,6.08,0.00,,1.12,$15.75,$95.76,,$0.00,,$0.00
03/19/26,,Team Member,11:57 AM,04:30 PM,,,4.55,0.00,0.00,,4.55,0.00,,0.00,$15.75,$71.66,,$2.59,,$0.00
03/21/26,,Team Member,02:02 PM,06:54 PM,,,4.87,0.00,0.00,,4.87,0.00,,0.00,$15.75,$76.70,,$5.66,,$0.00
03/22/26,,Team Member,05:04 PM,09:19 PM,,,4.25,0.00,0.00,,4.25,0.00,,0.00,$15.75,$66.94,,$0.00,,$0.00
03/23/26,,Team Member,02:01 PM,08:19 PM,,,6.30,0.00,0.00,,6.30,0.00,,0.00,$15.75,$99.23,,$18.97,,$0.00
03/26/26,,Team Member,12:03 PM,04:34 PM,,,4.52,0.00,0.00,,4.52,0.00,,0.00,$15.75,$71.19,,$5.00,,$0.00
03/28/26,,Team Member,01:46 PM,06:16 PM,,,4.50,0.00,0.00,,4.50,0.00,,0.00,$15.75,$70.88,,$0.00,,$0.00
03/29/26,,Team Member,04:51 PM,10:02 PM,,,5.18,0.00,0.00,,5.18,0.00,,0.00,$15.75,$81.59,,$8.18,,$0.00
04/06/26,,Team Member,03:54 PM,09:34 PM,,,5.67,0.00,0.00,,5.67,0.00,,0.00,$15.75,$89.30,,$13.29,,$0.00
04/10/26,,Team Member,06:19 AM,02:45 PM,,,7.88,0.00,0.00,,7.88,0.00,,0.55,$15.75,$124.11,,$14.76,,$0.00
04/11/26,,Team Member,08:03 AM,12:41 PM,,,3.58,0.00,0.00,,3.58,0.00,,1.05,$15.75,$56.39,,$9.25,,$0.00
04/11/26,,Team Member,03:52 PM,06:38 PM,,,2.77,0.00,0.00,,2.77,0.00,,0.00,$15.75,$43.63,,$0.00,,$0.00
04/11/26,,Team Member,06:38 PM,08:09 PM,,,0.95,0.00,0.00,,0.95,0.00,,0.57,$15.75,$14.96,,$0.00,,$0.00
04/12/26,,Team Member,04:59 PM,09:20 PM,,,4.35,0.00,0.00,,4.35,0.00,,0.00,$15.75,$68.51,,$4.57,,$0.00
04/13/26,,Team Member,04:30 PM,09:28 PM,,,4.97,0.00,0.00,,4.97,0.00,,0.00,$15.75,$78.28,,$8.88,,$0.00
04/17/26,,Team Member,06:26 AM,02:34 PM,,,7.55,0.00,0.00,,7.55,0.00,,0.58,$15.75,$118.91,,$43.03,,$0.00
04/18/26,,Team Member,04:02 PM,08:04 PM,,,3.47,0.00,0.00,,3.47,0.00,,0.57,$15.75,$54.65,,$14.41,,$0.00
04/20/26,,Team Member,04:31 PM,09:29 PM,,,4.97,0.00,0.00,,4.97,0.00,,0.00,$15.75,$78.28,,$8.89,,$0.00
04/24/26,,Team Member,06:29 AM,03:11 PM,,,8.17,0.00,0.00,,8.17,0.00,,0.53,$15.75,$128.68,,$25.82,,$0.00
04/27/26,,Team Member,04:27 PM,09:31 PM,,,5.07,0.00,0.00,,5.07,0.00,,0.00,$15.75,$79.85,,$15.93,,$0.00
05/01/26,,Team Member,08:02 AM,03:01 PM,,,6.43,0.00,0.00,,6.43,0.00,,0.55,$15.75,$101.27,,$20.24,,$0.00
05/05/26,,Team Member,09:03 AM,03:34 PM,,,5.95,0.00,0.00,,5.95,0.00,,0.57,$15.75,$93.71,,$4.00,,$0.00
05/06/26,,Team Member,10:36 AM,03:35 PM,,,4.43,0.00,0.00,,4.43,0.00,,0.55,$15.75,$69.77,,$7.66,,$0.00
05/08/26,,Team Member,08:01 AM,01:37 PM,,,5.07,0.00,0.00,,5.07,0.00,,0.53,$15.75,$79.85,,$4.51,,$0.00
05/09/26,,Team Member,08:10 AM,03:28 PM,,,6.78,0.00,0.00,,6.78,0.00,,0.52,$15.75,$106.79,,$32.46,,$0.00
05/12/26,,Team Member,10:57 AM,03:04 PM,,,4.12,0.00,0.00,,4.12,0.00,,0.00,$15.75,$64.89,,$9.45,,$0.00
05/13/26,,Team Member,07:57 AM,02:05 PM,,,5.62,0.00,0.00,,5.62,0.00,,0.52,$15.75,$88.52,,$6.40,,$0.00
05/15/26,,Team Member,02:32 PM,06:32 PM,,,3.50,0.00,0.00,,3.50,0.00,,0.50,$15.75,$55.13,,$19.65,,$0.00
05/16/26,,Team Member,02:21 PM,09:27 PM,,,6.58,0.00,0.00,,6.58,0.00,,0.52,$15.75,$103.64,,$13.78,,$0.00
05/20/26,,Team Member,07:59 AM,02:38 PM,,,6.13,0.00,0.00,,6.13,0.00,,0.52,$15.75,$96.55,,$2.94,,$0.00
05/21/26,,Team Member,09:40 AM,03:36 PM,,,5.42,0.00,0.00,,5.42,0.00,,0.52,$15.75,$85.37,,$2.31,,$0.00
05/22/26,,Team Member,07:30 AM,03:39 PM,,,7.63,0.00,0.00,,7.63,0.00,,0.52,$15.75,$120.17,,$30.21,,$0.00
05/23/26,,Team Member,03:36 PM,09:28 PM,,,5.33,0.00,0.00,,5.33,0.00,,0.53,$15.75,$83.95,,$2.90,,$0.00
05/25/26,,Team Member,11:08 AM,03:11 PM,,,4.05,0.00,0.00,,4.05,0.00,,0.00,$15.75,$63.79,,$0.00,,$0.00
05/27/26,,Team Member,06:32 AM,01:13 PM,,,6.15,0.00,0.00,,6.15,0.00,,0.53,$15.75,$96.86,,$9.00,,$0.00
05/28/26,,Team Member,10:43 AM,06:01 PM,,,6.80,0.00,0.00,,6.80,0.00,,0.50,$15.75,$107.10,,$2.25,,$0.00
05/29/26,,Team Member,06:39 AM,11:34 AM,,,4.92,0.00,0.00,,4.92,0.00,,0.00,$15.75,$77.49,,$7.49,,$0.00
05/30/26,,Team Member,02:31 PM,09:20 PM,,,6.32,0.00,0.00,,6.32,0.00,,0.50,$15.75,$99.54,,$8.74,,$0.00
06/01/26,,Team Member,06:58 AM,02:00 PM,,,6.52,0.00,0.00,,6.52,0.00,,0.52,$15.75,$102.69,,$25.84,,$0.00
06/02/26,,Team Member,03:35 PM,09:32 PM,,,5.43,0.00,0.00,,5.43,0.00,,0.52,$15.75,$85.52,,$0.00,,$0.00
06/05/26,,Team Member,01:35 PM,09:36 PM,,,7.52,0.00,0.00,,7.52,0.00,,0.50,$15.75,$118.44,,$3.66,,$0.00
06/06/26,,Team Member,03:28 PM,09:30 PM,,,5.50,0.00,0.00,,5.50,0.00,,0.53,$15.75,$86.63,,$13.00,,$0.00
06/07/26,,Team Member,02:08 PM,08:43 PM,,,6.08,0.00,0.00,,6.08,0.00,,0.50,$15.75,$95.76,,$13.40,,$0.00
06/08/26,,Team Member,07:03 AM,02:34 PM,,,7.00,0.00,0.00,,7.00,0.00,,0.52,$15.75,$110.25,,$3.02,,$0.00
06/09/26,,Team Member,01:26 PM,10:08 PM,,,8.17,0.00,0.00,,8.17,0.00,,0.53,$15.75,$128.68,,$22.50,,$0.00
06/11/26,,Team Member,07:45 AM,01:31 PM,,,5.23,0.00,0.00,,5.23,0.00,,0.53,$15.75,$82.37,,$7.63,,$0.00
06/12/26,,Team Member,01:32 PM,09:42 PM,,,7.63,0.00,0.00,,7.63,0.00,,0.53,$15.75,$120.17,,$30.02,,$0.00
06/14/26,,Team Member,02:05 PM,08:32 PM,,,5.92,0.00,0.00,,5.92,0.00,,0.53,$15.75,$93.24,,$6.47,,$0.00
06/15/26,,Team Member,06:58 AM,02:33 PM,,,7.05,0.00,0.00,,7.05,0.00,,0.53,$15.75,$111.04,,$20.53,,$0.00
06/18/26,,Team Member,06:56 AM,02:29 PM,,,6.98,0.00,0.00,,6.98,0.00,,0.57,$15.75,$109.94,,$3.88,,$0.00
06/19/26,,Team Member,06:38 AM,02:44 PM,,,7.57,0.00,0.00,,7.57,0.00,,0.53,$15.75,$119.23,,$11.01,,$0.00
06/21/26,,Team Member,02:03 PM,09:06 PM,,,6.47,0.00,0.00,,6.47,0.00,,0.58,$15.75,$101.90,,$8.93,,$0.00
06/22/26,,Team Member,07:02 AM,03:01 PM,,,7.48,0.00,0.00,,7.48,0.00,,0.50,$15.75,$117.81,,$21.94,,$0.00
06/23/26,,Team Member,01:25 PM,09:34 PM,,,7.65,0.00,0.00,,7.65,0.00,,0.50,$15.75,$120.49,,$35.79,,$0.00
06/25/26,,Team Member,07:01 AM,11:37 AM,,,4.60,0.00,0.00,,4.60,0.00,,0.00,$15.75,$72.45,,$4.21,,$0.00
06/26/26,,Team Member,01:32 PM,09:34 PM,,,7.45,0.00,0.00,,7.45,0.00,,0.58,$15.75,$117.34,,$44.45,,$0.00
06/28/26,,Team Member,03:01 PM,08:28 PM,,,4.87,0.00,0.00,,4.87,0.00,,0.58,$15.75,$76.70,,$13.81,,$0.00
06/29/26,,Team Member,06:30 AM,02:01 PM,,,6.97,0.00,0.00,,6.97,0.00,,0.55,$15.75,$109.78,,$22.25,,$0.00
06/30/26,,Team Member,02:32 PM,09:39 PM,,,6.53,0.00,0.00,,6.53,0.00,,0.58,$15.75,$102.85,,$9.17,,$0.00
07/02/26,,Team Member,06:30 AM,11:02 AM,,,4.53,0.00,0.00,,4.53,0.00,,0.00,$15.75,$71.35,,$7.96,,$0.00
07/03/26,,Team Member,01:33 PM,09:46 PM,,,7.68,0.00,0.00,,7.68,0.00,,0.53,$15.75,$120.96,,$21.54,,$0.00
07/05/26,,Team Member,03:29 PM,08:33 PM,,,4.53,0.00,0.00,,4.53,0.00,,0.53,$15.75,$71.35,,$7.49,,$0.00
07/06/26,,Team Member,06:59 AM,02:32 PM,,,6.97,0.00,0.00,,6.97,0.00,,0.58,$15.75,$109.78,,$1.25,,$0.00
07/07/26,,Team Member,02:26 PM,09:55 PM,,,6.93,0.00,0.00,,6.93,0.00,,0.55,$15.75,$109.15,,$6.26,,$0.00
07/08/26,,Team Member,06:33 AM,02:01 PM,,,6.93,0.00,0.00,,6.93,0.00,,0.53,$15.75,$109.15,,$17.68,,$0.00
07/08/26,,Team Member,02:01 PM,02:40 PM,,,0.65,0.00,0.00,,0.65,0.00,,0.00,$15.75,$10.24,,$2.45,,$0.00
07/09/26,,Team Member,06:32 AM,01:32 PM,,,6.47,0.00,0.00,,6.47,0.00,,0.53,$15.75,$101.90,,$11.19,,$0.00
07/10/26,,Team Member,01:33 PM,09:47 PM,,,7.72,0.00,0.00,,7.72,0.00,,0.52,$15.75,$121.59,,$30.07,,$0.00
07/13/26,,Team Member,07:09 AM,02:47 PM,,,7.10,0.00,0.00,,7.10,0.00,,0.53,$15.75,$111.83,,$2.92,,$0.00
07/14/26,,Team Member,02:42 PM,09:38 PM,,,6.35,0.00,0.00,,6.35,0.00,,0.58,$15.75,$100.01,,$6.39,,$0.00
07/16/26,,Team Member,06:57 AM,01:35 PM,,,6.10,0.00,0.00,,6.10,0.00,,0.53,$15.75,$96.08,,$5.05,,$0.00
07/19/26,,Team Member,03:38 PM,09:11 PM,,,5.03,0.00,0.00,,5.03,0.00,,0.52,$15.75,$79.22,,$18.16,,$0.00
07/20/26,,Team Member,07:03 AM,02:30 PM,,,6.93,0.00,0.00,,6.93,0.00,,0.52,$15.75,$109.15,,$18.96,,$0.00
07/21/26,,Team Member,02:32 PM,09:50 PM,,,6.77,0.00,0.00,,6.77,0.00,,0.53,$15.75,$106.63,,$13.04,,$0.00
07/22/26,,Team Member,06:31 AM,02:20 PM,,,7.30,0.00,0.00,,7.30,0.00,,0.52,$15.75,$114.98,,$9.61,,$0.00
07/23/26,,Team Member,06:36 AM,01:34 PM,,,6.43,0.00,0.00,,6.43,0.00,,0.53,$15.75,$101.27,,$17.20,,$0.00
07/24/26,,Team Member,01:36 PM,09:56 PM,,,7.80,0.00,0.00,,7.80,0.00,,0.53,$15.75,$122.85,,$23.59,,$0.00
07/27/26,,Team Member,07:03 AM,01:02 PM,,,5.43,0.00,0.00,,5.43,0.00,,0.55,$15.75,$85.52,,$6.09,,$0.00
07/28/26,,Team Member,02:34 PM,09:46 PM,,,6.62,0.00,0.00,,6.62,0.00,,0.58,$15.75,$104.27,,$12.29,,$0.00
07/29/26,,Team Member,06:31 AM,02:40 PM,,,7.62,0.00,0.00,,7.62,0.00,,0.53,$15.75,$120.02,,$25.83,,$0.00
07/30/26,,Team Member,06:37 AM,01:30 PM,,,6.35,0.00,0.00,,6.35,0.00,,0.53,$15.75,$100.01,,$3.56,,$0.00
08/01/26,,Team Member,07:36 AM,03:31 PM,,,7.37,0.00,0.00,,7.37,0.00,,0.55,$15.75,$116.08,,$7.26,,$0.00
08/03/26,,Team Member,07:07 AM,02:38 PM,,,6.98,0.00,0.00,,6.98,0.00,,0.53,$15.75,$109.94,,$26.60,,$0.00
08/04/26,,Team Member,01:36 PM,09:38 PM,,,7.47,0.00,0.00,,7.47,0.00,,0.57,$15.75,$117.65,,$8.78,,$0.00
08/06/26,,Team Member,06:27 AM,01:33 PM,,,6.48,0.00,0.00,,6.48,0.00,,0.62,$15.75,$102.06,,$25.82,,$0.00
08/08/26,,Team Member,08:35 AM,02:02 PM,,,4.92,0.00,0.00,,4.92,0.00,,0.53,$15.75,$77.49,,$29.33,,$0.00
08/12/26,,Team Member,12:56 PM,05:38 PM,,,4.70,0.00,0.00,,4.70,0.00,,0.00,$15.75,$74.03,,$1.46,,$0.00
08/13/26,,Team Member,08:16 AM,04:34 PM,,,7.73,0.00,0.00,,7.73,0.00,,0.57,$15.75,$121.75,,$39.68,,$0.00
08/14/26,,Team Member,07:13 AM,03:01 PM,,,7.23,0.00,0.00,,7.23,0.00,,0.57,$15.75,$113.87,,$13.49,,$0.00
08/20/26,,Team Member,02:45 PM,09:40 PM,,,6.35,0.00,0.00,,6.35,0.00,,0.57,$15.75,$100.01,,$4.33,,$0.00
08/21/26,,Team Member,01:50 PM,10:16 PM,,,7.90,0.00,0.00,,7.90,0.00,,0.53,$15.75,$124.43,,$31.55,,$0.00
08/23/26,,Team Member,03:46 PM,08:29 PM,,,4.17,0.00,0.00,,4.17,0.00,,0.55,$15.75,$65.68,,$2.23,,$0.00
08/24/26,,Team Member,08:19 AM,04:00 PM,,,7.13,0.00,0.00,,7.13,0.00,,0.55,$15.75,$112.30,,$12.53,,$0.00
08/27/26,,Team Member,02:28 PM,09:43 PM,,,6.72,0.00,0.00,,6.72,0.00,,0.53,$15.75,$105.84,,$6.08,,$0.00
08/28/26,,Team Member,02:16 PM,09:57 PM,,,7.10,0.00,0.00,,7.10,0.00,,0.58,$15.75,$111.83,,$11.23,,$0.00
08/29/26,,Team Member,08:25 AM,04:15 PM,,,7.18,0.00,0.00,,7.18,0.00,,0.65,$15.75,$113.09,,$21.70,,$0.00
08/30/26,,Team Member,03:40 PM,09:00 PM,,,5.33,0.00,0.00,,5.33,0.00,,0.00,$15.75,$83.95,,$13.71,,$0.00
Totals:,,,,,,,631.30,0.00,0.00,,631.30,0.00,,43.30,"$9,942.94",,,"$1,243.28",,$0.00
,Signature,,,,,Date,,,,Signature,,,,,,,,,Date,
Employe Name,,,,,Payroll ID,,,,,,,,,,,,,,,
,"Rhodes, Jamie",,,,None,,,,,,,,,,,,,,,
Date,,Job,Time In,Time Out,,,Regular,OT,Ext,,Total Hrs,Paid Breaks,,Unpaid Breaks,Rate,Total Pay,,Non-Cash Tips,,Declared Tips
02/16/26,,Manager - Salary,08:00 AM,04:00 PM,,,8.00,0.00,0.00,,8.00,0.00,,0.00,$19.23,$153.84,,$0.00,,$0.00
02/18/26,,Manager - Salary,07:35 AM,05:48 PM,,,10.22,0.00,0.00,,10.22,0.00,,0.00,$19.23,$196.53,,$0.00,,$0.00
02/19/26,,Manager - Salary,08:33 AM,09:56 PM,,,13.38,0.00,0.00,,13.38,0.00,,0.00,$19.23,$257.30,,$0.00,,$0.00
02/20/26,,Manager - Salary,08:48 AM,05:32 PM,,,8.73,0.00,0.00,,8.73,0.00,,0.00,$19.23,$167.88,,$0.00,,$0.00
02/21/26,,Manager - Salary,07:34 AM,02:36 PM,,,7.03,0.00,0.00,,7.03,0.00,,0.00,$19.23,$135.19,,$0.00,,$0.00
02/23/26,,Manager - Salary,05:45 PM,07:15 PM,,,0.63,0.87,0.00,,1.50,0.00,,0.00,$19.23,$37.21,,$0.00,,$0.00
02/24/26,,Manager - Salary,05:45 AM,05:15 PM,,,11.50,0.00,0.00,,11.50,0.00,,0.00,$19.23,$221.15,,$0.00,,$0.00
02/25/26,,Manager - Salary,05:11 AM,09:26 AM,,,4.25,0.00,0.00,,4.25,0.00,,0.00,$19.23,$81.73,,$0.00,,$0.00
02/26/26,,Manager - Salary,07:27 AM,02:02 PM,,,6.58,0.00,0.00,,6.58,0.00,,0.00,$19.23,$126.53,,$0.00,,$0.00
02/27/26,,Manager - Salary,07:17 AM,07:45 PM,,,12.47,0.00,0.00,,12.47,0.00,,0.00,$19.23,$239.80,,$0.00,,$0.00
02/28/26,,Manager - Salary,07:52 AM,07:39 PM,,,5.20,6.58,0.00,,11.78,0.00,,0.00,$19.23,$289.80,,$0.00,,$0.00
03/02/26,,Manager - Salary,06:30 AM,06:00 PM,,,0.00,11.50,0.00,,11.50,0.00,,0.00,$19.23,$331.72,,$0.00,,$0.00
03/03/26,,Manager - Salary,06:28 AM,10:14 PM,,,13.65,0.00,0.00,,13.65,0.00,,2.12,$19.23,$262.49,,$0.00,,$0.00
03/04/26,,Manager - Salary,08:14 AM,09:10 PM,,,9.70,0.00,0.00,,9.70,0.00,,3.23,$19.23,$186.53,,$0.00,,$0.00
03/05/26,,Manager - Salary,07:31 AM,03:41 PM,,,8.17,0.00,0.00,,8.17,0.00,,0.00,$19.23,$157.11,,$0.00,,$0.00
03/06/26,,Manager - Salary,02:00 PM,08:11 PM,,,6.18,0.00,0.00,,6.18,0.00,,0.00,$19.23,$118.84,,$0.00,,$0.00
03/06/26,,Manager - Salary,08:11 PM,08:11 PM,,,0.00,0.00,0.00,,0.00,0.00,,0.00,$19.23,$0.00,,$0.00,,$0.00
03/07/26,,Manager - Salary,02:29 PM,08:42 PM,,,2.30,3.92,0.00,,6.22,0.00,,0.00,$19.23,$157.30,,$0.00,,$0.00
03/08/26,,Manager - Salary,08:05 AM,10:25 PM,,,0.00,14.33,0.00,,14.33,0.00,,0.00,$19.23,$413.35,,$0.00,,$0.00
03/09/26,,Manager - Salary,06:08 AM,06:08 AM,,,0.00,0.00,0.00,,0.00,0.00,,0.00,$19.23,$0.00,,$0.00,,$0.00
03/09/26,,Manager - Salary,01:30 PM,10:52 PM,,,0.00,9.37,0.00,,9.37,0.00,,0.00,$19.23,$270.28,,$2.33,,$0.00
03/10/26,,Manager - Salary,07:26 AM,07:50 AM,,,0.40,0.00,0.00,,0.40,0.00,,0.00,$19.23,$7.69,,$0.00,,$0.00
03/10/26,,Manager - Salary,02:30 PM,10:00 PM,,,7.50,0.00,0.00,,7.50,0.00,,0.00,$19.23,$144.23,,$1.67,,$0.00
03/11/26,,Manager - Salary,01:26 PM,10:36 PM,,,9.17,0.00,0.00,,9.17,0.00,,0.00,$19.23,$176.34,,$11.48,,$0.00
03/12/26,,Manager - Salary,06:27 AM,02:30 PM,,,8.05,0.00,0.00,,8.05,0.00,,0.00,$19.23,$154.80,,$8.44,,$0.00
03/13/26,,Manager - Salary,12:23 PM,09:52 PM,,,9.48,0.00,0.00,,9.48,0.00,,0.00,$19.23,$182.30,,$8.79,,$0.00
03/14/26,,Manager - Salary,12:16 PM,09:59 PM,,,5.40,4.32,0.00,,9.72,0.00,,0.00,$19.23,$228.45,,$0.00,,$0.00
03/15/26,,Manager - Salary,09:22 AM,04:03 PM,,,0.00,6.68,0.00,,6.68,0.00,,0.00,$19.23,$192.68,,$4.03,,$0.00
03/16/26,,Manager - Salary,06:28 AM,04:14 PM,,,0.00,9.77,0.00,,9.77,0.00,,0.00,$19.23,$281.82,,$10.14,,$0.00
03/17/26,,Manager - Salary,01:27 PM,09:52 PM,,,8.42,0.00,0.00,,8.42,0.00,,0.00,$19.23,$161.92,,$15.99,,$0.00
03/18/26,,Manager - Salary,07:55 PM,09:52 PM,,,1.95,0.00,0.00,,1.95,0.00,,0.00,$19.23,$37.50,,$0.00,,$0.00
03/20/26,,Manager - Salary,12:26 PM,10:07 PM,,,9.68,0.00,0.00,,9.68,0.00,,0.00,$19.23,$186.15,,$9.69,,$0.00
03/21/26,,Manager - Salary,09:49 AM,11:58 PM,,,14.15,0.00,0.00,,14.15,0.00,,0.00,$19.23,$272.10,,$11.32,,$0.00
03/22/26,,Manager - Salary,09:26 AM,04:44 PM,,,5.80,1.50,0.00,,7.30,0.00,,0.00,$19.23,$154.80,,$29.57,,$0.00
03/23/26,,Manager - Salary,06:29 AM,04:03 PM,,,0.00,9.57,0.00,,9.57,0.00,,0.00,$19.23,$276.05,,$5.31,,$0.00
03/24/26,,Manager - Salary,01:35 PM,09:32 PM,,,7.95,0.00,0.00,,7.95,0.00,,0.00,$19.23,$152.88,,$5.50,,$0.00
03/24/26,,Manager - Salary,09:32 PM,09:36 PM,,,0.07,0.00,0.00,,0.07,0.00,,0.00,$19.23,$1.35,,$0.00,,$0.00
03/25/26,,Manager - Salary,07:24 PM,09:56 PM,,,2.53,0.00,0.00,,2.53,0.00,,0.00,$19.23,$48.65,,$9.55,,$0.00
03/27/26,,Manager - Salary,01:32 PM,10:15 PM,,,8.72,0.00,0.00,,8.72,0.00,,0.00,$19.23,$167.69,,$16.54,,$0.00
03/28/26,,Manager - Salary,08:56 AM,10:00 PM,,,13.07,0.00,0.00,,13.07,0.00,,0.00,$19.23,$251.34,,$43.57,,$0.00
03/29/26,,Manager - Salary,09:31 AM,02:38 PM,,,5.12,0.00,0.00,,5.12,0.00,,0.00,$19.23,$98.46,,$25.80,,$0.00
03/31/26,,Manager - Salary,02:32 PM,09:40 PM,,,7.13,0.00,0.00,,7.13,0.00,,0.00,$19.23,$137.11,,$9.68,,$0.00
04/02/26,,Manager - Salary,02:01 PM,09:48 PM,,,7.78,0.00,0.00,,7.78,0.00,,0.00,$19.23,$149.61,,$25.83,,$0.00
04/03/26,,Manager - Salary,02:15 PM,10:08 PM,,,7.88,0.00,0.00,,7.88,0.00,,0.00,$19.23,$151.53,,$12.16,,$0.00
04/04/26,,Manager - Salary,01:51 PM,09:40 PM,,,7.82,0.00,0.00,,7.82,0.00,,0.00,$19.23,$150.38,,$13.21,,$0.00
04/06/26,,Manager - Salary,06:24 AM,04:00 PM,,,9.38,0.22,0.00,,9.60,0.00,,0.00,$19.23,$186.73,,$7.99,,$0.00
04/07/26,,Manager - Salary,01:38 PM,09:42 PM,,,8.07,0.00,0.00,,8.07,0.00,,0.00,$19.23,$155.19,,$13.84,,$0.00
04/10/26,,Manager - Salary,01:30 PM,02:44 PM,,,1.23,0.00,0.00,,1.23,0.00,,0.00,$19.23,$23.65,,$5.30,,$0.00
04/10/26,,Manager - Salary,02:45 PM,10:02 PM,,,7.28,0.00,0.00,,7.28,0.00,,0.00,$19.23,$139.99,,$5.20,,$0.00
04/11/26,,Manager - Salary,01:48 PM,09:44 PM,,,7.93,0.00,0.00,,7.93,0.00,,0.00,$19.23,$152.49,,$12.02,,$0.00
04/12/26,,Manager - Salary,09:36 AM,03:30 PM,,,5.90,0.00,0.00,,5.90,0.00,,0.00,$19.23,$113.46,,$10.56,,$0.00
04/13/26,,Manager - Salary,06:31 AM,05:08 PM,,,9.58,1.03,0.00,,10.62,0.00,,0.00,$19.23,$213.93,,$4.50,,$0.00
04/14/26,,Manager - Salary,01:41 PM,09:39 PM,,,7.97,0.00,0.00,,7.97,0.00,,0.00,$19.23,$153.26,,$6.69,,$0.00
04/15/26,,Manager - Salary,01:32 PM,10:36 PM,,,9.07,0.00,0.00,,9.07,0.00,,0.00,$19.23,$174.42,,$6.55,,$0.00
04/16/26,,Manager - Salary,07:08 AM,04:30 PM,,,9.37,0.00,0.00,,9.37,0.00,,0.00,$19.23,$180.19,,$4.37,,$0.00
04/18/26,,Manager - Salary,01:09 PM,10:02 PM,,,8.88,0.00,0.00,,8.88,0.00,,0.00,$19.23,$170.76,,$26.17,,$0.00
04/19/26,,Manager - Salary,09:20 AM,03:30 PM,,,4.72,1.45,0.00,,6.17,0.00,,0.00,$19.23,$132.60,,$13.12,,$0.00
04/20/26,,Manager - Salary,06:28 AM,02:30 PM,,,0.00,8.03,0.00,,8.03,0.00,,0.00,$19.23,$231.63,,$0.00,,$0.00
04/21/26,,Manager - Salary,01:33 PM,09:40 PM,,,8.12,0.00,0.00,,8.12,0.00,,0.00,$19.23,$156.15,,$16.19,,$0.00
04/22/26,,Manager - Salary,01:36 PM,09:38 PM,,,8.03,0.00,0.00,,8.03,0.00,,0.00,$19.23,$154.42,,$17.51,,$0.00
04/25/26,,Manager - Salary,02:40 PM,09:43 PM,,,7.05,0.00,0.00,,7.05,0.00,,0.00,$19.23,$135.57,,$12.95,,$0.00
04/25/26,,Manager - Salary,09:43 PM,09:46 PM,,,0.05,0.00,0.00,,0.05,0.00,,0.00,$19.23,$0.96,,$0.00,,$0.00
04/26/26,,Manager - Salary,09:22 AM,03:35 PM,,,6.22,0.00,0.00,,6.22,0.00,,0.00,$19.23,$119.61,,$5.17,,$0.00
04/27/26,,Manager - Salary,06:28 AM,02:30 PM,,,8.03,0.00,0.00,,8.03,0.00,,0.00,$19.23,$154.42,,$7.72,,$0.00
04/28/26,,Manager - Salary,01:56 PM,09:46 PM,,,7.83,0.00,0.00,,7.83,0.00,,0.00,$19.23,$150.57,,$11.07,,$0.00
04/29/26,,Manager - Salary,12:52 PM,09:58 PM,,,9.10,0.00,0.00,,9.10,0.00,,0.00,$19.23,$174.99,,$8.60,,$0.00
05/02/26,,Manager - Salary,12:44 PM,09:31 PM,,,8.78,0.00,0.00,,8.78,0.00,,0.00,$19.23,$168.84,,$2.02,,$0.00
05/03/26,,Manager - Salary,09:30 AM,03:30 PM,,,6.00,0.00,0.00,,6.00,0.00,,0.00,$19.23,$115.38,,$9.45,,$0.00
05/04/26,,Manager - Salary,06:29 AM,02:30 PM,,,8.02,0.00,0.00,,8.02,0.00,,0.00,$19.23,$154.22,,$1.41,,$0.00
05/05/26,,Manager - Salary,01:52 PM,09:34 PM,,,7.70,0.00,0.00,,7.70,0.00,,0.00,$19.23,$148.07,,$2.97,,$0.00
05/06/26,,Manager - Salary,02:33 PM,09:12 PM,,,6.65,0.00,0.00,,6.65,0.00,,0.00,$19.23,$127.88,,$8.48,,$0.00
05/09/26,,Manager - Salary,01:38 PM,09:29 PM,,,7.85,0.00,0.00,,7.85,0.00,,0.00,$19.23,$150.96,,$13.13,,$0.00
05/10/26,,Manager - Salary,09:28 AM,02:30 PM,,,5.03,0.00,0.00,,5.03,0.00,,0.00,$19.23,$96.73,,$5.94,,$0.00
05/11/26,,Manager - Salary,06:30 AM,02:06 PM,,,7.60,0.00,0.00,,7.60,0.00,,0.00,$19.23,$146.15,,$15.01,,$0.00
05/13/26,,Manager - Salary,01:34 PM,09:07 PM,,,7.55,0.00,0.00,,7.55,0.00,,0.00,$19.23,$145.19,,$16.40,,$0.00
Totals:,,,,,,,485.07,89.13,0.00,,574.20,0.00,,5.35,"$11,898.82",,,$550.93,,$0.00
,Signature,,,,,Date,,,,Signature,,,,,,,,,Date,
Employe Name,,,,,Payroll ID,,,,,,,,,,,,,,,
,"Richardson, Maggie",,,,None,,,,,,,,,,,,,,,
Date,,Job,Time In,Time Out,,,Regular,OT,Ext,,Total Hrs,Paid Breaks,,Unpaid Breaks,Rate,Total Pay,,Non-Cash Tips,,Declared Tips
02/19/26,,Team Member,09:00 AM,10:50 AM,,,1.83,0.00,0.00,,1.83,0.00,,0.00,$15.75,$28.82,,$0.00,,$0.00
03/02/26,,Team Member,08:15 AM,12:38 PM,,,4.38,0.00,0.00,,4.38,0.00,,0.00,$15.75,$68.99,,$0.00,,$0.00
03/05/26,,Team Member,07:48 AM,08:45 AM,,,0.95,0.00,0.00,,0.95,0.00,,0.00,$15.75,$14.96,,$0.00,,$0.00
03/06/26,,Team Member,07:56 AM,01:44 PM,,,5.80,0.00,0.00,,5.80,0.00,,0.00,$15.75,$91.35,,$0.00,,$0.00
03/07/26,,Team Member,08:01 AM,01:18 PM,,,5.28,0.00,0.00,,5.28,0.00,,0.00,$15.75,$83.16,,$0.00,,$0.00
03/10/26,,Team Member,08:14 AM,03:04 PM,,,6.83,0.00,0.00,,6.83,0.00,,0.00,$15.75,$107.57,,$11.80,,$0.00
03/12/26,,Team Member,07:58 AM,03:04 PM,,,6.62,0.00,0.00,,6.62,0.00,,0.48,$15.75,$104.27,,$8.06,,$0.00
03/12/26,,Team Member,03:04 PM,03:06 PM,,,0.03,0.00,0.00,,0.03,0.00,,0.00,$15.75,$0.47,,$0.00,,$0.00
03/13/26,,Team Member,07:03 AM,03:07 PM,,,7.62,0.00,0.00,,7.62,0.00,,0.45,$15.75,$120.02,,$15.24,,$0.00
03/18/26,,Team Member,07:00 AM,03:04 PM,,,7.55,0.00,0.00,,7.55,0.00,,0.52,$15.75,$118.91,,$25.93,,$0.00
03/20/26,,Team Member,06:32 AM,12:35 PM,,,5.55,0.00,0.00,,5.55,0.00,,0.50,$15.75,$87.41,,$23.07,,$0.00
03/23/26,,Team Member,07:07 AM,12:02 PM,,,4.92,0.00,0.00,,4.92,0.00,,0.00,$15.75,$77.49,,$8.78,,$0.00
03/25/26,,Team Member,07:02 AM,12:10 PM,,,3.57,0.00,0.00,,3.57,0.00,,1.57,$15.75,$56.23,,$24.26,,$0.00
03/27/26,,Team Member,07:33 AM,01:26 PM,,,5.33,0.00,0.00,,5.33,0.00,,0.55,$15.75,$83.95,,$30.97,,$0.00
03/30/26,,Team Member,07:08 AM,12:01 PM,,,4.88,0.00,0.00,,4.88,0.00,,0.00,$15.75,$76.86,,$9.89,,$0.00
04/01/26,,Team Member,09:31 AM,02:59 PM,,,4.97,0.00,0.00,,4.97,0.00,,0.50,$15.75,$78.28,,$16.66,,$0.00
04/03/26,,Team Member,07:01 AM,09:00 AM,,,1.98,0.00,0.00,,1.98,0.00,,0.00,$15.75,$31.19,,$1.72,,$0.00
04/08/26,,Team Member,10:58 AM,03:10 PM,,,4.20,0.00,0.00,,4.20,0.00,,0.00,$15.75,$66.15,,$13.15,,$0.00
04/10/26,,Team Member,06:32 AM,12:39 PM,,,5.65,0.00,0.00,,5.65,0.00,,0.47,$15.75,$88.99,,$21.54,,$0.00
04/15/26,,Team Member,11:00 AM,02:59 PM,,,3.98,0.00,0.00,,3.98,0.00,,0.00,$15.75,$62.69,,$27.45,,$0.00
04/16/26,,Team Member,09:59 AM,12:26 PM,,,2.07,0.00,0.00,,2.07,0.00,,0.38,$15.75,$32.60,,$0.00,,$0.00
04/20/26,,Team Member,07:02 AM,12:00 PM,,,4.45,0.00,0.00,,4.45,0.00,,0.52,$15.75,$70.09,,$20.01,,$0.00
04/27/26,,Team Member,07:02 AM,10:56 AM,,,3.37,0.00,0.00,,3.37,0.00,,0.53,$15.75,$53.08,,$5.72,,$0.00
Totals:,,,,,,,101.82,0.00,0.00,,101.82,0.00,,6.47,"$1,603.53",,,$264.25,,$0.00
,Signature,,,,,Date,,,,Signature,,,,,,,,,Date,
Employe Name,,,,,Payroll ID,,,,,,,,,,,,,,,
,"Robert, Emerson",,,,None,,,,,,,,,,,,,,,
Date,,Job,Time In,Time Out,,,Regular,OT,Ext,,Total Hrs,Paid Breaks,,Unpaid Breaks,Rate,Total Pay,,Non-Cash Tips,,Declared Tips
02/19/26,,Team Member,09:00 AM,10:50 AM,,,1.83,0.00,0.00,,1.83,0.00,,0.00,$15.75,$28.82,,$0.00,,$0.00
02/26/26,,Team Member,08:05 AM,12:04 PM,,,3.98,0.00,0.00,,3.98,0.00,,0.00,$15.75,$62.69,,$0.00,,$0.00
02/27/26,,Team Member,08:02 AM,10:30 AM,,,2.47,0.00,0.00,,2.47,0.00,,0.00,$15.75,$38.90,,$0.00,,$0.00
03/06/26,,Team Member,08:29 AM,01:46 PM,,,5.28,0.00,0.00,,5.28,0.00,,0.00,$15.75,$83.16,,$0.00,,$0.00
03/07/26,,Team Member,08:03 AM,01:18 PM,,,5.25,0.00,0.00,,5.25,0.00,,0.00,$15.75,$82.69,,$0.00,,$0.00
03/08/26,,Team Member,11:59 AM,10:01 PM,,,9.62,0.00,0.00,,9.62,0.00,,0.42,$15.75,$151.52,,$0.00,,$0.00
03/10/26,,Team Member,07:02 AM,03:03 PM,,,7.67,0.00,0.00,,7.67,0.00,,0.35,$15.75,$120.80,,$0.00,,$0.00
03/12/26,,Team Member,08:03 AM,12:03 PM,,,4.00,0.00,0.00,,4.00,0.00,,0.00,$15.75,$63.00,,$3.54,,$0.00
03/15/26,,Team Member,03:04 PM,08:05 PM,,,5.02,0.00,0.00,,5.02,0.00,,0.00,$15.75,$79.07,,$2.15,,$0.00
03/18/26,,Team Member,03:02 PM,09:48 PM,,,6.42,0.00,0.00,,6.42,0.00,,0.35,$15.75,$101.12,,$1.86,,$0.00
03/20/26,,Team Member,06:32 AM,02:39 PM,,,7.73,0.00,0.00,,7.73,0.00,,0.38,$15.75,$121.75,,$1.16,,$0.00
03/23/26,,Team Member,07:01 AM,11:16 AM,,,4.25,0.00,0.00,,4.25,0.00,,0.00,$15.75,$66.94,,$0.00,,$0.00
04/01/26,,Team Member,08:02 AM,01:59 PM,,,5.95,0.00,0.00,,5.95,0.00,,0.00,$15.75,$93.71,,$7.17,,$0.00
04/06/26,,Team Member,07:02 AM,02:27 PM,,,7.42,0.00,0.00,,7.42,0.00,,0.00,$15.75,$116.87,,$10.49,,$0.00
04/18/26,,Team Member,08:02 AM,02:56 PM,,,6.53,0.00,0.00,,6.53,0.00,,0.37,$15.75,$102.85,,$10.26,,$0.00
04/21/26,,Team Member,07:32 AM,12:10 PM,,,4.63,0.00,0.00,,4.63,0.00,,0.00,$15.75,$72.92,,$7.86,,$0.00
04/23/26,,Team Member,07:37 AM,02:34 PM,,,6.42,0.00,0.00,,6.42,0.00,,0.53,$15.75,$101.12,,$9.09,,$0.00
04/28/26,,Team Member,09:02 AM,02:42 PM,,,5.67,0.00,0.00,,5.67,0.00,,0.00,$15.75,$89.30,,$4.27,,$0.00
04/30/26,,Team Member,07:33 AM,02:02 PM,,,5.98,0.00,0.00,,5.98,0.00,,0.50,$15.75,$94.19,,$7.21,,$0.00
05/01/26,,Team Member,07:02 AM,02:38 PM,,,7.10,0.00,0.00,,7.10,0.00,,0.50,$15.75,$111.83,,$1.00,,$0.00
05/02/26,,Team Member,07:34 AM,12:49 PM,,,4.78,0.00,0.00,,4.78,0.00,,0.47,$15.75,$75.29,,$13.19,,$0.00
05/03/26,,Team Member,09:31 AM,02:03 PM,,,4.53,0.00,0.00,,4.53,0.00,,0.00,$15.75,$71.35,,$26.68,,$0.00
05/05/26,,Team Member,06:33 AM,01:33 PM,,,6.48,0.00,0.00,,6.48,0.00,,0.52,$15.75,$102.06,,$9.73,,$0.00
05/07/26,,Team Member,06:32 AM,12:08 PM,,,5.08,0.00,0.00,,5.08,0.00,,0.52,$15.75,$80.01,,$10.74,,$0.00
05/08/26,,Team Member,07:00 AM,02:57 PM,,,7.43,0.00,0.00,,7.43,0.00,,0.52,$15.75,$117.02,,$10.35,,$0.00
05/11/26,,Team Member,08:39 AM,02:01 PM,,,5.37,0.00,0.00,,5.37,0.00,,0.00,$15.75,$84.58,,$4.34,,$0.00
05/12/26,,Team Member,07:02 AM,11:05 AM,,,4.05,0.00,0.00,,4.05,0.00,,0.00,$15.75,$63.79,,$9.81,,$0.00
05/14/26,,Team Member,07:31 AM,02:10 PM,,,6.50,0.00,0.00,,6.50,0.00,,0.15,$15.75,$102.38,,$21.59,,$0.00
05/15/26,,Team Member,06:32 AM,02:43 PM,,,7.65,0.00,0.00,,7.65,0.00,,0.53,$15.75,$120.49,,$15.14,,$0.00
05/19/26,,Team Member,06:33 AM,02:08 PM,,,7.07,0.00,0.00,,7.07,0.00,,0.52,$15.75,$111.35,,$13.40,,$0.00
05/21/26,,Team Member,06:32 AM,03:04 PM,,,8.03,0.00,0.00,,8.03,0.00,,0.50,$15.75,$126.47,,$17.05,,$0.00
05/22/26,,Team Member,06:31 AM,02:55 PM,,,7.98,0.00,0.00,,7.98,0.00,,0.42,$15.75,$125.69,,$34.07,,$0.00
05/23/26,,Team Member,03:01 PM,09:07 PM,,,6.10,0.00,0.00,,6.10,0.00,,0.00,$15.75,$96.08,,$45.99,,$0.00
05/24/26,,Team Member,09:32 AM,02:39 PM,,,4.82,0.00,0.00,,4.82,0.00,,0.30,$15.75,$75.92,,$14.15,,$0.00
05/26/26,,Team Member,07:32 AM,02:32 PM,,,6.45,0.00,0.00,,6.45,0.00,,0.55,$15.75,$101.59,,$10.52,,$0.00
05/28/26,,Team Member,06:31 AM,12:05 PM,,,5.05,0.00,0.00,,5.05,0.00,,0.52,$15.75,$79.54,,$5.54,,$0.00
05/29/26,,Team Member,07:03 AM,02:03 PM,,,6.48,0.00,0.00,,6.48,0.00,,0.52,$15.75,$102.06,,$39.13,,$0.00
06/03/26,,Team Member,07:01 AM,03:24 PM,,,7.87,0.00,0.00,,7.87,0.00,,0.52,$15.75,$123.95,,$14.44,,$0.00
06/05/26,,Team Member,06:35 AM,02:01 PM,,,6.95,0.00,0.00,,6.95,0.00,,0.48,$15.75,$109.46,,$17.76,,$0.00
06/06/26,,Team Member,03:31 PM,09:50 PM,,,5.77,0.00,0.00,,5.77,0.00,,0.55,$15.75,$90.88,,$14.42,,$0.00
06/07/26,,Team Member,09:32 AM,02:33 PM,,,5.02,0.00,0.00,,5.02,0.00,,0.00,$15.75,$79.07,,$12.07,,$0.00
06/10/26,,Team Member,07:04 AM,03:10 PM,,,7.58,0.00,0.00,,7.58,0.00,,0.52,$15.75,$119.39,,$14.55,,$0.00
06/12/26,,Team Member,07:39 AM,02:31 PM,,,6.33,0.00,0.00,,6.33,0.00,,0.53,$15.75,$99.70,,$11.43,,$0.00
06/13/26,,Team Member,03:01 PM,09:30 PM,,,5.97,0.00,0.00,,5.97,0.00,,0.52,$15.75,$94.03,,$6.39,,$0.00
06/14/26,,Team Member,09:36 AM,01:57 PM,,,4.35,0.00,0.00,,4.35,0.00,,0.00,$15.75,$68.51,,$10.36,,$0.00
06/15/26,,Team Member,07:02 AM,03:08 PM,,,7.58,0.00,0.00,,7.58,0.00,,0.52,$15.75,$119.39,,$30.12,,$0.00
06/24/26,,Team Member,07:06 AM,03:17 PM,,,7.62,0.00,0.00,,7.62,0.00,,0.57,$15.75,$120.02,,$4.93,,$0.00
06/26/26,,Team Member,06:32 AM,02:30 PM,,,7.45,0.00,0.00,,7.45,0.00,,0.52,$15.75,$117.34,,$3.45,,$0.00
06/27/26,,Team Member,02:02 PM,09:45 PM,,,7.28,0.00,0.00,,7.28,0.00,,0.43,$15.75,$114.66,,$8.28,,$0.00
06/28/26,,Team Member,09:36 AM,02:07 PM,,,4.52,0.00,0.00,,4.52,0.00,,0.00,$15.75,$71.19,,$1.55,,$0.00
06/29/26,,Team Member,07:06 AM,03:01 PM,,,7.38,0.00,0.00,,7.38,0.00,,0.53,$15.75,$116.24,,$5.34,,$0.00
07/01/26,,Team Member,07:02 AM,02:03 PM,,,6.52,0.00,0.00,,6.52,0.00,,0.50,$15.75,$102.69,,$11.92,,$0.00
07/08/26,,Team Member,07:03 AM,02:11 PM,,,6.57,0.00,0.00,,6.57,0.00,,0.57,$15.75,$103.48,,$15.29,,$0.00
07/10/26,,Team Member,07:31 AM,02:05 PM,,,6.05,0.00,0.00,,6.05,0.00,,0.52,$15.75,$95.29,,$10.99,,$0.00
07/12/26,,Team Member,03:34 PM,08:50 PM,,,5.27,0.00,0.00,,5.27,0.00,,0.00,$15.75,$83.00,,$3.34,,$0.00
07/15/26,,Team Member,02:29 PM,09:48 PM,,,6.82,0.00,0.00,,6.82,0.00,,0.50,$15.75,$107.42,,$16.45,,$0.00
07/17/26,,Team Member,07:32 AM,02:08 PM,,,6.05,0.00,0.00,,6.05,0.00,,0.55,$15.75,$95.29,,$9.38,,$0.00
07/18/26,,Team Member,08:34 AM,02:04 PM,,,4.97,0.00,0.00,,4.97,0.00,,0.53,$15.75,$78.28,,$9.02,,$0.00
07/20/26,,Team Member,07:03 AM,01:33 PM,,,5.98,0.00,0.00,,5.98,0.00,,0.52,$15.75,$94.19,,$3.23,,$0.00
07/22/26,,Team Member,07:06 AM,11:41 AM,,,4.58,0.00,0.00,,4.58,0.00,,0.00,$15.75,$72.14,,$8.63,,$0.00
07/22/26,,Team Member,11:41 AM,01:36 PM,,,1.28,0.00,0.00,,1.28,0.00,,0.63,$15.75,$20.16,,$5.16,,$0.00
07/31/26,,Team Member,01:56 PM,09:44 PM,,,7.80,0.00,0.00,,7.80,0.00,,0.00,$15.75,$122.85,,$10.44,,$0.00
08/01/26,,Team Member,02:08 PM,09:52 PM,,,7.18,0.00,0.00,,7.18,0.00,,0.55,$15.75,$113.09,,$12.10,,$0.00
08/04/26,,Team Member,06:31 AM,02:03 PM,,,7.02,0.00,0.00,,7.02,0.00,,0.52,$15.75,$110.57,,$9.45,,$0.00
08/05/26,,Team Member,07:11 AM,02:01 PM,,,6.32,0.00,0.00,,6.32,0.00,,0.52,$15.75,$99.54,,$9.24,,$0.00
08/06/26,,Team Member,07:09 AM,02:08 PM,,,6.42,0.00,0.00,,6.42,0.00,,0.57,$15.75,$101.12,,$10.62,,$0.00
08/07/26,,Team Member,07:41 AM,02:14 PM,,,6.00,0.00,0.00,,6.00,0.00,,0.55,$15.75,$94.50,,$2.19,,$0.00
08/10/26,,Team Member,06:57 AM,01:33 PM,,,6.03,0.00,0.00,,6.03,0.00,,0.57,$15.75,$94.97,,$0.00,,$0.00
08/12/26,,Team Member,02:03 PM,09:40 PM,,,7.10,0.00,0.00,,7.10,0.00,,0.52,$15.75,$111.83,,$8.93,,$0.00
08/14/26,,Team Member,06:34 AM,03:40 PM,,,8.60,0.00,0.00,,8.60,0.00,,0.50,$15.75,$135.45,,$22.83,,$0.00
08/17/26,,Team Member,06:33 AM,03:06 PM,,,8.07,0.00,0.00,,8.07,0.00,,0.48,$15.75,$127.10,,$36.22,,$0.00
08/19/26,,Team Member,01:55 PM,10:05 PM,,,7.67,0.00,0.00,,7.67,0.00,,0.50,$15.75,$120.80,,$22.06,,$0.00
08/21/26,,Team Member,06:33 AM,02:37 PM,,,8.07,0.00,0.00,,8.07,0.00,,0.00,$15.75,$127.10,,$7.69,,$0.00
08/23/26,,Team Member,12:33 PM,08:37 PM,,,8.07,0.00,0.00,,8.07,0.00,,0.00,$15.75,$127.10,,$19.25,,$0.00
08/26/26,,Team Member,01:59 PM,09:32 PM,,,7.02,0.00,0.00,,7.02,0.00,,0.53,$15.75,$110.57,,$14.24,,$0.00
08/28/26,,Team Member,06:34 AM,02:36 PM,,,7.52,0.00,0.00,,7.52,0.00,,0.52,$15.75,$118.44,,$15.64,,$0.00
08/30/26,,Team Member,12:32 PM,09:00 PM,,,8.47,0.00,0.00,,8.47,0.00,,0.00,$15.75,$133.40,,$21.43,,$0.00
08/31/26,,Team Member,09:28 AM,02:34 PM,,,5.10,0.00,0.00,,5.10,0.00,,0.00,$15.75,$80.33,,$8.18,,$0.00
09/06/26,,Team Member,12:41 PM,08:52 PM,,,7.73,0.00,0.00,,7.73,0.00,,0.45,$15.75,$121.75,,$14.18,,$0.00
09/07/26,,Team Member,06:33 AM,02:32 PM,,,7.43,0.00,0.00,,7.43,0.00,,0.55,$15.75,$117.02,,$23.98,,$0.00
09/11/26,,Team Member,07:10 AM,02:38 PM,,,6.92,0.00,0.00,,6.92,0.00,,0.55,$15.75,$108.99,,$19.45,,$0.00
09/14/26,,Team Member,06:32 AM,02:30 PM,,,7.42,0.00,0.00,,7.42,0.00,,0.55,$15.75,$116.87,,$8.86,,$0.00
09/16/26,,Team Member,02:03 PM,09:31 PM,,,6.92,0.00,0.00,,6.92,0.00,,0.55,$15.75,$108.99,,$5.69,,$0.00
09/21/26,,Team Member,06:32 AM,02:33 PM,,,7.52,0.00,0.00,,7.52,0.00,,0.50,$15.75,$118.44,,$16.58,,$0.00
09/23/26,,Team Member,02:03 PM,09:51 PM,,,7.25,0.00,0.00,,7.25,0.00,,0.55,$15.75,$114.19,,$17.89,,$0.00
Totals:,,,,,,,536.45,0.00,0.00,,536.45,0.00,,29.43,"$8,449.70",,,$953.12,,$0.00
,Signature,,,,,Date,,,,Signature,,,,,,,,,Date,
Employe Name,,,,,Payroll ID,,,,,,,,,,,,,,,
,"Robinson, Karl",,,,None,,,,,,,,,,,,,,,
Date,,Job,Time In,Time Out,,,Regular,OT,Ext,,Total Hrs,Paid Breaks,,Unpaid Breaks,Rate,Total Pay,,Non-Cash Tips,,Declared Tips
05/18/26,,Team Captain,06:26 AM,02:02 PM,,,7.13,0.00,0.00,,7.13,0.00,,0.47,$17.00,$121.21,,$23.53,,$0.00
05/20/26,,Team Captain,06:31 AM,02:18 PM,,,7.78,0.00,0.00,,7.78,0.00,,0.00,$17.00,$132.26,,$22.48,,$0.00
05/21/26,,Team Captain,06:31 AM,02:12 PM,,,7.68,0.00,0.00,,7.68,0.00,,0.00,$17.00,$130.56,,$81.66,,$0.00
05/22/26,,Team Captain,06:30 AM,02:41 PM,,,8.18,0.00,0.00,,8.18,0.00,,0.00,$17.00,$139.06,,$44.55,,$0.00
05/23/26,,Team Captain,07:30 AM,02:16 PM,,,6.77,0.00,0.00,,6.77,0.00,,0.00,$17.00,$115.09,,$46.03,,$0.00
05/25/26,,Team Captain,06:32 AM,02:08 PM,,,7.12,0.00,0.00,,7.12,0.00,,0.48,$17.00,$121.04,,$30.95,,$0.00
05/26/26,,Team Captain,06:32 AM,02:01 PM,,,7.00,0.00,0.00,,7.00,0.00,,0.48,$17.00,$119.00,,$6.25,,$0.00
05/27/26,,Team Captain,06:29 AM,02:04 PM,,,7.58,0.00,0.00,,7.58,0.00,,0.00,$17.00,$128.86,,$15.26,,$0.00
05/28/26,,Team Captain,06:29 AM,01:36 PM,,,6.77,0.00,0.00,,6.77,0.00,,0.35,$17.00,$115.09,,$19.81,,$0.00
05/29/26,,Team Captain,06:29 AM,01:39 PM,,,6.82,0.00,0.00,,6.82,0.00,,0.35,$17.00,$115.94,,$19.70,,$0.00
06/01/26,,Team Captain,12:47 PM,03:37 PM,,,1.10,1.73,0.00,,2.83,0.00,,0.00,$17.00,$62.82,,$16.95,,$0.00
06/04/26,,Team Captain,06:30 AM,02:00 PM,,,7.00,0.00,0.00,,7.00,0.00,,0.50,$17.00,$119.00,,$17.47,,$0.00
06/06/26,,Team Captain,07:28 AM,01:59 PM,,,6.52,0.00,0.00,,6.52,0.00,,0.00,$17.00,$110.84,,$14.03,,$0.00
06/08/26,,Team Captain,06:30 AM,02:13 PM,,,7.72,0.00,0.00,,7.72,0.00,,0.00,$17.00,$131.24,,$14.24,,$0.00
06/09/26,,Team Captain,06:30 AM,02:11 PM,,,7.32,0.00,0.00,,7.32,0.00,,0.37,$17.00,$124.44,,$11.67,,$0.00
06/11/26,,Team Captain,06:31 AM,02:04 PM,,,7.25,0.00,0.00,,7.25,0.00,,0.30,$17.00,$123.25,,$21.51,,$0.00
06/15/26,,Team Captain,07:19 AM,02:21 PM,,,7.03,0.00,0.00,,7.03,0.00,,0.00,$17.00,$119.51,,$9.83,,$0.00
06/16/26,,Team Captain,06:26 AM,02:09 PM,,,7.72,0.00,0.00,,7.72,0.00,,0.00,$17.00,$131.24,,$20.38,,$0.00
06/23/26,,Team Captain,06:29 AM,02:01 PM,,,7.53,0.00,0.00,,7.53,0.00,,0.00,$17.00,$128.01,,$11.15,,$0.00
06/24/26,,Team Captain,06:30 AM,02:06 PM,,,7.60,0.00,0.00,,7.60,0.00,,0.00,$17.00,$129.20,,$10.06,,$0.00
06/25/26,,Team Captain,06:29 AM,02:04 PM,,,7.10,0.00,0.00,,7.10,0.00,,0.48,$17.00,$120.70,,$20.26,,$0.00
06/29/26,,Team Captain,06:29 AM,02:04 PM,,,7.58,0.00,0.00,,7.58,0.00,,0.00,$17.00,$128.86,,$13.00,,$0.00
06/30/26,,Team Captain,06:30 AM,02:13 PM,,,7.72,0.00,0.00,,7.72,0.00,,0.00,$17.00,$131.24,,$17.44,,$0.00
07/01/26,,Team Captain,06:30 AM,02:04 PM,,,7.17,0.00,0.00,,7.17,0.00,,0.40,$17.00,$121.89,,$13.95,,$0.00
07/02/26,,Team Captain,06:30 AM,02:00 PM,,,6.98,0.00,0.00,,6.98,0.00,,0.52,$17.00,$118.66,,$13.92,,$0.00
07/06/26,,Team Captain,06:30 AM,02:03 PM,,,7.55,0.00,0.00,,7.55,0.00,,0.00,$17.00,$128.35,,$31.72,,$0.00
07/07/26,,Team Captain,06:31 AM,06:45 AM,,,0.23,0.00,0.00,,0.23,0.00,,0.00,$17.00,$3.91,,$0.00,,$0.00
07/10/26,,Team Captain,06:30 AM,02:12 PM,,,7.70,0.00,0.00,,7.70,0.00,,0.00,$17.00,$130.90,,$16.13,,$0.00
07/11/26,,Team Captain,07:30 AM,02:05 PM,,,6.58,0.00,0.00,,6.58,0.00,,0.00,$17.00,$111.86,,$16.62,,$0.00
07/13/26,,Team Captain,06:30 AM,02:14 PM,,,7.23,0.00,0.00,,7.23,0.00,,0.50,$17.00,$122.91,,$11.43,,$0.00
07/14/26,,Team Captain,06:30 AM,02:03 PM,,,7.07,0.00,0.00,,7.07,0.00,,0.48,$17.00,$120.19,,$19.21,,$0.00
07/15/26,,Team Captain,06:31 AM,01:59 PM,,,6.97,0.00,0.00,,6.97,0.00,,0.50,$17.00,$118.49,,$17.68,,$0.00
07/16/26,,Team Captain,06:30 AM,02:01 PM,,,7.03,0.00,0.00,,7.03,0.00,,0.48,$17.00,$119.51,,$11.81,,$0.00
07/18/26,,Team Captain,07:29 AM,02:15 PM,,,6.77,0.00,0.00,,6.77,0.00,,0.00,$17.00,$115.09,,$46.33,,$0.00
07/20/26,,Team Captain,06:31 AM,01:59 PM,,,7.47,0.00,0.00,,7.47,0.00,,0.00,$17.00,$126.99,,$19.63,,$0.00
07/24/26,,Team Captain,06:28 AM,02:48 PM,,,8.33,0.00,0.00,,8.33,0.00,,0.00,$17.00,$141.61,,$86.07,,$0.00
07/25/26,,Team Captain,07:25 AM,02:12 PM,,,6.78,0.00,0.00,,6.78,0.00,,0.00,$17.00,$115.26,,$24.11,,$0.00
07/27/26,,Team Captain,06:30 AM,02:04 PM,,,7.05,0.00,0.00,,7.05,0.00,,0.52,$17.00,$119.85,,$8.64,,$0.00
07/28/26,,Team Captain,06:29 AM,06:32 AM,,,0.05,0.00,0.00,,0.05,0.00,,0.00,$17.00,$0.85,,$0.00,,$0.00
07/31/26,,Team Captain,06:26 AM,02:03 PM,,,7.62,0.00,0.00,,7.62,0.00,,0.00,$17.00,$129.54,,$28.22,,$0.00
08/01/26,,Team Captain,07:28 AM,02:05 PM,,,6.62,0.00,0.00,,6.62,0.00,,0.00,$17.00,$112.54,,$41.72,,$0.00
08/03/26,,Team Captain,06:30 AM,02:22 PM,,,7.38,0.00,0.00,,7.38,0.00,,0.48,$17.00,$125.46,,$17.04,,$0.00
08/05/26,,Team Captain,06:31 AM,02:00 PM,,,7.48,0.00,0.00,,7.48,0.00,,0.00,$17.00,$127.16,,$28.55,,$0.00
08/06/26,,Team Captain,06:29 AM,02:47 PM,,,8.30,0.00,0.00,,8.30,0.00,,0.00,$17.00,$141.10,,$19.17,,$0.00
08/07/26,,Team Captain,06:29 AM,03:46 PM,,,9.28,0.00,0.00,,9.28,0.00,,0.00,$17.00,$157.76,,$63.17,,$0.00
08/08/26,,Team Captain,07:26 AM,02:07 PM,,,6.68,0.00,0.00,,6.68,0.00,,0.00,$17.00,$113.56,,$23.41,,$0.00
08/10/26,,Team Captain,06:28 AM,01:49 PM,,,7.35,0.00,0.00,,7.35,0.00,,0.00,$17.00,$124.95,,$23.76,,$0.00
08/10/26,,Team Captain,02:59 PM,03:50 PM,,,0.85,0.00,0.00,,0.85,0.00,,0.00,$17.00,$14.45,,$2.43,,$0.00
08/14/26,,Team Captain,06:29 AM,02:07 PM,,,7.63,0.00,0.00,,7.63,0.00,,0.00,$17.00,$129.71,,$13.93,,$0.00
08/15/26,,Team Captain,07:29 AM,02:46 PM,,,7.28,0.00,0.00,,7.28,0.00,,0.00,$17.00,$123.76,,$40.81,,$0.00
08/17/26,,Team Captain,06:29 AM,02:35 PM,,,8.10,0.00,0.00,,8.10,0.00,,0.00,$17.00,$137.70,,$23.20,,$0.00
08/21/26,,Team Captain,06:30 AM,02:47 PM,,,8.28,0.00,0.00,,8.28,0.00,,0.00,$17.00,$140.76,,$42.57,,$0.00
08/22/26,,Team Captain,07:28 AM,02:01 PM,,,6.55,0.00,0.00,,6.55,0.00,,0.00,$17.00,$111.35,,$27.85,,$0.00
08/24/26,,Team Captain,06:30 AM,02:04 PM,,,7.08,0.00,0.00,,7.08,0.00,,0.48,$17.00,$120.36,,$9.79,,$0.00
08/28/26,,Team Captain,06:30 AM,02:03 PM,,,7.03,0.00,0.00,,7.03,0.00,,0.52,$17.00,$119.51,,$38.52,,$0.00
08/29/26,,Team Captain,07:30 AM,02:34 PM,,,7.07,0.00,0.00,,7.07,0.00,,0.00,$17.00,$120.19,,$22.42,,$0.00
08/31/26,,Team Captain,06:29 AM,01:59 PM,,,7.50,0.00,0.00,,7.50,0.00,,0.00,$17.00,$127.50,,$30.07,,$0.00
09/05/26,,Team Captain,07:25 AM,02:17 PM,,,6.87,0.00,0.00,,6.87,0.00,,0.00,$17.00,$116.79,,$33.10,,$0.00
09/07/26,,Team Captain,06:29 AM,02:34 PM,,,8.08,0.00,0.00,,8.08,0.00,,0.00,$17.00,$137.36,,$29.18,,$0.00
09/08/26,,Team Captain,06:25 AM,02:06 PM,,,7.18,0.00,0.00,,7.18,0.00,,0.50,$17.00,$122.06,,$9.83,,$0.00
09/09/26,,Team Captain,06:30 AM,02:07 PM,,,7.62,0.00,0.00,,7.62,0.00,,0.00,$17.00,$129.54,,$12.88,,$0.00
09/10/26,,Team Captain,06:29 AM,02:00 PM,,,7.02,0.00,0.00,,7.02,0.00,,0.50,$17.00,$119.34,,$21.13,,$0.00
09/11/26,,Team Captain,06:31 AM,02:09 PM,,,7.10,0.00,0.00,,7.10,0.00,,0.53,$17.00,$120.70,,$10.55,,$0.00
09/14/26,,Team Captain,06:30 AM,01:59 PM,,,7.48,0.00,0.00,,7.48,0.00,,0.00,$17.00,$127.16,,$17.18,,$0.00
09/15/26,,Team Captain,06:29 AM,02:03 PM,,,7.03,0.00,0.00,,7.03,0.00,,0.53,$17.00,$119.51,,$8.62,,$0.00
09/16/26,,Team Captain,06:30 AM,01:58 PM,,,7.47,0.00,0.00,,7.47,0.00,,0.00,$17.00,$126.99,,$2.07,,$0.00
09/17/26,,Team Captain,06:27 AM,02:06 PM,,,7.65,0.00,0.00,,7.65,0.00,,0.00,$17.00,$130.05,,$6.35,,$0.00
09/21/26,,Team Captain,06:31 AM,02:00 PM,,,7.48,0.00,0.00,,7.48,0.00,,0.00,$17.00,$127.16,,$7.19,,$0.00
09/23/26,,Team Captain,06:31 AM,02:04 PM,,,7.55,0.00,0.00,,7.55,0.00,,0.00,$17.00,$128.35,,$11.57,,$0.00
Total Team Captain,,,,,,,479.62,1.73,0.00,,481.35,0.00,,10.73,"$8,197.15",,,"$1,511.74",,$0.00
02/19/26,,Team Member,09:00 AM,10:50 AM,,,1.83,0.00,0.00,,1.83,0.00,,0.00,$15.75,$28.82,,$0.00,,$0.00
02/26/26,,Team Member,07:55 AM,11:37 AM,,,3.70,0.00,0.00,,3.70,0.00,,0.00,$15.75,$58.28,,$0.00,,$0.00
03/06/26,,Team Member,07:56 AM,12:58 PM,,,5.03,0.00,0.00,,5.03,0.00,,0.00,$15.75,$79.22,,$0.00,,$0.00
03/07/26,,Team Member,07:52 AM,12:47 PM,,,4.92,0.00,0.00,,4.92,0.00,,0.00,$15.75,$77.49,,$0.00,,$0.00
03/09/26,,Team Member,06:29 AM,02:07 PM,,,7.35,0.00,0.00,,7.35,0.00,,0.28,$15.75,$115.76,,$12.87,,$0.00
03/11/26,,Team Member,06:52 AM,02:15 PM,,,6.97,0.00,0.00,,6.97,0.00,,0.42,$15.75,$109.78,,$4.44,,$0.00
03/13/26,,Team Member,06:31 AM,02:12 PM,,,7.25,0.00,0.00,,7.25,0.00,,0.43,$15.75,$114.19,,$17.50,,$0.00
03/16/26,,Team Member,06:57 AM,02:04 PM,,,7.12,0.00,0.00,,7.12,0.00,,0.00,$15.75,$112.14,,$15.52,,$0.00
03/17/26,,Team Member,06:30 AM,02:01 PM,,,7.03,0.00,0.00,,7.03,0.00,,0.48,$15.75,$110.72,,$2.74,,$0.00
03/18/26,,Team Member,06:31 AM,02:02 PM,,,7.12,0.00,0.00,,7.12,0.00,,0.40,$15.75,$112.14,,$13.25,,$0.00
03/19/26,,Team Member,07:01 AM,02:00 PM,,,6.48,0.00,0.00,,6.48,0.00,,0.50,$15.75,$102.06,,$21.72,,$0.00
03/23/26,,Team Member,06:28 AM,02:07 PM,,,7.20,0.00,0.00,,7.20,0.00,,0.45,$15.75,$113.40,,$18.96,,$0.00
03/24/26,,Team Member,06:30 AM,02:20 PM,,,7.30,0.00,0.00,,7.30,0.00,,0.53,$15.75,$114.98,,$4.10,,$0.00
03/25/26,,Team Member,06:28 AM,02:15 PM,,,4.68,0.00,0.00,,4.68,0.00,,3.10,$15.75,$73.71,,$18.25,,$0.00
03/26/26,,Team Member,06:58 AM,02:05 PM,,,6.73,0.00,0.00,,6.73,0.00,,0.38,$15.75,$106.00,,$18.04,,$0.00
03/30/26,,Team Member,06:29 AM,02:23 PM,,,7.43,0.00,0.00,,7.43,0.00,,0.47,$15.75,$117.02,,$14.57,,$0.00
03/31/26,,Team Member,06:30 AM,02:02 PM,,,7.07,0.00,0.00,,7.07,0.00,,0.47,$15.75,$111.35,,$9.92,,$0.00
04/01/26,,Team Member,06:29 AM,12:01 PM,,,5.03,0.00,0.00,,5.03,0.00,,0.50,$15.75,$79.22,,$20.38,,$0.00
04/02/26,,Team Member,06:56 AM,02:12 PM,,,6.80,0.00,0.00,,6.80,0.00,,0.47,$15.75,$107.10,,$23.04,,$0.00
04/06/26,,Team Member,06:30 AM,02:27 PM,,,7.48,0.00,0.00,,7.48,0.00,,0.47,$15.75,$117.81,,$30.72,,$0.00
04/07/26,,Team Member,06:31 AM,02:11 PM,,,7.23,0.00,0.00,,7.23,0.00,,0.43,$15.75,$113.87,,$27.63,,$0.00
04/08/26,,Team Member,06:31 AM,01:29 PM,,,6.45,0.00,0.00,,6.45,0.00,,0.52,$15.75,$101.59,,$10.59,,$0.00
04/09/26,,Team Member,06:29 AM,02:32 PM,,,8.05,0.00,0.00,,8.05,0.00,,0.00,$15.75,$126.79,,$38.50,,$0.00
04/10/26,,Team Member,07:00 AM,09:32 AM,,,2.53,0.00,0.00,,2.53,0.00,,0.00,$15.75,$39.85,,$0.00,,$0.00
04/13/26,,Team Member,06:30 AM,02:14 PM,,,7.23,0.00,0.00,,7.23,0.00,,0.50,$15.75,$113.87,,$6.01,,$0.00
04/14/26,,Team Member,06:32 AM,02:04 PM,,,7.08,0.00,0.00,,7.08,0.00,,0.45,$15.75,$111.51,,$6.52,,$0.00
04/15/26,,Team Member,06:30 AM,01:32 PM,,,6.63,0.00,0.00,,6.63,0.00,,0.40,$15.75,$104.42,,$16.13,,$0.00
04/23/26,,Team Member,06:33 AM,02:05 PM,,,6.98,0.00,0.00,,6.98,0.00,,0.55,$15.75,$109.94,,$19.07,,$0.00
04/27/26,,Team Member,06:30 AM,01:12 PM,,,6.20,0.00,0.00,,6.20,0.00,,0.50,$15.75,$97.65,,$14.40,,$0.00
04/28/26,,Team Member,06:32 AM,02:29 PM,,,7.47,0.00,0.00,,7.47,0.00,,0.48,$15.75,$117.65,,$10.94,,$0.00
04/29/26,,Team Member,06:31 AM,02:50 PM,,,7.80,0.00,0.00,,7.80,0.00,,0.52,$15.75,$122.85,,$36.17,,$0.00
04/30/26,,Team Member,06:30 AM,02:00 PM,,,7.02,0.00,0.00,,7.02,0.00,,0.48,$15.75,$110.57,,$7.33,,$0.00
05/30/26,,Team Member,07:30 AM,12:30 PM,,,5.00,0.00,0.00,,5.00,0.00,,0.00,$15.75,$78.75,,$11.10,,$0.00
06/01/26,,Team Member,06:33 AM,12:47 PM,,,5.73,0.00,0.00,,5.73,0.00,,0.50,$15.75,$90.25,,$9.02,,$0.00
06/03/26,,Team Member,06:31 AM,02:02 PM,,,7.03,0.00,0.00,,7.03,0.00,,0.48,$15.75,$110.72,,$23.20,,$0.00
06/05/26,,Team Member,07:00 AM,02:03 PM,,,6.55,0.00,0.00,,6.55,0.00,,0.50,$15.75,$103.16,,$14.88,,$0.00
06/10/26,,Team Member,06:30 AM,02:16 PM,,,7.32,0.00,0.00,,7.32,0.00,,0.45,$15.75,$115.29,,$23.10,,$0.00
06/12/26,,Team Member,07:04 AM,02:07 PM,,,6.58,0.00,0.00,,6.58,0.00,,0.47,$15.75,$103.64,,$22.60,,$0.00
06/26/26,,Team Member,07:00 AM,02:13 PM,,,6.72,0.00,0.00,,6.72,0.00,,0.50,$15.75,$105.84,,$23.51,,$0.00
07/03/26,,Team Member,06:30 AM,02:00 PM,,,7.00,0.00,0.00,,7.00,0.00,,0.50,$15.75,$110.25,,$39.21,,$0.00
07/07/26,,Team Member,06:45 AM,02:00 PM,,,6.77,0.00,0.00,,6.77,0.00,,0.48,$15.75,$106.63,,$6.71,,$0.00
07/21/26,,Team Member,06:30 AM,02:01 PM,,,7.00,0.00,0.00,,7.00,0.00,,0.52,$15.75,$110.25,,$6.34,,$0.00
07/28/26,,Team Member,06:32 AM,02:00 PM,,,6.97,0.00,0.00,,6.97,0.00,,0.50,$15.75,$109.78,,$10.22,,$0.00
08/11/26,,Team Member,06:31 AM,12:10 PM,,,5.13,0.00,0.00,,5.13,0.00,,0.52,$15.75,$80.80,,$12.24,,$0.00
08/13/26,,Team Member,06:31 AM,02:08 PM,,,7.12,0.00,0.00,,7.12,0.00,,0.50,$15.75,$112.14,,$14.11,,$0.00
08/18/26,,Team Member,06:31 AM,02:08 PM,,,6.82,0.00,0.00,,6.82,0.00,,0.80,$15.75,$107.42,,$14.05,,$0.00
08/20/26,,Team Member,06:31 AM,02:04 PM,,,7.05,0.00,0.00,,7.05,0.00,,0.50,$15.75,$111.04,,$16.40,,$0.00
08/25/26,,Team Member,06:31 AM,02:00 PM,,,6.98,0.00,0.00,,6.98,0.00,,0.50,$15.75,$109.94,,$13.45,,$0.00
08/27/26,,Team Member,06:31 AM,01:58 PM,,,6.93,0.00,0.00,,6.93,0.00,,0.52,$15.75,$109.15,,$5.95,,$0.00
09/18/26,,Team Member,06:30 AM,02:00 PM,,,7.13,0.00,0.00,,7.13,0.00,,0.37,$15.75,$112.30,,$20.53,,$0.00
Total Team Member,,,,,,,325.05,0.00,0.00,,325.05,0.00,,22.78,"$5,119.10",,,$725.93,,$0.00
Totals:,,,,,,,804.67,1.73,0.00,,806.40,0.00,,33.52,"$13,316.25",,,"$2,237.67",,$0.00
,Signature,,,,,Date,,,,Signature,,,,,,,,,Date,
Employe Name,,,,,Payroll ID,,,,,,,,,,,,,,,
,"Samarripas, Cheyanne",,,,None,,,,,,,,,,,,,,,
Date,,Job,Time In,Time Out,,,Regular,OT,Ext,,Total Hrs,Paid Breaks,,Unpaid Breaks,Rate,Total Pay,,Non-Cash Tips,,Declared Tips
02/19/26,,Team Member,02:30 PM,04:04 PM,,,1.57,0.00,0.00,,1.57,0.00,,0.00,$15.75,$24.73,,$0.00,,$0.00
02/28/26,,Team Member,07:56 AM,12:12 PM,,,4.27,0.00,0.00,,4.27,0.00,,0.00,$15.75,$67.25,,$0.00,,$0.00
03/02/26,,Team Member,11:59 AM,02:00 PM,,,2.02,0.00,0.00,,2.02,0.00,,0.00,$15.75,$31.82,,$0.00,,$0.00
03/06/26,,Team Member,02:32 PM,07:01 PM,,,4.48,0.00,0.00,,4.48,0.00,,0.00,$15.75,$70.56,,$0.00,,$0.00
03/07/26,,Team Member,02:27 PM,08:06 PM,,,5.65,0.00,0.00,,5.65,0.00,,0.00,$15.75,$88.99,,$0.00,,$0.00
03/08/26,,Team Member,11:57 AM,09:00 PM,,,8.72,0.00,0.00,,8.72,0.00,,0.33,$15.75,$137.34,,$0.00,,$0.00
03/14/26,,Team Member,08:56 AM,04:11 PM,,,6.75,0.00,0.00,,6.75,0.00,,0.50,$15.75,$106.31,,$7.52,,$0.00
03/17/26,,Team Member,11:54 AM,03:38 PM,,,3.73,0.00,0.00,,3.73,0.00,,0.00,$15.75,$58.75,,$10.66,,$0.00
03/21/26,,Team Member,07:55 AM,04:12 PM,,,7.80,0.00,0.00,,7.80,0.00,,0.48,$15.75,$122.85,,$14.41,,$0.00
03/28/26,,Team Member,08:58 AM,04:01 PM,,,6.52,0.00,0.00,,6.52,0.00,,0.53,$15.75,$102.69,,$6.32,,$0.00
04/04/26,,Team Member,07:55 AM,02:01 PM,,,5.83,0.00,0.00,,5.83,0.00,,0.27,$15.75,$91.82,,$11.45,,$0.00
04/18/26,,Team Member,12:24 PM,10:01 PM,,,8.63,0.00,0.00,,8.63,0.00,,0.98,$15.75,$135.92,,$4.46,,$0.00
04/26/26,,Team Member,04:53 PM,09:01 PM,,,4.13,0.00,0.00,,4.13,0.00,,0.00,$15.75,$65.05,,$2.00,,$0.00
05/02/26,,Team Member,11:54 AM,05:02 PM,,,4.85,0.00,0.00,,4.85,0.00,,0.28,$15.75,$76.39,,$0.00,,$0.00
05/03/26,,Team Member,01:57 PM,07:48 PM,,,5.37,0.00,0.00,,5.37,0.00,,0.48,$15.75,$84.58,,$1.00,,$0.00
05/09/26,,Team Member,01:23 PM,08:45 PM,,,6.87,0.00,0.00,,6.87,0.00,,0.50,$15.75,$108.20,,$4.74,,$0.00
05/15/26,,Team Member,03:23 PM,07:31 PM,,,3.87,0.00,0.00,,3.87,0.00,,0.27,$15.75,$60.95,,$8.36,,$0.00
05/17/26,,Team Member,03:26 PM,08:32 PM,,,5.10,0.00,0.00,,5.10,0.00,,0.00,$15.75,$80.33,,$13.91,,$0.00
05/20/26,,Team Member,03:26 PM,09:59 PM,,,6.05,0.00,0.00,,6.05,0.00,,0.50,$15.75,$95.29,,$12.99,,$0.00
05/22/26,,Team Member,03:25 PM,10:39 PM,,,6.92,0.00,0.00,,6.92,0.00,,0.32,$15.75,$108.99,,$38.30,,$0.00
05/25/26,,Team Member,02:55 PM,08:55 PM,,,5.50,0.00,0.00,,5.50,0.00,,0.50,$15.75,$86.63,,$0.00,,$0.00
05/28/26,,Team Member,06:57 AM,12:48 PM,,,5.32,0.00,0.00,,5.32,0.00,,0.53,$15.75,$83.79,,$4.39,,$0.00
05/29/26,,Team Member,03:29 PM,09:52 PM,,,6.38,0.00,0.00,,6.38,0.00,,0.00,$15.75,$100.49,,$24.45,,$0.00
05/30/26,,Team Member,08:33 AM,03:04 PM,,,6.02,0.00,0.00,,6.02,0.00,,0.50,$15.75,$94.82,,$0.00,,$0.00
05/31/26,,Team Member,09:58 AM,05:55 PM,,,7.40,0.00,0.00,,7.40,0.00,,0.55,$15.75,$116.55,,$0.00,,$0.00
06/01/26,,Team Member,06:58 AM,02:27 PM,,,6.93,0.00,0.00,,6.93,0.00,,0.55,$15.75,$109.15,,$27.12,,$0.00
06/02/26,,Team Member,06:28 AM,02:18 PM,,,7.25,0.00,0.00,,7.25,0.00,,0.58,$15.75,$114.19,,$6.23,,$0.00
06/05/26,,Team Member,03:26 PM,09:00 PM,,,5.02,0.00,0.00,,5.02,0.00,,0.55,$15.75,$79.07,,$23.31,,$0.00
06/16/26,,Team Member,06:57 AM,03:00 PM,,,7.50,0.00,0.00,,7.50,0.00,,0.55,$15.75,$118.13,,$15.29,,$0.00
06/18/26,,Team Member,11:27 AM,04:55 PM,,,4.97,0.00,0.00,,4.97,0.00,,0.50,$15.75,$78.28,,$17.33,,$0.00
06/19/26,,Team Member,03:29 PM,09:38 PM,,,6.15,0.00,0.00,,6.15,0.00,,0.00,$15.75,$96.86,,$20.12,,$0.00
06/22/26,,Team Member,01:28 PM,10:09 PM,,,8.17,0.00,0.00,,8.17,0.00,,0.52,$15.75,$128.68,,$4.17,,$0.00
06/25/26,,Team Member,10:57 AM,04:29 PM,,,5.02,0.00,0.00,,5.02,0.00,,0.52,$15.75,$79.07,,$3.48,,$0.00
06/27/26,,Team Member,07:28 AM,03:56 PM,,,7.90,0.00,0.00,,7.90,0.00,,0.57,$15.75,$124.43,,$20.57,,$0.00
06/28/26,,Team Member,10:28 AM,03:29 PM,,,4.50,0.00,0.00,,4.50,0.00,,0.52,$15.75,$70.88,,$17.42,,$0.00
06/29/26,,Team Member,01:29 PM,10:14 PM,,,8.25,0.00,0.00,,8.25,0.00,,0.50,$15.75,$129.94,,$2.67,,$0.00
07/02/26,,Team Member,10:56 AM,04:29 PM,,,5.05,0.00,0.00,,5.05,0.00,,0.50,$15.75,$79.54,,$19.10,,$0.00
07/03/26,,Team Member,03:27 PM,09:46 PM,,,5.77,0.00,0.00,,5.77,0.00,,0.55,$15.75,$90.88,,$18.51,,$0.00
07/04/26,,Team Member,07:32 AM,04:02 PM,,,7.95,0.00,0.00,,7.95,0.00,,0.55,$15.75,$125.21,,$10.60,,$0.00
07/05/26,,Team Member,10:27 AM,03:27 PM,,,5.00,0.00,0.00,,5.00,0.00,,0.00,$15.75,$78.75,,$17.86,,$0.00
07/06/26,,Team Member,01:57 PM,09:51 PM,,,7.38,0.00,0.00,,7.38,0.00,,0.52,$15.75,$116.24,,$9.42,,$0.00
07/09/26,,Team Member,08:58 AM,04:59 PM,,,7.50,0.00,0.00,,7.50,0.00,,0.52,$15.75,$118.13,,$15.66,,$0.00
07/16/26,,Team Member,10:57 AM,04:31 PM,,,5.05,0.00,0.00,,5.05,0.00,,0.52,$15.75,$79.54,,$15.48,,$0.00
07/17/26,,Team Member,03:29 PM,10:06 PM,,,6.62,0.00,0.00,,6.62,0.00,,0.00,$15.75,$104.27,,$16.81,,$0.00
07/18/26,,Team Member,07:33 AM,03:59 PM,,,7.90,0.00,0.00,,7.90,0.00,,0.53,$15.75,$124.43,,$34.57,,$0.00
07/19/26,,Team Member,10:02 AM,03:30 PM,,,4.97,0.00,0.00,,4.97,0.00,,0.50,$15.75,$78.28,,$3.28,,$0.00
07/20/26,,Team Member,02:00 PM,10:06 PM,,,7.63,0.00,0.00,,7.63,0.00,,0.47,$15.75,$120.17,,$10.10,,$0.00
07/23/26,,Team Member,01:34 PM,09:41 PM,,,7.62,0.00,0.00,,7.62,0.00,,0.50,$15.75,$120.02,,$13.99,,$0.00
07/24/26,,Team Member,06:35 AM,02:30 PM,,,7.40,0.00,0.00,,7.40,0.00,,0.52,$15.75,$116.55,,$18.81,,$0.00
07/25/26,,Team Member,07:30 AM,04:00 PM,,,8.00,0.00,0.00,,8.00,0.00,,0.50,$15.75,$126.00,,$17.78,,$0.00
07/30/26,,Team Member,08:59 AM,05:00 PM,,,7.52,0.00,0.00,,7.52,0.00,,0.50,$15.75,$118.44,,$16.35,,$0.00
07/31/26,,Team Member,01:31 PM,09:44 PM,,,7.72,0.00,0.00,,7.72,0.00,,0.50,$15.75,$121.59,,$20.52,,$0.00
08/03/26,,Team Member,01:58 PM,03:01 PM,,,1.05,0.00,0.00,,1.05,0.00,,0.00,$15.75,$16.54,,$0.00,,$0.00
08/08/26,,Team Member,07:30 AM,04:06 PM,,,8.10,0.00,0.00,,8.10,0.00,,0.50,$15.75,$127.58,,$21.70,,$0.00
08/09/26,,Team Member,09:59 AM,03:30 PM,,,5.52,0.00,0.00,,5.52,0.00,,0.00,$15.75,$86.94,,$12.32,,$0.00
08/10/26,,Team Member,04:36 PM,10:17 PM,,,5.35,0.00,0.00,,5.35,0.00,,0.33,$15.75,$84.26,,$29.82,,$0.00
08/23/26,,Team Member,09:26 AM,04:30 PM,,,6.55,0.00,0.00,,6.55,0.00,,0.52,$15.75,$103.16,,$42.73,,$0.00
08/29/26,,Team Member,05:04 PM,09:59 PM,,,4.92,0.00,0.00,,4.92,0.00,,0.00,$15.75,$77.49,,$5.70,,$0.00
08/30/26,,Team Member,09:30 AM,03:50 PM,,,5.83,0.00,0.00,,5.83,0.00,,0.50,$15.75,$91.82,,$12.18,,$0.00
09/05/26,,Team Member,02:59 PM,10:19 PM,,,6.85,0.00,0.00,,6.85,0.00,,0.48,$15.75,$107.89,,$21.33,,$0.00
09/12/26,,Team Member,02:58 PM,09:54 PM,,,6.42,0.00,0.00,,6.42,0.00,,0.52,$15.75,$101.12,,$7.07,,$0.00
09/13/26,,Team Member,02:59 PM,08:50 PM,,,5.85,0.00,0.00,,5.85,0.00,,0.00,$15.75,$92.14,,$7.64,,$0.00
09/20/26,,Team Member,09:32 AM,04:30 PM,,,6.48,0.00,0.00,,6.48,0.00,,0.48,$15.75,$102.06,,$8.59,,$0.00
Totals:,,,,,,,383.37,0.00,0.00,,383.37,0.00,,23.38,"$6,038.81",,,$750.59,,$0.00
,Signature,,,,,Date,,,,Signature,,,,,,,,,Date,
Employe Name,,,,,Payroll ID,,,,,,,,,,,,,,,
,"Sesay, Mariam",,,,None,,,,,,,,,,,,,,,
Date,,Job,Time In,Time Out,,,Regular,OT,Ext,,Total Hrs,Paid Breaks,,Unpaid Breaks,Rate,Total Pay,,Non-Cash Tips,,Declared Tips
02/24/26,,Team Member,02:30 PM,04:18 PM,,,1.80,0.00,0.00,,1.80,0.00,,0.00,$15.75,$28.35,,$0.00,,$0.00
02/26/26,,Team Member,08:00 AM,01:33 PM,,,5.55,0.00,0.00,,5.55,0.00,,0.00,$15.75,$87.41,,$0.00,,$0.00
03/06/26,,Team Member,08:30 AM,01:45 PM,,,5.25,0.00,0.00,,5.25,0.00,,0.00,$15.75,$82.69,,$0.00,,$0.00
03/08/26,,Team Member,11:58 AM,10:01 PM,,,9.60,0.00,0.00,,9.60,0.00,,0.45,$15.75,$151.20,,$0.00,,$0.00
03/10/26,,Team Member,02:28 PM,08:38 PM,,,5.63,0.00,0.00,,5.63,0.00,,0.53,$15.75,$88.67,,$1.00,,$0.00
03/12/26,,Team Member,06:59 AM,12:15 PM,,,5.27,0.00,0.00,,5.27,0.00,,0.00,$15.75,$83.00,,$0.00,,$0.00
03/16/26,,Team Member,08:01 AM,03:22 PM,,,7.35,0.00,0.00,,7.35,0.00,,0.00,$15.75,$115.76,,$32.54,,$0.00
03/18/26,,Team Member,07:59 AM,01:01 PM,,,5.03,0.00,0.00,,5.03,0.00,,0.00,$15.75,$79.22,,$0.00,,$0.00
03/19/26,,Team Member,06:30 AM,02:35 PM,,,7.57,0.00,0.00,,7.57,0.00,,0.52,$15.75,$119.23,,$4.40,,$0.00
03/21/26,,Team Member,07:57 AM,12:08 PM,,,4.18,0.00,0.00,,4.18,0.00,,0.00,$15.75,$65.84,,$0.00,,$0.00
03/23/26,,Team Member,03:56 PM,09:50 PM,,,5.90,0.00,0.00,,5.90,0.00,,0.00,$15.75,$92.93,,$12.87,,$0.00
03/24/26,,Team Member,09:59 AM,04:36 PM,,,6.62,0.00,0.00,,6.62,0.00,,0.00,$15.75,$104.27,,$4.61,,$0.00
03/25/26,,Team Member,10:30 AM,03:35 PM,,,5.08,0.00,0.00,,5.08,0.00,,0.00,$15.75,$80.01,,$16.78,,$0.00
03/26/26,,Team Member,06:30 AM,02:41 PM,,,7.67,0.00,0.00,,7.67,0.00,,0.52,$15.75,$120.80,,$26.08,,$0.00
03/30/26,,Team Member,04:00 PM,09:33 PM,,,5.55,0.00,0.00,,5.55,0.00,,0.00,$15.75,$87.41,,$11.21,,$0.00
04/01/26,,Team Member,02:59 PM,09:44 PM,,,6.75,0.00,0.00,,6.75,0.00,,0.00,$15.75,$106.31,,$11.06,,$0.00
04/02/26,,Team Member,06:53 AM,12:51 PM,,,5.97,0.00,0.00,,5.97,0.00,,0.00,$15.75,$94.03,,$6.28,,$0.00
04/02/26,,Team Member,12:53 PM,01:17 PM,,,0.40,0.00,0.00,,0.40,0.00,,0.00,$15.75,$6.30,,$0.00,,$0.00
04/08/26,,Team Member,09:01 AM,01:10 PM,,,3.62,0.00,0.00,,3.62,0.00,,0.53,$15.75,$57.02,,$21.89,,$0.00
04/15/26,,Team Member,09:00 AM,03:36 PM,,,6.12,0.00,0.00,,6.12,0.00,,0.48,$15.75,$96.39,,$12.21,,$0.00
04/16/26,,Team Member,06:33 AM,12:55 PM,,,5.87,0.00,0.00,,5.87,0.00,,0.50,$15.75,$92.45,,$5.51,,$0.00
04/20/26,,Team Member,06:31 AM,02:35 PM,,,7.53,0.00,0.00,,7.53,0.00,,0.53,$15.75,$118.60,,$13.52,,$0.00
Totals:,,,,,,,124.30,0.00,0.00,,124.30,0.00,,4.07,"$1,957.89",,,$179.96,,$0.00
,Signature,,,,,Date,,,,Signature,,,,,,,,,Date,
Employe Name,,,,,Payroll ID,,,,,,,,,,,,,,,
,"Sifford, Kate",,,,None,,,,,,,,,,,,,,,
Date,,Job,Time In,Time Out,,,Regular,OT,Ext,,Total Hrs,Paid Breaks,,Unpaid Breaks,Rate,Total Pay,,Non-Cash Tips,,Declared Tips
05/01/26,,Team Captain,06:30 AM,02:08 PM,,,7.17,0.00,0.00,,7.17,0.00,,0.47,$17.00,$121.89,,$39.78,,$0.00
05/02/26,,Team Captain,09:01 AM,03:34 PM,,,6.15,0.00,0.00,,6.15,0.00,,0.40,$17.00,$104.55,,$51.40,,$0.00
05/04/26,,Team Captain,07:55 AM,03:10 PM,,,6.83,0.00,0.00,,6.83,0.00,,0.42,$17.00,$116.11,,$21.40,,$0.00
05/05/26,,Team Captain,06:58 AM,02:58 PM,,,7.60,0.00,0.00,,7.60,0.00,,0.40,$17.00,$129.20,,$15.47,,$0.00
05/06/26,,Team Captain,06:31 AM,01:39 PM,,,6.63,0.00,0.00,,6.63,0.00,,0.50,$17.00,$112.71,,$17.45,,$0.00
05/07/26,,Team Captain,08:02 AM,02:38 PM,,,6.17,0.00,0.00,,6.17,0.00,,0.43,$17.00,$104.89,,$6.55,,$0.00
05/08/26,,Team Captain,08:28 AM,03:31 PM,,,6.58,0.00,0.00,,6.58,0.00,,0.47,$17.00,$111.86,,$24.78,,$0.00
05/11/26,,Team Captain,07:54 AM,02:39 PM,,,6.30,0.00,0.00,,6.30,0.00,,0.45,$17.00,$107.10,,$11.39,,$0.00
05/12/26,,Team Captain,06:30 AM,02:45 PM,,,7.77,0.00,0.00,,7.77,0.00,,0.48,$17.00,$132.09,,$27.18,,$0.00
05/14/26,,Team Captain,06:31 AM,02:10 PM,,,7.23,0.00,0.00,,7.23,0.00,,0.42,$17.00,$122.91,,$16.43,,$0.00
05/15/26,,Team Captain,07:03 AM,03:05 PM,,,7.57,0.00,0.00,,7.57,0.00,,0.47,$17.00,$128.69,,$22.56,,$0.00
05/16/26,,Team Captain,07:33 AM,02:39 PM,,,6.68,0.00,0.00,,6.68,0.00,,0.42,$17.00,$113.56,,$21.53,,$0.00
05/17/26,,Team Captain,09:31 AM,02:35 PM,,,5.07,0.00,0.00,,5.07,0.00,,0.00,$17.00,$86.19,,$24.72,,$0.00
05/25/26,,Team Captain,02:08 PM,03:54 PM,,,1.77,0.00,0.00,,1.77,0.00,,0.00,$17.00,$30.09,,$0.00,,$0.00
05/25/26,,Team Captain,04:22 PM,05:14 PM,,,0.87,0.00,0.00,,0.87,0.00,,0.00,$17.00,$14.79,,$0.00,,$0.00
05/28/26,,Team Captain,01:36 PM,03:54 PM,,,2.30,0.00,0.00,,2.30,0.00,,0.00,$17.00,$39.10,,$1.00,,$0.00
05/29/26,,Team Captain,09:24 AM,05:12 PM,,,7.33,0.00,0.00,,7.33,0.00,,0.47,$17.00,$124.61,,$22.18,,$0.00
05/30/26,,Team Captain,07:31 AM,03:33 PM,,,7.55,0.00,0.00,,7.55,0.00,,0.48,$17.00,$128.35,,$25.99,,$0.00
05/31/26,,Team Captain,09:23 AM,03:31 PM,,,6.13,0.00,0.00,,6.13,0.00,,0.00,$17.00,$104.21,,$18.15,,$0.00
06/01/26,,Team Captain,06:27 AM,12:45 PM,,,6.30,0.00,0.00,,6.30,0.00,,0.00,$17.00,$107.10,,$11.98,,$0.00
06/02/26,,Team Captain,06:26 AM,02:42 PM,,,8.27,0.00,0.00,,8.27,0.00,,0.00,$17.00,$140.59,,$15.24,,$0.00
06/03/26,,Team Captain,06:30 AM,09:49 AM,,,3.32,0.00,0.00,,3.32,0.00,,0.00,$17.00,$56.44,,$4.66,,$0.00
06/03/26,,Team Captain,09:49 AM,02:01 PM,,,3.70,0.00,0.00,,3.70,0.00,,0.50,$17.00,$62.90,,$5.33,,$0.00
06/04/26,,Team Captain,02:00 PM,04:02 PM,,,2.03,0.00,0.00,,2.03,0.00,,0.00,$17.00,$34.51,,$0.00,,$0.00
06/05/26,,Team Captain,06:32 AM,02:39 PM,,,7.57,0.00,0.00,,7.57,0.00,,0.55,$17.00,$128.69,,$6.07,,$0.00
06/10/26,,Team Captain,06:31 AM,02:30 PM,,,7.47,0.00,0.00,,7.47,0.00,,0.52,$17.00,$126.99,,$31.56,,$0.00
06/11/26,,Team Captain,06:31 AM,02:31 PM,,,7.48,0.00,0.00,,7.48,0.00,,0.52,$17.00,$127.16,,$7.06,,$0.00
06/12/26,,Team Captain,06:31 AM,02:37 PM,,,7.60,0.00,0.00,,7.60,0.00,,0.50,$17.00,$129.20,,$11.31,,$0.00
06/13/26,,Team Captain,07:30 AM,03:32 PM,,,8.03,0.00,0.00,,8.03,0.00,,0.00,$17.00,$136.51,,$0.00,,$0.00
06/14/26,,Team Captain,09:31 AM,03:32 PM,,,6.02,0.00,0.00,,6.02,0.00,,0.00,$17.00,$102.34,,$18.70,,$0.00
06/18/26,,Team Captain,06:30 AM,02:30 PM,,,8.00,0.00,0.00,,8.00,0.00,,0.00,$17.00,$136.00,,$12.15,,$0.00
06/19/26,,Team Captain,06:30 AM,02:47 PM,,,8.28,0.00,0.00,,8.28,0.00,,0.00,$17.00,$140.76,,$24.70,,$0.00
06/20/26,,Team Captain,07:31 AM,03:45 PM,,,8.23,0.00,0.00,,8.23,0.00,,0.00,$17.00,$139.91,,$23.38,,$0.00
06/21/26,,Team Captain,09:28 AM,05:33 PM,,,8.08,0.00,0.00,,8.08,0.00,,0.00,$17.00,$137.36,,$13.13,,$0.00
06/22/26,,Team Captain,06:30 AM,02:02 PM,,,7.40,0.13,0.00,,7.53,0.00,,0.00,$17.00,$129.12,,$14.02,,$0.00
06/25/26,,Team Captain,06:30 AM,06:52 AM,,,0.37,0.00,0.00,,0.37,0.00,,0.00,$17.00,$6.29,,$0.00,,$0.00
06/26/26,,Team Captain,06:28 AM,02:32 PM,,,7.55,0.00,0.00,,7.55,0.00,,0.52,$17.00,$128.35,,$13.76,,$0.00
06/27/26,,Team Captain,07:27 AM,03:30 PM,,,8.05,0.00,0.00,,8.05,0.00,,0.00,$17.00,$136.85,,$8.97,,$0.00
06/28/26,,Team Captain,09:29 AM,03:30 PM,,,6.02,0.00,0.00,,6.02,0.00,,0.00,$17.00,$102.34,,$20.24,,$0.00
07/03/26,,Team Captain,06:31 AM,02:32 PM,,,8.02,0.00,0.00,,8.02,0.00,,0.00,$17.00,$136.34,,$33.41,,$0.00
07/04/26,,Team Captain,07:30 AM,03:36 PM,,,8.10,0.00,0.00,,8.10,0.00,,0.00,$17.00,$137.70,,$9.67,,$0.00
07/05/26,,Team Captain,09:31 AM,05:33 PM,,,8.03,0.00,0.00,,8.03,0.00,,0.00,$17.00,$136.51,,$29.20,,$0.00
07/07/26,,Team Captain,06:33 AM,03:01 PM,,,7.92,0.00,0.00,,7.92,0.00,,0.55,$17.00,$134.64,,$17.67,,$0.00
07/08/26,,Team Captain,06:32 AM,02:06 PM,,,7.57,0.00,0.00,,7.57,0.00,,0.00,$17.00,$128.69,,$27.21,,$0.00
07/09/26,,Team Captain,06:31 AM,02:08 PM,,,7.62,0.00,0.00,,7.62,0.00,,0.00,$17.00,$129.54,,$10.47,,$0.00
07/12/26,,Team Captain,09:30 AM,05:30 PM,,,8.00,0.00,0.00,,8.00,0.00,,0.00,$17.00,$136.00,,$27.93,,$0.00
07/17/26,,Team Captain,06:33 AM,02:36 PM,,,8.05,0.00,0.00,,8.05,0.00,,0.00,$17.00,$136.85,,$13.35,,$0.00
07/19/26,,Team Captain,09:31 AM,05:34 PM,,,8.05,0.00,0.00,,8.05,0.00,,0.00,$17.00,$136.85,,$18.31,,$0.00
07/21/26,,Team Captain,06:30 AM,10:29 AM,,,3.98,0.00,0.00,,3.98,0.00,,0.00,$17.00,$67.66,,$1.75,,$0.00
07/21/26,,Team Captain,11:00 AM,03:14 PM,,,4.23,0.00,0.00,,4.23,0.00,,0.00,$17.00,$71.91,,$1.38,,$0.00
07/22/26,,Team Captain,06:30 AM,02:00 PM,,,7.12,0.00,0.00,,7.12,0.00,,0.38,$17.00,$121.04,,$1.00,,$0.00
07/23/26,,Team Captain,06:37 AM,02:02 PM,,,7.42,0.00,0.00,,7.42,0.00,,0.00,$17.00,$126.14,,$13.99,,$0.00
07/26/26,,Team Captain,09:32 AM,05:31 PM,,,7.45,0.00,0.00,,7.45,0.00,,0.53,$17.00,$126.65,,$31.02,,$0.00
07/27/26,,Team Captain,06:35 AM,06:36 AM,,,0.02,0.00,0.00,,0.02,0.00,,0.00,$17.00,$0.34,,$0.00,,$0.00
07/28/26,,Team Captain,06:31 AM,03:00 PM,,,7.97,0.00,0.00,,7.97,0.00,,0.52,$17.00,$135.49,,$19.75,,$0.00
07/29/26,,Team Captain,06:31 AM,02:03 PM,,,7.53,0.00,0.00,,7.53,0.00,,0.00,$17.00,$128.01,,$18.66,,$0.00
07/30/26,,Team Captain,06:31 AM,02:00 PM,,,7.48,0.00,0.00,,7.48,0.00,,0.00,$17.00,$127.16,,$8.75,,$0.00
08/02/26,,Team Captain,09:31 AM,06:07 PM,,,8.60,0.00,0.00,,8.60,0.00,,0.00,$17.00,$146.20,,$8.57,,$0.00
08/04/26,,Team Captain,06:31 AM,02:01 PM,,,7.50,0.00,0.00,,7.50,0.00,,0.00,$17.00,$127.50,,$6.57,,$0.00
08/11/26,,Team Captain,06:30 AM,02:44 PM,,,7.73,0.00,0.00,,7.73,0.00,,0.50,$17.00,$131.41,,$6.46,,$0.00
08/12/26,,Team Captain,06:32 AM,02:42 PM,,,8.17,0.00,0.00,,8.17,0.00,,0.00,$17.00,$138.89,,$18.25,,$0.00
08/13/26,,Team Captain,06:33 AM,02:32 PM,,,7.47,0.00,0.00,,7.47,0.00,,0.52,$17.00,$126.99,,$17.25,,$0.00
08/16/26,,Team Captain,09:28 AM,05:30 PM,,,8.03,0.00,0.00,,8.03,0.00,,0.00,$17.00,$136.51,,$33.55,,$0.00
08/18/26,,Team Captain,06:30 AM,02:36 PM,,,7.58,0.00,0.00,,7.58,0.00,,0.52,$17.00,$128.86,,$8.48,,$0.00
08/19/26,,Team Captain,06:31 AM,02:30 PM,,,7.98,0.00,0.00,,7.98,0.00,,0.00,$17.00,$135.66,,$1.33,,$0.00
08/20/26,,Team Captain,06:31 AM,03:04 PM,,,8.07,0.00,0.00,,8.07,0.00,,0.48,$17.00,$137.19,,$10.04,,$0.00
08/25/26,,Team Captain,06:31 AM,02:31 PM,,,7.50,0.00,0.00,,7.50,0.00,,0.50,$17.00,$127.50,,$18.40,,$0.00
08/26/26,,Team Captain,06:30 AM,01:33 PM,,,7.05,0.00,0.00,,7.05,0.00,,0.00,$17.00,$119.85,,$18.06,,$0.00
08/27/26,,Team Captain,06:31 AM,10:30 AM,,,3.98,0.00,0.00,,3.98,0.00,,0.00,$17.00,$67.66,,$1.00,,$0.00
08/27/26,,Team Captain,10:30 AM,02:39 PM,,,3.62,0.00,0.00,,3.62,0.00,,0.53,$17.00,$61.54,,$0.00,,$0.00
08/28/26,,Team Captain,02:02 PM,03:02 PM,,,1.00,0.00,0.00,,1.00,0.00,,0.00,$17.00,$17.00,,$0.00,,$0.00
08/30/26,,Team Captain,09:30 AM,05:32 PM,,,8.03,0.00,0.00,,8.03,0.00,,0.00,$17.00,$136.51,,$37.54,,$0.00
09/08/26,,Team Captain,02:06 PM,04:05 PM,,,1.98,0.00,0.00,,1.98,0.00,,0.00,$17.00,$33.66,,$0.00,,$0.00
09/10/26,,Team Captain,02:06 PM,04:05 PM,,,1.98,0.00,0.00,,1.98,0.00,,0.00,$17.00,$33.66,,$8.96,,$0.00
09/11/26,,Team Captain,02:00 PM,05:07 PM,,,3.12,0.00,0.00,,3.12,0.00,,0.00,$17.00,$53.04,,$0.00,,$0.00
09/12/26,,Team Captain,07:29 AM,03:31 PM,,,8.03,0.00,0.00,,8.03,0.00,,0.00,$17.00,$136.51,,$24.73,,$0.00
09/13/26,,Team Captain,09:31 AM,05:36 PM,,,8.08,0.00,0.00,,8.08,0.00,,0.00,$17.00,$137.36,,$11.09,,$0.00
09/14/26,,Team Captain,01:46 PM,10:05 PM,,,2.98,5.33,0.00,,8.32,0.00,,0.00,$17.00,$186.58,,$19.81,,$0.00
09/15/26,,Team Captain,02:03 PM,04:06 PM,,,2.05,0.00,0.00,,2.05,0.00,,0.00,$17.00,$34.85,,$3.26,,$0.00
09/18/26,,Team Captain,06:30 AM,02:45 PM,,,7.75,0.00,0.00,,7.75,0.00,,0.50,$17.00,$131.75,,$20.86,,$0.00
09/19/26,,Team Captain,07:31 AM,03:30 PM,,,7.98,0.00,0.00,,7.98,0.00,,0.00,$17.00,$135.66,,$15.17,,$0.00
09/20/26,,Team Captain,09:30 AM,05:35 PM,,,8.08,0.00,0.00,,8.08,0.00,,0.00,$17.00,$137.36,,$20.53,,$0.00
09/22/26,,Team Captain,06:29 AM,02:44 PM,,,8.25,0.00,0.00,,8.25,0.00,,0.00,$17.00,$140.25,,$19.19,,$0.00
09/24/26,,Team Captain,06:31 AM,,,,7.83,0.00,0.00,,7.83,0.00,,0.00,$17.00,$133.11,,$8.52,,$0.00
Total Team Captain,,,,,,,538.47,5.47,0.00,,543.93,0.00,,14.90,"$9,292.89",,,"$1,231.36",,$0.00
02/20/26,,Team Member,02:30 PM,04:08 PM,,,1.63,0.00,0.00,,1.63,0.00,,0.00,$15.75,$25.67,,$0.00,,$0.00
02/27/26,,Team Member,07:58 AM,12:15 PM,,,4.28,0.00,0.00,,4.28,0.00,,0.00,$15.75,$67.41,,$0.00,,$0.00
03/10/26,,Team Member,06:33 AM,02:35 PM,,,7.63,0.00,0.00,,7.63,0.00,,0.40,$15.75,$120.17,,$4.95,,$0.00
03/13/26,,Team Member,07:55 AM,03:07 PM,,,7.20,0.00,0.00,,7.20,0.00,,0.00,$15.75,$113.40,,$15.73,,$0.00
03/15/26,,Team Member,12:29 PM,08:41 PM,,,7.82,0.00,0.00,,7.82,0.00,,0.38,$15.75,$123.17,,$10.37,,$0.00
03/17/26,,Team Member,07:28 AM,02:43 PM,,,7.25,0.00,0.00,,7.25,0.00,,0.00,$15.75,$114.19,,$16.85,,$0.00
03/21/26,,Team Member,07:56 AM,12:00 PM,,,4.07,0.00,0.00,,4.07,0.00,,0.00,$15.75,$64.10,,$4.63,,$0.00
03/23/26,,Team Member,10:57 AM,03:20 PM,,,4.38,0.00,0.00,,4.38,0.00,,0.00,$15.75,$68.99,,$11.94,,$0.00
03/24/26,,Team Member,02:28 PM,09:33 PM,,,7.08,0.00,0.00,,7.08,0.00,,0.00,$15.75,$111.51,,$10.27,,$0.00
03/27/26,,Team Member,06:28 AM,11:40 AM,,,5.20,0.00,0.00,,5.20,0.00,,0.00,$15.75,$81.90,,$15.63,,$0.00
03/28/26,,Team Member,08:01 AM,04:03 PM,,,7.62,0.00,0.00,,7.62,0.00,,0.42,$15.75,$120.02,,$21.51,,$0.00
03/30/26,,Team Member,11:59 AM,05:03 PM,,,5.07,0.00,0.00,,5.07,0.00,,0.00,$15.75,$79.85,,$37.33,,$0.00
03/31/26,,Team Member,09:28 AM,04:06 PM,,,6.63,0.00,0.00,,6.63,0.00,,0.00,$15.75,$104.42,,$16.91,,$0.00
04/03/26,,Team Member,06:31 AM,02:42 PM,,,8.18,0.00,0.00,,8.18,0.00,,0.00,$15.75,$128.84,,$41.99,,$0.00
04/06/26,,Team Member,11:57 AM,05:02 PM,,,5.08,0.00,0.00,,5.08,0.00,,0.00,$15.75,$80.01,,$9.60,,$0.00
04/07/26,,Team Member,09:57 AM,04:10 PM,,,6.22,0.00,0.00,,6.22,0.00,,0.00,$15.75,$97.97,,$13.38,,$0.00
04/13/26,,Team Member,10:56 AM,04:41 PM,,,5.75,0.00,0.00,,5.75,0.00,,0.00,$15.75,$90.56,,$20.57,,$0.00
04/16/26,,Team Member,07:57 AM,02:35 PM,,,6.28,0.00,0.00,,6.28,0.00,,0.35,$15.75,$98.91,,$10.24,,$0.00
04/20/26,,Team Member,10:54 AM,04:33 PM,,,5.25,0.00,0.00,,5.25,0.00,,0.40,$15.75,$82.69,,$23.61,,$0.00
04/21/26,,Team Member,10:55 AM,09:38 PM,,,9.80,0.00,0.00,,9.80,0.00,,0.92,$15.75,$154.35,,$29.99,,$0.00
04/24/26,,Team Member,06:25 AM,12:53 PM,,,6.47,0.00,0.00,,6.47,0.00,,0.00,$15.75,$101.90,,$14.60,,$0.00
04/27/26,,Team Member,10:55 AM,04:36 PM,,,5.68,0.00,0.00,,5.68,0.00,,0.00,$15.75,$89.46,,$17.40,,$0.00
04/28/26,,Team Member,07:33 AM,02:00 PM,,,6.03,0.00,0.00,,6.03,0.00,,0.42,$15.75,$94.97,,$9.54,,$0.00
05/25/26,,Team Member,11:33 AM,02:08 PM,,,2.58,0.00,0.00,,2.58,0.00,,0.00,$15.75,$40.64,,$21.92,,$0.00
05/28/26,,Team Member,08:29 AM,01:36 PM,,,4.12,0.00,0.00,,4.12,0.00,,1.00,$15.75,$64.89,,$5.60,,$0.00
06/04/26,,Team Member,07:31 AM,02:00 PM,,,6.02,0.00,0.00,,6.02,0.00,,0.47,$15.75,$94.82,,$6.25,,$0.00
06/25/26,,Team Member,06:52 AM,02:06 PM,,,6.77,0.00,0.00,,6.77,0.00,,0.47,$15.75,$106.63,,$17.59,,$0.00
07/01/26,,Team Member,07:30 AM,02:30 PM,,,6.50,0.00,0.00,,6.50,0.00,,0.50,$15.75,$102.38,,$2.00,,$0.00
07/02/26,,Team Member,06:30 AM,02:30 PM,,,7.50,0.00,0.00,,7.50,0.00,,0.50,$15.75,$118.13,,$14.12,,$0.00
07/13/26,,Team Member,06:30 AM,01:53 PM,,,6.88,0.00,0.00,,6.88,0.00,,0.50,$15.75,$108.36,,$27.92,,$0.00
07/14/26,,Team Member,06:30 AM,02:03 PM,,,7.05,0.00,0.00,,7.05,0.00,,0.50,$15.75,$111.04,,$9.84,,$0.00
07/15/26,,Team Member,07:33 AM,02:33 PM,,,6.50,0.00,0.00,,6.50,0.00,,0.50,$15.75,$102.38,,$14.81,,$0.00
07/16/26,,Team Member,06:30 AM,02:00 PM,,,6.98,0.00,0.00,,6.98,0.00,,0.52,$15.75,$109.94,,$16.84,,$0.00
07/27/26,,Team Member,06:36 AM,01:31 PM,,,6.42,0.00,0.00,,6.42,0.00,,0.50,$15.75,$101.12,,$7.93,,$0.00
08/03/26,,Team Member,06:31 AM,01:30 PM,,,6.50,0.00,0.00,,6.50,0.00,,0.48,$15.75,$102.38,,$9.59,,$0.00
08/24/26,,Team Member,06:30 AM,01:16 PM,,,6.25,0.00,0.00,,6.25,0.00,,0.52,$15.75,$98.44,,$0.00,,$0.00
08/28/26,,Team Member,07:04 AM,02:02 PM,,,6.53,0.00,0.00,,6.53,0.00,,0.43,$15.75,$102.85,,$19.90,,$0.00
09/08/26,,Team Member,08:55 AM,02:06 PM,,,4.67,0.00,0.00,,4.67,0.00,,0.52,$15.75,$73.55,,$0.00,,$0.00
09/10/26,,Team Member,08:59 AM,02:06 PM,,,4.62,0.00,0.00,,4.62,0.00,,0.50,$15.75,$72.77,,$2.00,,$0.00
09/11/26,,Team Member,08:57 AM,02:00 PM,,,4.53,0.00,0.00,,4.53,0.00,,0.52,$15.75,$71.35,,$19.84,,$0.00
09/15/26,,Team Member,08:02 AM,02:02 PM,,,5.50,0.00,0.00,,5.50,0.00,,0.50,$15.75,$86.63,,$8.98,,$0.00
Total Team Member,,,,,,,246.53,0.00,0.00,,246.53,0.00,,12.20,"$3,882.76",,,$562.17,,$0.00
Totals:,,,,,,,785.00,5.47,0.00,,790.47,0.00,,27.10,"$13,175.65",,,"$1,793.53",,$0.00
,Signature,,,,,Date,,,,Signature,,,,,,,,,Date,
Employe Name,,,,,Payroll ID,,,,,,,,,,,,,,,
,"Smith, Kole",,,,None,,,,,,,,,,,,,,,
Date,,Job,Time In,Time Out,,,Regular,OT,Ext,,Total Hrs,Paid Breaks,,Unpaid Breaks,Rate,Total Pay,,Non-Cash Tips,,Declared Tips
08/25/26,,Team Member,01:33 PM,05:33 PM,,,4.00,0.00,0.00,,4.00,0.00,,0.00,$15.75,$63.00,,$0.00,,$0.00
09/03/26,,Team Member,02:48 PM,09:53 PM,,,6.57,0.00,0.00,,6.57,0.00,,0.52,$15.75,$103.48,,$0.00,,$0.00
09/06/26,,Team Member,02:59 PM,08:51 PM,,,5.87,0.00,0.00,,5.87,0.00,,0.00,$15.75,$92.45,,$0.00,,$0.00
09/07/26,,Team Member,01:59 PM,06:27 PM,,,4.47,0.00,0.00,,4.47,0.00,,0.00,$15.75,$70.40,,$4.16,,$0.00
09/07/26,,Team Member,06:27 PM,09:41 PM,,,2.68,0.00,0.00,,2.68,0.00,,0.55,$15.75,$42.21,,$0.00,,$0.00
09/08/26,,Team Member,06:25 AM,02:02 PM,,,7.12,0.00,0.00,,7.12,0.00,,0.50,$15.75,$112.14,,$9.85,,$0.00
09/10/26,,Team Member,01:59 PM,09:29 PM,,,6.97,0.00,0.00,,6.97,0.00,,0.53,$15.75,$109.78,,$3.35,,$0.00
09/11/26,,Team Member,01:59 PM,09:35 PM,,,7.12,0.00,0.00,,7.12,0.00,,0.48,$15.75,$112.14,,$8.72,,$0.00
09/13/26,,Team Member,12:59 PM,08:50 PM,,,7.33,0.00,0.00,,7.33,0.00,,0.52,$15.75,$115.45,,$10.71,,$0.00
09/15/26,,Team Member,03:30 PM,09:42 PM,,,6.20,0.00,0.00,,6.20,0.00,,0.00,$15.75,$97.65,,$9.23,,$0.00
09/16/26,,Team Member,02:29 PM,09:30 PM,,,6.50,0.00,0.00,,6.50,0.00,,0.52,$15.75,$102.38,,$19.58,,$0.00
09/17/26,,Team Member,02:00 PM,09:34 PM,,,7.07,0.00,0.00,,7.07,0.00,,0.50,$15.75,$111.35,,$10.05,,$0.00
09/18/26,,Team Member,02:59 PM,09:31 PM,,,6.53,0.00,0.00,,6.53,0.00,,0.00,$15.75,$102.85,,$22.23,,$0.00
09/23/26,,Team Member,01:30 PM,03:39 PM,,,2.15,0.00,0.00,,2.15,0.00,,0.00,$15.75,$33.86,,$1.72,,$0.00
09/24/26,,Team Member,02:00 PM,,,,0.35,0.00,0.00,,0.35,0.00,,0.00,$15.75,$5.51,,$0.00,,$0.00
Totals:,,,,,,,80.92,0.00,0.00,,80.92,0.00,,4.12,"$1,274.65",,,$99.60,,$0.00
,Signature,,,,,Date,,,,Signature,,,,,,,,,Date,
Employe Name,,,,,Payroll ID,,,,,,,,,,,,,,,
,"Snyder, Hannah",,,,None,,,,,,,,,,,,,,,
Date,,Job,Time In,Time Out,,,Regular,OT,Ext,,Total Hrs,Paid Breaks,,Unpaid Breaks,Rate,Total Pay,,Non-Cash Tips,,Declared Tips
06/10/26,,Team Member,10:25 AM,01:11 PM,,,2.77,0.00,0.00,,2.77,0.00,,0.00,$15.75,$43.63,,$1.89,,$0.00
06/11/26,,Team Member,10:27 AM,02:35 PM,,,4.13,0.00,0.00,,4.13,0.00,,0.00,$15.75,$65.05,,$0.00,,$0.00
06/12/26,,Team Member,10:32 AM,01:05 PM,,,2.55,0.00,0.00,,2.55,0.00,,0.00,$15.75,$40.16,,$0.00,,$0.00
06/17/26,,Team Member,10:33 AM,04:37 PM,,,5.60,0.00,0.00,,5.60,0.00,,0.47,$15.75,$88.20,,$0.00,,$0.00
06/18/26,,Team Member,10:33 AM,01:39 PM,,,3.10,0.00,0.00,,3.10,0.00,,0.00,$15.75,$48.83,,$0.00,,$0.00
06/19/26,,Team Member,02:30 PM,09:38 PM,,,7.13,0.00,0.00,,7.13,0.00,,0.00,$15.75,$112.30,,$0.00,,$0.00
06/20/26,,Team Member,10:31 AM,04:45 PM,,,5.77,0.00,0.00,,5.77,0.00,,0.47,$15.75,$90.88,,$0.00,,$0.00
06/24/26,,Team Member,10:30 AM,01:50 PM,,,3.33,0.00,0.00,,3.33,0.00,,0.00,$15.75,$52.45,,$1.67,,$0.00
06/26/26,,Team Member,10:34 AM,04:37 PM,,,6.05,0.00,0.00,,6.05,0.00,,0.00,$15.75,$95.29,,$1.25,,$0.00
06/27/26,,Team Member,10:26 AM,04:35 PM,,,5.67,0.00,0.00,,5.67,0.00,,0.48,$15.75,$89.30,,$20.77,,$0.00
06/29/26,,Team Member,10:59 AM,04:46 PM,,,5.78,0.00,0.00,,5.78,0.00,,0.00,$15.75,$91.04,,$7.74,,$0.00
07/01/26,,Team Member,01:39 PM,10:30 PM,,,8.32,0.00,0.00,,8.32,0.00,,0.53,$15.75,$131.04,,$4.26,,$0.00
07/03/26,,Team Member,11:04 AM,04:12 PM,,,5.13,0.00,0.00,,5.13,0.00,,0.00,$15.75,$80.80,,$7.16,,$0.00
07/04/26,,Team Member,10:33 AM,04:36 PM,,,5.53,0.00,0.00,,5.53,0.00,,0.52,$15.75,$87.10,,$7.99,,$0.00
07/06/26,,Team Member,10:59 AM,04:27 PM,,,5.47,0.00,0.00,,5.47,0.00,,0.00,$15.75,$86.15,,$9.03,,$0.00
07/07/26,,Team Member,02:57 PM,09:56 PM,,,6.55,0.00,0.00,,6.55,0.00,,0.43,$15.75,$103.16,,$10.39,,$0.00
07/08/26,,Team Member,01:34 PM,11:18 PM,,,9.73,0.00,0.00,,9.73,0.00,,0.00,$15.75,$153.25,,$11.60,,$0.00
07/11/26,,Team Member,10:33 AM,04:40 PM,,,6.12,0.00,0.00,,6.12,0.00,,0.00,$15.75,$96.39,,$6.57,,$0.00
07/17/26,,Team Member,10:33 AM,03:42 PM,,,5.15,0.00,0.00,,5.15,0.00,,0.00,$15.75,$81.11,,$7.60,,$0.00
07/18/26,,Team Member,10:30 AM,04:59 PM,,,5.98,0.00,0.00,,5.98,0.00,,0.50,$15.75,$94.19,,$14.97,,$0.00
07/20/26,,Team Member,11:08 AM,05:01 PM,,,5.88,0.00,0.00,,5.88,0.00,,0.00,$15.75,$92.61,,$15.83,,$0.00
07/29/26,,Team Member,01:33 PM,09:49 PM,,,7.87,0.00,0.00,,7.87,0.00,,0.40,$15.75,$123.95,,$9.76,,$0.00
07/31/26,,Team Member,09:05 AM,01:23 PM,,,4.30,0.00,0.00,,4.30,0.00,,0.00,$15.75,$67.73,,$16.92,,$0.00
08/07/26,,Team Member,06:33 AM,03:43 PM,,,8.67,0.00,0.00,,8.67,0.00,,0.50,$15.75,$136.55,,$3.47,,$0.00
08/13/26,,Team Member,09:04 AM,04:19 PM,,,6.70,0.00,0.00,,6.70,0.00,,0.55,$15.75,$105.53,,$15.71,,$0.00
08/18/26,,Team Member,03:33 PM,09:48 PM,,,6.25,0.00,0.00,,6.25,0.00,,0.00,$15.75,$98.44,,$29.95,,$0.00
08/19/26,,Team Member,03:35 PM,10:07 PM,,,6.03,0.00,0.00,,6.03,0.00,,0.50,$15.75,$94.97,,$9.59,,$0.00
08/21/26,,Team Member,04:32 PM,10:16 PM,,,5.73,0.00,0.00,,5.73,0.00,,0.00,$15.75,$90.25,,$7.22,,$0.00
09/19/26,,Team Member,09:05 AM,04:36 PM,,,7.00,0.00,0.00,,7.00,0.00,,0.52,$15.75,$110.25,,$18.79,,$0.00
Totals:,,,,,,,168.30,0.00,0.00,,168.30,0.00,,5.87,"$2,650.60",,,$240.13,,$0.00
,Signature,,,,,Date,,,,Signature,,,,,,,,,Date,
Employe Name,,,,,Payroll ID,,,,,,,,,,,,,,,
,"Soukup, Lily",,,,None,,,,,,,,,,,,,,,
Date,,Job,Time In,Time Out,,,Regular,OT,Ext,,Total Hrs,Paid Breaks,,Unpaid Breaks,Rate,Total Pay,,Non-Cash Tips,,Declared Tips
07/10/26,,Team Member,03:30 PM,07:10 PM,,,3.67,0.00,0.00,,3.67,0.00,,0.00,$15.75,$57.80,,$0.00,,$0.00
07/12/26,,Team Member,12:10 PM,12:33 PM,,,0.38,0.00,0.00,,0.38,0.00,,0.00,$15.75,$5.99,,$0.00,,$0.00
07/16/26,,Team Member,08:00 AM,02:00 PM,,,6.00,0.00,0.00,,6.00,0.00,,0.00,$15.75,$94.50,,$0.00,,$0.00
07/17/26,,Team Member,01:30 PM,10:06 PM,,,8.60,0.00,0.00,,8.60,0.00,,0.00,$15.75,$135.45,,$0.00,,$0.00
07/21/26,,Team Member,02:51 PM,09:50 PM,,,6.60,0.00,0.00,,6.60,0.00,,0.38,$15.75,$103.95,,$0.00,,$0.00
07/24/26,,Team Member,08:50 AM,01:05 PM,,,4.25,0.00,0.00,,4.25,0.00,,0.00,$15.75,$66.94,,$0.00,,$0.00
07/26/26,,Team Member,10:51 AM,04:31 PM,,,5.67,0.00,0.00,,5.67,0.00,,0.00,$15.75,$89.30,,$0.00,,$0.00
07/28/26,,Team Member,02:51 PM,09:46 PM,,,6.48,0.00,0.00,,6.48,0.00,,0.43,$15.75,$102.06,,$0.00,,$0.00
07/30/26,,Team Member,03:23 PM,09:46 PM,,,5.98,0.00,0.00,,5.98,0.00,,0.40,$15.75,$94.19,,$0.00,,$0.00
08/02/26,,Team Member,10:51 AM,03:41 PM,,,4.83,0.00,0.00,,4.83,0.00,,0.00,$15.75,$76.07,,$0.00,,$0.00
08/03/26,,Team Member,08:51 AM,04:04 PM,,,6.83,0.00,0.00,,6.83,0.00,,0.38,$15.75,$107.57,,$0.00,,$0.00
08/10/26,,Team Member,12:59 PM,10:14 PM,,,8.80,0.00,0.00,,8.80,0.00,,0.45,$15.75,$138.60,,$14.36,,$0.00
08/13/26,,Team Member,02:32 PM,09:34 PM,,,6.55,0.00,0.00,,6.55,0.00,,0.48,$15.75,$103.16,,$13.55,,$0.00
08/14/26,,Team Member,03:25 PM,10:32 PM,,,7.12,0.00,0.00,,7.12,0.00,,0.00,$15.75,$112.14,,$17.32,,$0.00
08/16/26,,Team Member,03:21 PM,08:54 PM,,,5.12,0.00,0.00,,5.12,0.00,,0.43,$15.75,$80.64,,$23.56,,$0.00
08/25/26,,Team Member,03:20 PM,09:48 PM,,,6.17,0.00,0.00,,6.17,0.00,,0.30,$15.75,$97.18,,$30.12,,$0.00
08/27/26,,Team Member,03:25 PM,09:43 PM,,,5.98,0.00,0.00,,5.98,0.00,,0.32,$15.75,$94.19,,$29.34,,$0.00
09/03/26,,Team Member,03:24 PM,09:53 PM,,,6.48,0.00,0.00,,6.48,0.00,,0.00,$15.75,$102.06,,$30.01,,$0.00
09/07/26,,Team Member,03:52 PM,09:41 PM,,,5.82,0.00,0.00,,5.82,0.00,,0.00,$15.75,$91.67,,$32.13,,$0.00
09/10/26,,Team Member,03:25 PM,09:28 PM,,,5.82,0.00,0.00,,5.82,0.00,,0.23,$15.75,$91.67,,$30.73,,$0.00
09/17/26,,Team Member,03:23 PM,09:34 PM,,,5.80,0.00,0.00,,5.80,0.00,,0.38,$15.75,$91.35,,$11.59,,$0.00
09/21/26,,Team Member,03:54 PM,10:18 PM,,,6.40,0.00,0.00,,6.40,0.00,,0.00,$15.75,$100.80,,$44.38,,$0.00
Totals:,,,,,,,129.35,0.00,0.00,,129.35,0.00,,4.20,"$2,037.28",,,$277.09,,$0.00
,Signature,,,,,Date,,,,Signature,,,,,,,,,Date,
Employe Name,,,,,Payroll ID,,,,,,,,,,,,,,,
,"Stratton, Alexah",,,,None,,,,,,,,,,,,,,,
Date,,Job,Time In,Time Out,,,Regular,OT,Ext,,Total Hrs,Paid Breaks,,Unpaid Breaks,Rate,Total Pay,,Non-Cash Tips,,Declared Tips
08/23/26,,Team Member,12:23 PM,04:23 PM,,,4.00,0.00,0.00,,4.00,0.00,,0.00,$15.75,$63.00,,$0.00,,$0.00
09/01/26,,Team Member,02:25 PM,09:41 PM,,,7.27,0.00,0.00,,7.27,0.00,,0.00,$15.75,$114.50,,$0.00,,$0.00
09/02/26,,Team Member,02:25 PM,10:11 PM,,,7.77,0.00,0.00,,7.77,0.00,,0.00,$15.75,$122.38,,$0.00,,$0.00
09/13/26,,Team Member,09:56 AM,03:36 PM,,,5.67,0.00,0.00,,5.67,0.00,,0.00,$15.75,$89.30,,$0.00,,$0.00
09/14/26,,Team Member,01:49 PM,10:00 PM,,,8.18,0.00,0.00,,8.18,0.00,,0.00,$15.75,$128.84,,$0.00,,$0.00
09/15/26,,Team Member,02:34 PM,09:42 PM,,,7.13,0.00,0.00,,7.13,0.00,,0.00,$15.75,$112.30,,$10.00,,$0.00
Totals:,,,,,,,40.02,0.00,0.00,,40.02,0.00,,0.00,$630.32,,,$10.00,,$0.00
,Signature,,,,,Date,,,,Signature,,,,,,,,,Date,
Employe Name,,,,,Payroll ID,,,,,,,,,,,,,,,
,"Support (DO NOT DELETE), Support",,,,None,,,,,,,,,,,,,,,
Date,,Job,Time In,Time Out,,,Regular,OT,Ext,,Total Hrs,Paid Breaks,,Unpaid Breaks,Rate,Total Pay,,Non-Cash Tips,,Declared Tips
05/15/26,,NON_EMP,10:17 AM,10:17 AM,,,0.00,0.00,0.00,,0.00,0.00,,0.00,$0.00,$0.00,,$0.00,,$0.00
05/23/26,,NON_EMP,09:12 AM,09:13 AM,,,0.02,0.00,0.00,,0.02,0.00,,0.00,$0.00,$0.00,,$0.00,,$0.00
05/24/26,,NON_EMP,03:15 PM,05/25/2026 01:45 AM,,,10.50,0.00,0.00,,10.50,0.00,,0.00,$0.00,$0.00,,$0.00,,$0.00
05/31/26,,NON_EMP,06:12 AM,06/01/2026 01:45 AM,,,19.55,0.00,0.00,,19.55,0.00,,0.00,$0.00,$0.00,,$0.00,,$0.00
09/10/26,,NON_EMP,03:15 AM,09/11/2026 01:45 AM,,,22.50,0.00,0.00,,22.50,0.00,,0.00,$0.00,$0.00,,$0.00,,$0.00
Totals:,,,,,,,52.57,0.00,0.00,,52.57,0.00,,0.00,$0.00,,,$0.00,,$0.00
,Signature,,,,,Date,,,,Signature,,,,,,,,,Date,
Employe Name,,,,,Payroll ID,,,,,,,,,,,,,,,
,"Vargas, Mariah",,,,None,,,,,,,,,,,,,,,
Date,,Job,Time In,Time Out,,,Regular,OT,Ext,,Total Hrs,Paid Breaks,,Unpaid Breaks,Rate,Total Pay,,Non-Cash Tips,,Declared Tips
09/01/26,,Team Member,06:35 AM,12:04 PM,,,4.98,0.00,0.00,,4.98,0.00,,0.50,$15.75,$78.44,,$0.00,,$0.00
09/07/26,,Team Member,07:59 AM,04:04 PM,,,7.57,0.00,0.00,,7.57,0.00,,0.52,$15.75,$119.23,,$0.00,,$0.00
09/08/26,,Team Member,03:30 PM,09:41 PM,,,5.70,0.00,0.00,,5.70,0.00,,0.48,$15.75,$89.78,,$0.00,,$0.00
Totals:,,,,,,,18.25,0.00,0.00,,18.25,0.00,,1.50,$287.45,,,$0.00,,$0.00
,Signature,,,,,Date,,,,Signature,,,,,,,,,Date,
Employe Name,,,,,Payroll ID,,,,,,,,,,,,,,,
,"Waggoner, Gavin",,,,None,,,,,,,,,,,,,,,
Date,,Job,Time In,Time Out,,,Regular,OT,Ext,,Total Hrs,Paid Breaks,,Unpaid Breaks,Rate,Total Pay,,Non-Cash Tips,,Declared Tips
09/10/26,,Team Member,04:09 PM,09:39 PM,,,5.50,0.00,0.00,,5.50,0.00,,0.00,$15.75,$86.63,,$0.00,,$0.00
09/11/26,,Team Member,03:55 PM,09:41 PM,,,5.77,0.00,0.00,,5.77,0.00,,0.00,$15.75,$90.88,,$0.00,,$0.00
09/17/26,,Team Member,04:01 PM,09:34 PM,,,5.55,0.00,0.00,,5.55,0.00,,0.00,$15.75,$87.41,,$0.00,,$0.00
09/18/26,,Team Member,03:59 PM,03:59 PM,,,0.00,0.00,0.00,,0.00,0.00,,0.00,$15.75,$0.00,,$0.00,,$0.00
09/18/26,,Team Member,04:01 PM,09:31 PM,,,5.50,0.00,0.00,,5.50,0.00,,0.00,$15.75,$86.63,,$0.00,,$0.00
09/19/26,,Team Member,07:31 AM,12:28 PM,,,4.95,0.00,0.00,,4.95,0.00,,0.00,$15.75,$77.96,,$0.00,,$0.00
09/22/26,,Team Member,03:29 PM,09:53 PM,,,6.40,0.00,0.00,,6.40,0.00,,0.00,$15.75,$100.80,,$0.00,,$0.00
Totals:,,,,,,,33.67,0.00,0.00,,33.67,0.00,,0.00,$530.31,,,$0.00,,$0.00
,Signature,,,,,Date,,,,Signature,,,,,,,,,Date,
Employe Name,,,,,Payroll ID,,,,,,,,,,,,,,,
,"Walker, Le'Tayveon",,,,None,,,,,,,,,,,,,,,
Date,,Job,Time In,Time Out,,,Regular,OT,Ext,,Total Hrs,Paid Breaks,,Unpaid Breaks,Rate,Total Pay,,Non-Cash Tips,,Declared Tips
09/03/26,,Team Member,02:48 PM,09:53 PM,,,6.58,0.00,0.00,,6.58,0.00,,0.50,$15.75,$103.64,,$0.00,,$0.00
09/04/26,,Team Member,04:27 PM,09:42 PM,,,5.08,0.00,0.00,,5.08,0.00,,0.17,$15.75,$80.01,,$0.00,,$0.00
09/13/26,,Team Member,03:30 PM,08:50 PM,,,4.83,0.00,0.00,,4.83,0.00,,0.50,$15.75,$76.07,,$0.00,,$0.00
09/18/26,,Team Member,04:03 PM,09:31 PM,,,4.85,0.00,0.00,,4.85,0.00,,0.62,$15.75,$76.39,,$0.00,,$0.00
09/20/26,,Team Member,01:19 PM,09:09 PM,,,4.93,0.00,0.00,,4.93,0.00,,2.90,$15.75,$77.65,,$0.00,,$0.00
Totals:,,,,,,,26.28,0.00,0.00,,26.28,0.00,,4.68,$413.76,,,$0.00,,$0.00
,Signature,,,,,Date,,,,Signature,,,,,,,,,Date,
Employe Name,,,,,Payroll ID,,,,,,,,,,,,,,,
,"Warejko, Malik",,,,None,,,,,,,,,,,,,,,
Date,,Job,Time In,Time Out,,,Regular,OT,Ext,,Total Hrs,Paid Breaks,,Unpaid Breaks,Rate,Total Pay,,Non-Cash Tips,,Declared Tips
08/24/26,,Team Member,05:00 PM,09:00 PM,,,4.00,0.00,0.00,,4.00,0.00,,0.00,$15.75,$63.00,,$0.00,,$0.00
09/03/26,,Team Member,06:33 AM,12:33 PM,,,6.00,0.00,0.00,,6.00,0.00,,0.00,$15.75,$94.50,,$0.00,,$0.00
09/05/26,,Team Member,12:00 PM,08:00 PM,,,7.55,0.00,0.00,,7.55,0.00,,0.45,$15.75,$118.91,,$0.00,,$0.00
09/08/26,,Team Member,06:33 AM,11:03 AM,,,4.50,0.00,0.00,,4.50,0.00,,0.00,$15.75,$70.88,,$0.00,,$0.00
09/12/26,,Team Member,11:32 AM,03:03 PM,,,3.52,0.00,0.00,,3.52,0.00,,0.00,$15.75,$55.44,,$0.00,,$0.00
Totals:,,,,,,,25.57,0.00,0.00,,25.57,0.00,,0.45,$402.73,,,$0.00,,$0.00
,Signature,,,,,Date,,,,Signature,,,,,,,,,Date,
Employe Name,,,,,Payroll ID,,,,,,,,,,,,,,,
,"Wdowiak, Chloe",,,,None,,,,,,,,,,,,,,,
Date,,Job,Time In,Time Out,,,Regular,OT,Ext,,Total Hrs,Paid Breaks,,Unpaid Breaks,Rate,Total Pay,,Non-Cash Tips,,Declared Tips
09/11/26,,Team Member,04:40 PM,09:19 PM,,,4.65,0.00,0.00,,4.65,0.00,,0.00,$15.75,$73.24,,$0.00,,$0.00
09/16/26,,Team Member,10:56 AM,04:03 PM,,,5.12,0.00,0.00,,5.12,0.00,,0.00,$15.75,$80.64,,$15.14,,$0.00
09/20/26,,Team Member,09:30 AM,04:00 PM,,,5.98,0.00,0.00,,5.98,0.00,,0.52,$15.75,$94.19,,$42.51,,$0.00
Totals:,,,,,,,15.75,0.00,0.00,,15.75,0.00,,0.52,$248.07,,,$57.65,,$0.00
,Signature,,,,,Date,,,,Signature,,,,,,,,,Date,
Employe Name,,,,,Payroll ID,,,,,,,,,,,,,,,
,"Weedon, Talitha",,,,None,,,,,,,,,,,,,,,
Date,,Job,Time In,Time Out,,,Regular,OT,Ext,,Total Hrs,Paid Breaks,,Unpaid Breaks,Rate,Total Pay,,Non-Cash Tips,,Declared Tips
07/18/26,,Team Captain,03:01 PM,09:58 PM,,,6.45,0.00,0.00,,6.45,0.00,,0.50,$17.00,$109.65,,$45.46,,$0.00
07/22/26,,Team Captain,01:59 PM,06:13 PM,,,4.23,0.00,0.00,,4.23,0.00,,0.00,$17.00,$71.91,,$10.46,,$0.00
07/23/26,,Team Captain,01:33 PM,10:30 PM,,,8.95,0.00,0.00,,8.95,0.00,,0.00,$17.00,$152.15,,$27.96,,$0.00
07/25/26,,Team Captain,01:30 PM,10:02 PM,,,8.53,0.00,0.00,,8.53,0.00,,0.00,$17.00,$145.01,,$20.00,,$0.00
07/26/26,,Team Captain,05:30 PM,08:50 PM,,,3.33,0.00,0.00,,3.33,0.00,,0.00,$17.00,$56.61,,$0.00,,$0.00
07/28/26,,Team Captain,02:35 PM,09:46 PM,,,7.18,0.00,0.00,,7.18,0.00,,0.00,$17.00,$122.06,,$12.40,,$0.00
07/29/26,,Team Captain,01:30 PM,09:48 PM,,,7.87,0.00,0.00,,7.87,0.00,,0.43,$17.00,$133.79,,$28.95,,$0.00
07/30/26,,Team Captain,01:34 PM,09:46 PM,,,8.20,0.00,0.00,,8.20,0.00,,0.00,$17.00,$139.40,,$21.28,,$0.00
07/31/26,,Team Captain,01:34 PM,09:44 PM,,,8.17,0.00,0.00,,8.17,0.00,,0.00,$17.00,$138.89,,$24.31,,$0.00
08/01/26,,Team Captain,01:31 PM,09:56 PM,,,7.42,0.00,0.00,,7.42,0.00,,1.00,$17.00,$126.14,,$31.58,,$0.00
08/04/26,,Team Captain,01:46 PM,09:47 PM,,,8.02,0.00,0.00,,8.02,0.00,,0.00,$17.00,$136.34,,$21.53,,$0.00
08/05/26,,Team Captain,01:39 PM,09:54 PM,,,8.25,0.00,0.00,,8.25,0.00,,0.00,$17.00,$140.25,,$38.67,,$0.00
Total Team Captain,,,,,,,86.60,0.00,0.00,,86.60,0.00,,1.93,"$1,472.20",,,$282.60,,$0.00
06/11/26,,Team Member,02:35 PM,07:43 PM,,,5.13,0.00,0.00,,5.13,0.00,,0.00,$15.75,$80.80,,$0.00,,$0.00
06/15/26,,Team Member,11:49 AM,04:24 PM,,,4.58,0.00,0.00,,4.58,0.00,,0.00,$15.75,$72.14,,$0.00,,$0.00
06/16/26,,Team Member,11:59 AM,04:47 PM,,,4.80,0.00,0.00,,4.80,0.00,,0.00,$15.75,$75.60,,$0.00,,$0.00
06/17/26,,Team Member,06:28 AM,11:10 AM,,,4.70,0.00,0.00,,4.70,0.00,,0.00,$15.75,$74.03,,$0.00,,$0.00
06/18/26,,Team Member,02:28 PM,08:00 PM,,,5.53,0.00,0.00,,5.53,0.00,,0.00,$15.75,$87.10,,$0.00,,$0.00
06/21/26,,Team Member,03:04 PM,09:06 PM,,,5.48,0.00,0.00,,5.48,0.00,,0.55,$15.75,$86.31,,$0.00,,$0.00
06/23/26,,Team Member,04:26 PM,09:34 PM,,,4.50,0.00,0.00,,4.50,0.00,,0.63,$15.75,$70.88,,$0.00,,$0.00
06/25/26,,Team Member,12:31 PM,06:53 PM,,,5.88,0.00,0.00,,5.88,0.00,,0.48,$15.75,$92.61,,$12.65,,$0.00
06/27/26,,Team Member,03:00 PM,09:40 PM,,,6.15,0.00,0.00,,6.15,0.00,,0.52,$15.75,$96.86,,$31.30,,$0.00
06/29/26,,Team Member,04:08 PM,10:16 PM,,,5.63,0.00,0.00,,5.63,0.00,,0.50,$15.75,$88.67,,$11.16,,$0.00
06/30/26,,Team Member,01:30 PM,09:39 PM,,,7.67,0.00,0.00,,7.67,0.00,,0.48,$15.75,$120.80,,$23.62,,$0.00
07/01/26,,Team Member,01:34 PM,10:29 PM,,,8.42,0.00,0.00,,8.42,0.00,,0.50,$15.75,$132.62,,$54.33,,$0.00
07/03/26,,Team Member,01:40 PM,09:46 PM,,,8.10,0.00,0.00,,8.10,0.00,,0.00,$15.75,$127.58,,$18.29,,$0.00
07/04/26,,Team Member,03:08 PM,08:40 PM,,,5.53,0.00,0.00,,5.53,0.00,,0.00,$15.75,$87.10,,$3.08,,$0.00
07/05/26,,Team Member,03:03 PM,08:33 PM,,,4.98,0.00,0.00,,4.98,0.00,,0.52,$15.75,$78.44,,$6.04,,$0.00
07/07/26,,Team Member,02:33 PM,09:55 PM,,,6.88,0.00,0.00,,6.88,0.00,,0.48,$15.75,$108.36,,$9.10,,$0.00
07/08/26,,Team Member,10:58 AM,04:19 PM,,,4.83,0.00,0.00,,4.83,0.00,,0.52,$15.75,$76.07,,$4.85,,$0.00
07/10/26,,Team Member,01:30 PM,09:47 PM,,,7.82,0.00,0.00,,7.82,0.00,,0.47,$15.75,$123.17,,$19.17,,$0.00
07/11/26,,Team Member,01:30 PM,09:51 PM,,,7.83,0.00,0.00,,7.83,0.00,,0.52,$15.75,$123.32,,$26.56,,$0.00
07/14/26,,Team Member,01:35 PM,09:38 PM,,,7.53,0.00,0.00,,7.53,0.00,,0.52,$15.75,$118.60,,$20.03,,$0.00
07/15/26,,Team Member,01:35 PM,09:48 PM,,,7.72,0.00,0.00,,7.72,0.00,,0.50,$15.75,$121.59,,$7.06,,$0.00
07/17/26,,Team Member,01:28 PM,10:06 PM,,,8.63,0.00,0.00,,8.63,0.00,,0.00,$15.75,$135.92,,$49.51,,$0.00
07/22/26,,Team Member,10:59 AM,01:59 PM,,,2.48,0.00,0.00,,2.48,0.00,,0.52,$15.75,$39.06,,$22.25,,$0.00
07/26/26,,Team Member,03:27 PM,05:30 PM,,,1.58,0.00,0.00,,1.58,0.00,,0.47,$15.75,$24.89,,$5.84,,$0.00
Total Team Member,,,,,,,142.42,0.00,0.00,,142.42,0.00,,8.17,"$2,242.52",,,$324.84,,$0.00
Totals:,,,,,,,229.02,0.00,0.00,,229.02,0.00,,10.10,"$3,714.72",,,$607.44,,$0.00
,Signature,,,,,Date,,,,Signature,,,,,,,,,Date,
Employe Name,,,,,Payroll ID,,,,,,,,,,,,,,,
,"Woods, Lillyanna",,,,None,,,,,,,,,,,,,,,
Date,,Job,Time In,Time Out,,,Regular,OT,Ext,,Total Hrs,Paid Breaks,,Unpaid Breaks,Rate,Total Pay,,Non-Cash Tips,,Declared Tips
08/27/26,,Team Member,03:28 PM,06:37 PM,,,3.15,0.00,0.00,,3.15,0.00,,0.00,$15.75,$49.61,,$0.00,,$0.00
09/06/26,,Team Member,09:31 AM,04:31 PM,,,7.00,0.00,0.00,,7.00,0.00,,0.00,$15.75,$110.25,,$0.00,,$0.00
09/10/26,,Team Member,01:55 PM,09:30 PM,,,7.25,0.00,0.00,,7.25,0.00,,0.33,$15.75,$114.19,,$24.19,,$0.00
09/17/26,,Team Member,09:05 AM,04:05 PM,,,6.55,0.00,0.00,,6.55,0.00,,0.45,$15.75,$103.16,,$9.26,,$0.00
09/19/26,,Team Member,08:04 AM,04:01 PM,,,7.50,0.00,0.00,,7.50,0.00,,0.45,$15.75,$118.13,,$7.77,,$0.00
09/24/26,,Team Member,09:05 AM,,,,4.77,0.00,0.00,,4.77,0.00,,0.50,$15.75,$75.13,,$3.13,,$0.00
Totals:,,,,,,,36.22,0.00,0.00,,36.22,0.00,,1.73,$570.47,,,$44.35,,$0.00
,Signature,,,,,Date,,,,Signature,,,,,,,,,Date,
Employe Name,,,,,Payroll ID,,,,,,,,,,,,,,,
,"Young, Marlee",,,,None,,,,,,,,,,,,,,,
Date,,Job,Time In,Time Out,,,Regular,OT,Ext,,Total Hrs,Paid Breaks,,Unpaid Breaks,Rate,Total Pay,,Non-Cash Tips,,Declared Tips
02/24/26,,Team Member,02:30 PM,04:18 PM,,,1.80,0.00,0.00,,1.80,0.00,,0.00,$15.75,$28.35,,$0.00,,$0.00
02/28/26,,Team Member,07:57 AM,01:37 PM,,,5.67,0.00,0.00,,5.67,0.00,,0.00,$15.75,$89.30,,$0.00,,$0.00
03/07/26,,Team Member,07:54 AM,01:18 PM,,,5.40,0.00,0.00,,5.40,0.00,,0.00,$15.75,$85.05,,$0.00,,$0.00
03/07/26,,Team Member,01:18 PM,01:19 PM,,,0.02,0.00,0.00,,0.02,0.00,,0.00,$15.75,$0.32,,$0.00,,$0.00
03/08/26,,Team Member,11:56 AM,10:00 PM,,,9.62,0.00,0.00,,9.62,0.00,,0.45,$15.75,$151.52,,$0.00,,$0.00
03/10/26,,Team Member,02:58 PM,09:46 PM,,,6.80,0.00,0.00,,6.80,0.00,,0.00,$15.75,$107.10,,$4.92,,$0.00
03/14/26,,Team Member,04:57 PM,09:07 PM,,,4.17,0.00,0.00,,4.17,0.00,,0.00,$15.75,$65.68,,$1.67,,$0.00
03/16/26,,Team Member,02:57 PM,09:50 PM,,,6.88,0.00,0.00,,6.88,0.00,,0.00,$15.75,$108.36,,$21.71,,$0.00
03/18/26,,Team Member,02:57 PM,09:03 PM,,,5.57,0.00,0.00,,5.57,0.00,,0.53,$15.75,$87.73,,$0.00,,$0.00
03/21/26,,Team Member,02:58 PM,09:08 PM,,,5.67,0.00,0.00,,5.67,0.00,,0.50,$15.75,$89.30,,$28.87,,$0.00
03/22/26,,Team Member,09:55 AM,03:00 PM,,,5.08,0.00,0.00,,5.08,0.00,,0.00,$15.75,$80.01,,$9.10,,$0.00
03/28/26,,Team Member,02:56 PM,09:04 PM,,,6.13,0.00,0.00,,6.13,0.00,,0.00,$15.75,$96.55,,$21.71,,$0.00
03/29/26,,Team Member,09:54 AM,03:03 PM,,,5.15,0.00,0.00,,5.15,0.00,,0.00,$15.75,$81.11,,$22.04,,$0.00
03/30/26,,Team Member,04:27 PM,09:34 PM,,,5.12,0.00,0.00,,5.12,0.00,,0.00,$15.75,$80.64,,$16.46,,$0.00
04/04/26,,Team Member,03:23 PM,09:35 PM,,,6.20,0.00,0.00,,6.20,0.00,,0.00,$15.75,$97.65,,$4.25,,$0.00
04/06/26,,Team Member,04:28 PM,09:34 PM,,,5.10,0.00,0.00,,5.10,0.00,,0.00,$15.75,$80.33,,$13.84,,$0.00
04/12/26,,Team Member,09:56 AM,03:05 PM,,,5.15,0.00,0.00,,5.15,0.00,,0.00,$15.75,$81.11,,$17.90,,$0.00
04/13/26,,Team Member,04:28 PM,09:28 PM,,,5.00,0.00,0.00,,5.00,0.00,,0.00,$15.75,$78.75,,$4.87,,$0.00
04/19/26,,Team Member,10:26 AM,03:01 PM,,,4.58,0.00,0.00,,4.58,0.00,,0.00,$15.75,$72.14,,$25.04,,$0.00
04/20/26,,Team Member,04:28 PM,09:28 PM,,,5.00,0.00,0.00,,5.00,0.00,,0.00,$15.75,$78.75,,$10.74,,$0.00
04/25/26,,Team Member,05:00 PM,09:31 PM,,,4.52,0.00,0.00,,4.52,0.00,,0.00,$15.75,$71.19,,$2.33,,$0.00
04/26/26,,Team Member,09:58 AM,03:00 PM,,,5.03,0.00,0.00,,5.03,0.00,,0.00,$15.75,$79.22,,$12.10,,$0.00
04/27/26,,Team Member,04:27 PM,09:31 PM,,,5.07,0.00,0.00,,5.07,0.00,,0.00,$15.75,$79.85,,$17.14,,$0.00
05/03/26,,Team Member,03:29 PM,08:19 PM,,,4.83,0.00,0.00,,4.83,0.00,,0.00,$15.75,$76.07,,$18.43,,$0.00
05/04/26,,Team Member,03:26 PM,09:24 PM,,,5.97,0.00,0.00,,5.97,0.00,,0.00,$15.75,$94.03,,$2.12,,$0.00
05/07/26,,Team Member,03:25 PM,09:23 PM,,,5.97,0.00,0.00,,5.97,0.00,,0.00,$15.75,$94.03,,$16.27,,$0.00
05/10/26,,Team Member,03:59 PM,08:22 PM,,,4.38,0.00,0.00,,4.38,0.00,,0.00,$15.75,$68.99,,$12.52,,$0.00
05/14/26,,Team Member,03:26 PM,07:35 PM,,,4.15,0.00,0.00,,4.15,0.00,,0.00,$15.75,$65.36,,$0.00,,$0.00
05/17/26,,Team Member,12:56 PM,04:00 PM,,,3.07,0.00,0.00,,3.07,0.00,,0.00,$15.75,$48.35,,$3.00,,$0.00
05/18/26,,Team Member,03:28 PM,09:44 PM,,,6.27,0.00,0.00,,6.27,0.00,,0.00,$15.75,$98.75,,$6.84,,$0.00
05/21/26,,Team Member,03:25 PM,09:14 PM,,,5.82,0.00,0.00,,5.82,0.00,,0.00,$15.75,$91.67,,$29.00,,$0.00
05/23/26,,Team Member,02:56 PM,09:28 PM,,,6.03,0.00,0.00,,6.03,0.00,,0.50,$15.75,$94.97,,$0.00,,$0.00
05/24/26,,Team Member,09:56 AM,04:10 PM,,,6.23,0.00,0.00,,6.23,0.00,,0.00,$15.75,$98.12,,$29.34,,$0.00
05/26/26,,Team Member,03:26 PM,09:29 PM,,,5.68,0.00,0.00,,5.68,0.00,,0.37,$15.75,$89.46,,$3.84,,$0.00
05/27/26,,Team Member,03:27 PM,09:02 PM,,,5.13,0.00,0.00,,5.13,0.00,,0.45,$15.75,$80.80,,$24.34,,$0.00
05/30/26,,Team Member,02:56 PM,09:20 PM,,,5.88,0.00,0.00,,5.88,0.00,,0.52,$15.75,$92.61,,$8.47,,$0.00
05/31/26,,Team Member,09:55 AM,03:31 PM,,,5.08,0.00,0.00,,5.08,0.00,,0.52,$15.75,$80.01,,$14.37,,$0.00
06/02/26,,Team Member,03:28 PM,09:02 PM,,,5.03,0.00,0.00,,5.03,0.00,,0.53,$15.75,$79.22,,$0.00,,$0.00
06/04/26,,Team Member,03:28 PM,09:30 PM,,,5.52,0.00,0.00,,5.52,0.00,,0.52,$15.75,$86.94,,$19.03,,$0.00
06/06/26,,Team Member,07:28 AM,03:32 PM,,,7.58,0.00,0.00,,7.58,0.00,,0.48,$15.75,$119.39,,$16.30,,$0.00
06/07/26,,Team Member,09:28 AM,02:38 PM,,,5.17,0.00,0.00,,5.17,0.00,,0.00,$15.75,$81.43,,$23.64,,$0.00
06/09/26,,Team Member,03:28 PM,09:04 PM,,,5.17,0.00,0.00,,5.17,0.00,,0.43,$15.75,$81.43,,$8.35,,$0.00
06/13/26,,Team Member,03:27 PM,09:30 PM,,,5.55,0.00,0.00,,5.55,0.00,,0.50,$15.75,$87.41,,$1.07,,$0.00
06/14/26,,Team Member,09:31 AM,02:09 PM,,,4.12,0.00,0.00,,4.12,0.00,,0.52,$15.75,$64.89,,$1.40,,$0.00
06/16/26,,Team Member,03:26 PM,09:14 PM,,,5.28,0.00,0.00,,5.28,0.00,,0.52,$15.75,$83.16,,$4.97,,$0.00
06/17/26,,Team Member,03:26 PM,09:20 PM,,,5.40,0.00,0.00,,5.40,0.00,,0.50,$15.75,$85.05,,$1.64,,$0.00
06/20/26,,Team Member,07:31 AM,10:05 AM,,,2.57,0.00,0.00,,2.57,0.00,,0.00,$15.75,$40.48,,$0.00,,$0.00
06/21/26,,Team Member,09:29 AM,03:00 PM,,,5.00,0.00,0.00,,5.00,0.00,,0.52,$15.75,$78.75,,$4.82,,$0.00
06/23/26,,Team Member,03:29 PM,09:10 PM,,,5.18,0.00,0.00,,5.18,0.00,,0.50,$15.75,$81.59,,$9.04,,$0.00
06/27/26,,Team Member,03:28 PM,09:39 PM,,,5.15,0.00,0.00,,5.15,0.00,,1.03,$15.75,$81.11,,$8.59,,$0.00
06/28/26,,Team Member,09:30 AM,03:00 PM,,,5.00,0.00,0.00,,5.00,0.00,,0.50,$15.75,$78.75,,$0.00,,$0.00
07/19/26,,Team Member,09:31 AM,03:00 PM,,,5.48,0.00,0.00,,5.48,0.00,,0.00,$15.75,$86.31,,$0.00,,$0.00
08/16/26,,Team Member,01:26 PM,09:01 PM,,,7.58,0.00,0.00,,7.58,0.00,,0.00,$15.75,$119.39,,$21.46,,$0.00
08/29/26,,Team Member,11:27 AM,03:38 PM,,,4.18,0.00,0.00,,4.18,0.00,,0.00,$15.75,$65.84,,$37.02,,$0.00
09/02/26,,Team Member,11:57 AM,06:00 PM,,,6.05,0.00,0.00,,6.05,0.00,,0.00,$15.75,$95.29,,$0.00,,$0.00
09/09/26,,Team Member,11:56 AM,05:40 PM,,,5.73,0.00,0.00,,5.73,0.00,,0.00,$15.75,$90.25,,$4.93,,$0.00
09/16/26,,Team Member,12:00 PM,05:45 PM,,,5.75,0.00,0.00,,5.75,0.00,,0.00,$15.75,$90.56,,$7.18,,$0.00
09/19/26,,Team Member,02:28 PM,09:45 PM,,,6.90,0.00,0.00,,6.90,0.00,,0.38,$15.75,$108.68,,$7.86,,$0.00
09/23/26,,Team Member,11:57 AM,06:00 PM,,,5.55,0.00,0.00,,5.55,0.00,,0.50,$15.75,$87.41,,$5.17,,$0.00
Totals:,,,,,,,312.17,0.00,0.00,,312.17,0.00,,11.27,"$4,916.56",,,$585.70,,$0.00
,Signature,,,,,Date,,,,Signature,,,,,,,,,Date,
,,,,,,,,,,,,,,,,,Page 1 of 1,,,
